"DATASET","SERIES_CODE","OBS_MEASURE","COUNTRY","INDICATOR","FREQUENCY","SCALE","DECIMALS_DISPLAYED","CFBL","TRANSFORMATION","UNIT","OVERLAP","COUNTRY_COVERAGE","TIME_COVERAGE","DOI","FULL_DESCRIPTION","AUTHOR","PUBLISHER","DEPARTMENT","CONTACT_POINT","TOPIC","TOPIC_DATASET","KEYWORDS","KEYWORDS_DATASET","LANGUAGE","PUBLICATION_DATE","UPDATE_DATE","METHODOLOGY","METHODOLOGY_NOTES","ACCESS_SHARING_LEVEL","ACCESS_SHARING_NOTES","SECURITY_CLASSIFICATION","SHORT_SOURCE_CITATION","FULL_SOURCE_CITATION","LICENSE","SUGGESTED_CITATION","KEY_INDICATOR","SERIES_NAME","2005","2006","2007","2008","2009","2010","2011","2012","2013","2014","2015","2016","2017","2018"
"IMF.STA:CFBL(1.0.3)","CRI.CFALTLBE_EMMNORM.A","OBS_VALUE","Costa Rica","Carbon Footprint of Bank Loans, Emissions multipliers (normalized)","Annual","Units","","","","","","","","","","","International Monetary Fund (IMF)","Statistics Department (STA)","datahelp@imf.org","","Environment and climate; Greenhouse gas emissions","","Climate Finance","English","2026-01-08T16:00:03.846448200Z","2026-01-08T16:00:03.953626900Z","","","Public (Unrestricted)","","Public or Unrestricted","","OECD (2021), OECD Inter-Country Input-Output Database, https://oe.cd/icio; International Monetary Fund (IMF), Statistics Department Questionnaire; IMF staff calculations.","© International Monetary Fund Copyright. All Rights Reserved. https://www.imf.org/external/terms.htm","International Monetary Fund. Carbon Footprint of Bank Loans,  https://data.imf.org/en/datasets/IMF.STA:CFBL. Accessed on [current date].","","","","","","232.8791238","209.5452231","173.2354946","153.1982021","137.6019094","153.2376322","145.1127411","100","99.14325542","99.38849461","99.79704382"
"IMF.STA:CFBL(1.0.3)","BRA.CFALTLBE_EMMNORM.A","OBS_VALUE","Brazil","Carbon Footprint of Bank Loans, Emissions multipliers (normalized)","Annual","Units","","","","","","","","","","","International Monetary Fund (IMF)","Statistics Department (STA)","datahelp@imf.org","","Environment and climate; Greenhouse gas emissions","","Climate Finance","English","2026-01-08T16:00:03.846448200Z","2026-01-08T16:00:03.953626900Z","","","Public (Unrestricted)","","Public or Unrestricted","","OECD (2021), OECD Inter-Country Input-Output Database, https://oe.cd/icio; International Monetary Fund (IMF), Statistics Department Questionnaire; IMF staff calculations.","© International Monetary Fund Copyright. All Rights Reserved. https://www.imf.org/external/terms.htm","International Monetary Fund. Carbon Footprint of Bank Loans,  https://data.imf.org/en/datasets/IMF.STA:CFBL. Accessed on [current date].","","","","","","","","","","58.2914565","68.62418168","78.51347678","100","86.17568575","76.8357533","73.38761782"
"IMF.STA:CFBL(1.0.3)","PHL.CFALTLBE_EMINORM.A","OBS_VALUE","Philippines","Carbon Footprint of Bank Loans, Emissions intensities (normalized)","Annual","Units","","","","","","","","","","","International Monetary Fund (IMF)","Statistics Department (STA)","datahelp@imf.org","","Environment and climate; Greenhouse gas emissions","","Climate Finance","English","2026-01-08T16:00:03.846448200Z","2026-01-08T16:00:03.953626900Z","","","Public (Unrestricted)","","Public or Unrestricted","","OECD (2021), OECD Inter-Country Input-Output Database, https://oe.cd/icio; International Monetary Fund (IMF), Statistics Department Questionnaire; IMF staff calculations.","© International Monetary Fund Copyright. All Rights Reserved. https://www.imf.org/external/terms.htm","International Monetary Fund. Carbon Footprint of Bank Loans,  https://data.imf.org/en/datasets/IMF.STA:CFBL. Accessed on [current date].","","","107.0112391","81.98429881","83.20605549","59.96225042","70.49098253","67.09200141","74.3577309","67.25642438","78.32293376","86.43255064","100","106.1481704","122.8182928","123.5055833"
"IMF.STA:CFBL(1.0.3)","CHE.CFALTLBE_EMI.A","OBS_VALUE","Switzerland","Carbon Footprint of Bank Loans, Emissions intensities","Annual","Units","","","","","","","","","","","International Monetary Fund (IMF)","Statistics Department (STA)","datahelp@imf.org","","Environment and climate; Greenhouse gas emissions","","Climate Finance","English","2026-01-08T16:00:03.846448200Z","2026-01-08T16:00:03.953626900Z","","","Public (Unrestricted)","","Public or Unrestricted","","OECD (2021), OECD Inter-Country Input-Output Database, https://oe.cd/icio; International Monetary Fund (IMF), Statistics Department Questionnaire; IMF staff calculations.","© International Monetary Fund Copyright. All Rights Reserved. https://www.imf.org/external/terms.htm","International Monetary Fund. Carbon Footprint of Bank Loans,  https://data.imf.org/en/datasets/IMF.STA:CFBL. Accessed on [current date].","","","","","","","21.41474368","21.95402009","17.54848456","17.60291477","16.34885101","13.66354744","14.88769426","15.79356757","14.47841552","13.31271654"
"IMF.STA:CFBL(1.0.3)","GRC.CFALTLBE_EMMNORM.A","OBS_VALUE","Greece","Carbon Footprint of Bank Loans, Emissions multipliers (normalized)","Annual","Units","","","","","","","","","","","International Monetary Fund (IMF)","Statistics Department (STA)","datahelp@imf.org","","Environment and climate; Greenhouse gas emissions","","Climate Finance","English","2026-01-08T16:00:03.846448200Z","2026-01-08T16:00:03.953626900Z","","","Public (Unrestricted)","","Public or Unrestricted","","OECD (2021), OECD Inter-Country Input-Output Database, https://oe.cd/icio; International Monetary Fund (IMF), Statistics Department Questionnaire; IMF staff calculations.","© International Monetary Fund Copyright. All Rights Reserved. https://www.imf.org/external/terms.htm","International Monetary Fund. Carbon Footprint of Bank Loans,  https://data.imf.org/en/datasets/IMF.STA:CFBL. Accessed on [current date].","","","","","","","","89.48391293","92.47786431","101.3302192","90.88499342","81.25048833","100","97.81153071","99.95352495","97.62459885"
"IMF.STA:CFBL(1.0.3)","TUR.CFALTLBE_EMMNORM.A","OBS_VALUE","Türkiye, Republic of","Carbon Footprint of Bank Loans, Emissions multipliers (normalized)","Annual","Units","","","","","","","","","","","International Monetary Fund (IMF)","Statistics Department (STA)","datahelp@imf.org","","Environment and climate; Greenhouse gas emissions","","Climate Finance","English","2026-01-08T16:00:03.846448200Z","2026-01-08T16:00:03.953626900Z","","","Public (Unrestricted)","","Public or Unrestricted","","OECD (2021), OECD Inter-Country Input-Output Database, https://oe.cd/icio; International Monetary Fund (IMF), Statistics Department Questionnaire; IMF staff calculations.","© International Monetary Fund Copyright. All Rights Reserved. https://www.imf.org/external/terms.htm","International Monetary Fund. Carbon Footprint of Bank Loans,  https://data.imf.org/en/datasets/IMF.STA:CFBL. Accessed on [current date].","","","69.66867087","72.07778959","64.13623016","54.90594002","70.33097424","69.26478845","74.08778125","77.33717926","74.18380423","84.43393588","100","117.3203057","122.8492965","148.8870131"
"IMF.STA:CFBL(1.0.3)","BGR.CFALTLBE_EMI.A","OBS_VALUE","Bulgaria","Carbon Footprint of Bank Loans, Emissions intensities","Annual","Units","","","","","","","","","","","International Monetary Fund (IMF)","Statistics Department (STA)","datahelp@imf.org","","Environment and climate; Greenhouse gas emissions","","Climate Finance","English","2026-01-08T16:00:03.846448200Z","2026-01-08T16:00:03.953626900Z","","","Public (Unrestricted)","","Public or Unrestricted","","OECD (2021), OECD Inter-Country Input-Output Database, https://oe.cd/icio; International Monetary Fund (IMF), Statistics Department Questionnaire; IMF staff calculations.","© International Monetary Fund Copyright. All Rights Reserved. https://www.imf.org/external/terms.htm","International Monetary Fund. Carbon Footprint of Bank Loans,  https://data.imf.org/en/datasets/IMF.STA:CFBL. Accessed on [current date].","","","","","","","219.0544095","236.521985","237.051943","286.0653411","214.5556326","277.1449012","342.1785009","324.6671216","315.4230323","274.9318939"
"IMF.STA:CFBL(1.0.3)","FRA.CFALTLBE_EMINORM.A","OBS_VALUE","France","Carbon Footprint of Bank Loans, Emissions intensities (normalized)","Annual","Units","","","","","","","","","","","International Monetary Fund (IMF)","Statistics Department (STA)","datahelp@imf.org","","Environment and climate; Greenhouse gas emissions","","Climate Finance","English","2026-01-08T16:00:03.846448200Z","2026-01-08T16:00:03.953626900Z","","","Public (Unrestricted)","","Public or Unrestricted","","OECD (2021), OECD Inter-Country Input-Output Database, https://oe.cd/icio; International Monetary Fund (IMF), Statistics Department Questionnaire; IMF staff calculations.","© International Monetary Fund Copyright. All Rights Reserved. https://www.imf.org/external/terms.htm","International Monetary Fund. Carbon Footprint of Bank Loans,  https://data.imf.org/en/datasets/IMF.STA:CFBL. Accessed on [current date].","","","","150.3639849","124.2886905","102.6704281","112.899135","109.2548327","97.38502756","101.2280396","97.23362908","89.26750239","100","96.53725253","90.90875808","84.96702223"
"IMF.STA:CFBL(1.0.3)","PRT.CFALTLBE_EMINORM.A","OBS_VALUE","Portugal","Carbon Footprint of Bank Loans, Emissions intensities (normalized)","Annual","Units","","","","","","","","","","","International Monetary Fund (IMF)","Statistics Department (STA)","datahelp@imf.org","","Environment and climate; Greenhouse gas emissions","","Climate Finance","English","2026-01-08T16:00:03.846448200Z","2026-01-08T16:00:03.953626900Z","","","Public (Unrestricted)","","Public or Unrestricted","","OECD (2021), OECD Inter-Country Input-Output Database, https://oe.cd/icio; International Monetary Fund (IMF), Statistics Department Questionnaire; IMF staff calculations.","© International Monetary Fund Copyright. All Rights Reserved. https://www.imf.org/external/terms.htm","International Monetary Fund. Carbon Footprint of Bank Loans,  https://data.imf.org/en/datasets/IMF.STA:CFBL. Accessed on [current date].","","","106.4520412","88.18223259","70.27373492","63.90545859","75.5237388","67.89689151","66.45347765","77.98269048","71.79399408","76.82641833","100","101.1159087","96.37437892","82.77689754"
"IMF.STA:CFBL(1.0.3)","KAZ.CFALTLBE_EMMNORM.A","OBS_VALUE","Kazakhstan, Republic of","Carbon Footprint of Bank Loans, Emissions multipliers (normalized)","Annual","Units","","","","","","","","","","","International Monetary Fund (IMF)","Statistics Department (STA)","datahelp@imf.org","","Environment and climate; Greenhouse gas emissions","","Climate Finance","English","2026-01-08T16:00:03.846448200Z","2026-01-08T16:00:03.953626900Z","","","Public (Unrestricted)","","Public or Unrestricted","","OECD (2021), OECD Inter-Country Input-Output Database, https://oe.cd/icio; International Monetary Fund (IMF), Statistics Department Questionnaire; IMF staff calculations.","© International Monetary Fund Copyright. All Rights Reserved. https://www.imf.org/external/terms.htm","International Monetary Fund. Carbon Footprint of Bank Loans,  https://data.imf.org/en/datasets/IMF.STA:CFBL. Accessed on [current date].","","","","","","","","","100.7135989","83.72064882","87.47077464","84.33266091","100","154.6219423","181.509419","170.7903218"
"IMF.STA:CFBL(1.0.3)","DNK.CFALTLBE_EMMNORM.A","OBS_VALUE","Denmark","Carbon Footprint of Bank Loans, Emissions multipliers (normalized)","Annual","Units","","","","","","","","","","","International Monetary Fund (IMF)","Statistics Department (STA)","datahelp@imf.org","","Environment and climate; Greenhouse gas emissions","","Climate Finance","English","2026-01-08T16:00:03.846448200Z","2026-01-08T16:00:03.953626900Z","","","Public (Unrestricted)","","Public or Unrestricted","","OECD (2021), OECD Inter-Country Input-Output Database, https://oe.cd/icio; International Monetary Fund (IMF), Statistics Department Questionnaire; IMF staff calculations.","© International Monetary Fund Copyright. All Rights Reserved. https://www.imf.org/external/terms.htm","International Monetary Fund. Carbon Footprint of Bank Loans,  https://data.imf.org/en/datasets/IMF.STA:CFBL. Accessed on [current date].","","","","","","","","","","","145.83176","88.17424784","100","96.2895357","90.44298088","85.91061295"
"IMF.STA:CFBL(1.0.3)","ITA.CFALTLBE_EMINORM.A","OBS_VALUE","Italy","Carbon Footprint of Bank Loans, Emissions intensities (normalized)","Annual","Units","","","","","","","","","","","International Monetary Fund (IMF)","Statistics Department (STA)","datahelp@imf.org","","Environment and climate; Greenhouse gas emissions","","Climate Finance","English","2026-01-08T16:00:03.846448200Z","2026-01-08T16:00:03.953626900Z","","","Public (Unrestricted)","","Public or Unrestricted","","OECD (2021), OECD Inter-Country Input-Output Database, https://oe.cd/icio; International Monetary Fund (IMF), Statistics Department Questionnaire; IMF staff calculations.","© International Monetary Fund Copyright. All Rights Reserved. https://www.imf.org/external/terms.htm","International Monetary Fund. Carbon Footprint of Bank Loans,  https://data.imf.org/en/datasets/IMF.STA:CFBL. Accessed on [current date].","","","","","","","","100.6220869","97.30538447","104.8613506","87.72728676","86.31222582","100","96.13799473","93.81201748","83.76537891"
"IMF.STA:CFBL(1.0.3)","GRC.CFALTLBE_EMM.A","OBS_VALUE","Greece","Carbon Footprint of Bank Loans, Emissions multipliers","Annual","Units","","","","","","","","","","","International Monetary Fund (IMF)","Statistics Department (STA)","datahelp@imf.org","","Environment and climate; Greenhouse gas emissions","","Climate Finance","English","2026-01-08T16:00:03.846448200Z","2026-01-08T16:00:03.953626900Z","","","Public (Unrestricted)","","Public or Unrestricted","","OECD (2021), OECD Inter-Country Input-Output Database, https://oe.cd/icio; International Monetary Fund (IMF), Statistics Department Questionnaire; IMF staff calculations.","© International Monetary Fund Copyright. All Rights Reserved. https://www.imf.org/external/terms.htm","International Monetary Fund. Carbon Footprint of Bank Loans,  https://data.imf.org/en/datasets/IMF.STA:CFBL. Accessed on [current date].","","","","","","","","295.4719722","305.3578689","334.5879581","300.0982788","268.2855638","330.1956324","322.9694024","330.0421738","322.3521616"
"IMF.STA:CFBL(1.0.3)","CHE.CFALTLBE_EMM.A","OBS_VALUE","Switzerland","Carbon Footprint of Bank Loans, Emissions multipliers","Annual","Units","","","","","","","","","","","International Monetary Fund (IMF)","Statistics Department (STA)","datahelp@imf.org","","Environment and climate; Greenhouse gas emissions","","Climate Finance","English","2026-01-08T16:00:03.846448200Z","2026-01-08T16:00:03.953626900Z","","","Public (Unrestricted)","","Public or Unrestricted","","OECD (2021), OECD Inter-Country Input-Output Database, https://oe.cd/icio; International Monetary Fund (IMF), Statistics Department Questionnaire; IMF staff calculations.","© International Monetary Fund Copyright. All Rights Reserved. https://www.imf.org/external/terms.htm","International Monetary Fund. Carbon Footprint of Bank Loans,  https://data.imf.org/en/datasets/IMF.STA:CFBL. Accessed on [current date].","","","","","","","42.61850334","43.89386483","35.25800937","36.07675189","33.01070519","28.76766332","30.98124184","32.78026035","30.50249249","28.52818461"
"IMF.STA:CFBL(1.0.3)","NLD.CFALTLBE_EMMNORM.A","OBS_VALUE","Netherlands, The","Carbon Footprint of Bank Loans, Emissions multipliers (normalized)","Annual","Units","","","","","","","","","","","International Monetary Fund (IMF)","Statistics Department (STA)","datahelp@imf.org","","Environment and climate; Greenhouse gas emissions","","Climate Finance","English","2026-01-08T16:00:03.846448200Z","2026-01-08T16:00:03.953626900Z","","","Public (Unrestricted)","","Public or Unrestricted","","OECD (2021), OECD Inter-Country Input-Output Database, https://oe.cd/icio; International Monetary Fund (IMF), Statistics Department Questionnaire; IMF staff calculations.","© International Monetary Fund Copyright. All Rights Reserved. https://www.imf.org/external/terms.htm","International Monetary Fund. Carbon Footprint of Bank Loans,  https://data.imf.org/en/datasets/IMF.STA:CFBL. Accessed on [current date].","","","","","","","","","","","","","100","105.9276093","95.98204675","83.77299658"
"IMF.STA:CFBL(1.0.3)","LTU.CFALTLBE_EMM.A","OBS_VALUE","Lithuania, Republic of","Carbon Footprint of Bank Loans, Emissions multipliers","Annual","Units","","","","","","","","","","","International Monetary Fund (IMF)","Statistics Department (STA)","datahelp@imf.org","","Environment and climate; Greenhouse gas emissions","","Climate Finance","English","2026-01-08T16:00:03.846448200Z","2026-01-08T16:00:03.953626900Z","","","Public (Unrestricted)","","Public or Unrestricted","","OECD (2021), OECD Inter-Country Input-Output Database, https://oe.cd/icio; International Monetary Fund (IMF), Statistics Department Questionnaire; IMF staff calculations.","© International Monetary Fund Copyright. All Rights Reserved. https://www.imf.org/external/terms.htm","International Monetary Fund. Carbon Footprint of Bank Loans,  https://data.imf.org/en/datasets/IMF.STA:CFBL. Accessed on [current date].","","","252.6201539","215.592073","179.2685515","135.5614672","166.1941192","163.8594981","146.651051","173.278886","155.3586593","147.1133193","185.8836259","147.4917674","103.0045505","86.00358185"
"IMF.STA:CFBL(1.0.3)","SVN.CFALTLBE_EMMNORM.A","OBS_VALUE","Slovenia, Republic of","Carbon Footprint of Bank Loans, Emissions multipliers (normalized)","Annual","Units","","","","","","","","","","","International Monetary Fund (IMF)","Statistics Department (STA)","datahelp@imf.org","","Environment and climate; Greenhouse gas emissions","","Climate Finance","English","2026-01-08T16:00:03.846448200Z","2026-01-08T16:00:03.953626900Z","","","Public (Unrestricted)","","Public or Unrestricted","","OECD (2021), OECD Inter-Country Input-Output Database, https://oe.cd/icio; International Monetary Fund (IMF), Statistics Department Questionnaire; IMF staff calculations.","© International Monetary Fund Copyright. All Rights Reserved. https://www.imf.org/external/terms.htm","International Monetary Fund. Carbon Footprint of Bank Loans,  https://data.imf.org/en/datasets/IMF.STA:CFBL. Accessed on [current date].","","","","113.3033363","102.8659254","87.66517435","93.86394329","93.25420654","83.42335753","95.16478281","88.07571797","79.27847424","100","89.48349297","82.60402961","77.72845041"
"IMF.STA:CFBL(1.0.3)","CHE.CFALTLBE_EMMNORM.A","OBS_VALUE","Switzerland","Carbon Footprint of Bank Loans, Emissions multipliers (normalized)","Annual","Units","","","","","","","","","","","International Monetary Fund (IMF)","Statistics Department (STA)","datahelp@imf.org","","Environment and climate; Greenhouse gas emissions","","Climate Finance","English","2026-01-08T16:00:03.846448200Z","2026-01-08T16:00:03.953626900Z","","","Public (Unrestricted)","","Public or Unrestricted","","OECD (2021), OECD Inter-Country Input-Output Database, https://oe.cd/icio; International Monetary Fund (IMF), Statistics Department Questionnaire; IMF staff calculations.","© International Monetary Fund Copyright. All Rights Reserved. https://www.imf.org/external/terms.htm","International Monetary Fund. Carbon Footprint of Bank Loans,  https://data.imf.org/en/datasets/IMF.STA:CFBL. Accessed on [current date].","","","","","","","137.5622822","141.6788425","113.8043774","116.4470814","106.5506198","92.85510073","100","105.8067992","98.4547122","92.08212102"
"IMF.STA:CFBL(1.0.3)","GRC.CFALTLBE_EMI.A","OBS_VALUE","Greece","Carbon Footprint of Bank Loans, Emissions intensities","Annual","Units","","","","","","","","","","","International Monetary Fund (IMF)","Statistics Department (STA)","datahelp@imf.org","","Environment and climate; Greenhouse gas emissions","","Climate Finance","English","2026-01-08T16:00:03.846448200Z","2026-01-08T16:00:03.953626900Z","","","Public (Unrestricted)","","Public or Unrestricted","","OECD (2021), OECD Inter-Country Input-Output Database, https://oe.cd/icio; International Monetary Fund (IMF), Statistics Department Questionnaire; IMF staff calculations.","© International Monetary Fund Copyright. All Rights Reserved. https://www.imf.org/external/terms.htm","International Monetary Fund. Carbon Footprint of Bank Loans,  https://data.imf.org/en/datasets/IMF.STA:CFBL. Accessed on [current date].","","","","","","","","183.6517801","192.0596973","200.9375046","171.6891852","151.207067","188.6417242","187.4382636","185.0056489","187.5568756"
"IMF.STA:CFBL(1.0.3)","FRA.CFALTLBE_EMI.A","OBS_VALUE","France","Carbon Footprint of Bank Loans, Emissions intensities","Annual","Units","","","","","","","","","","","International Monetary Fund (IMF)","Statistics Department (STA)","datahelp@imf.org","","Environment and climate; Greenhouse gas emissions","","Climate Finance","English","2026-01-08T16:00:03.846448200Z","2026-01-08T16:00:03.953626900Z","","","Public (Unrestricted)","","Public or Unrestricted","","OECD (2021), OECD Inter-Country Input-Output Database, https://oe.cd/icio; International Monetary Fund (IMF), Statistics Department Questionnaire; IMF staff calculations.","© International Monetary Fund Copyright. All Rights Reserved. https://www.imf.org/external/terms.htm","International Monetary Fund. Carbon Footprint of Bank Loans,  https://data.imf.org/en/datasets/IMF.STA:CFBL. Accessed on [current date].","","","","48.91388042","40.4315046","33.39901536","36.72644612","35.54094303","31.67965785","32.92980183","31.63040744","29.0390012","32.53031666","31.40387394","29.57290688","27.64004139"
"IMF.STA:CFBL(1.0.3)","IRL.CFALTLBE_EMM.A","OBS_VALUE","Ireland","Carbon Footprint of Bank Loans, Emissions multipliers","Annual","Units","","","","","","","","","","","International Monetary Fund (IMF)","Statistics Department (STA)","datahelp@imf.org","","Environment and climate; Greenhouse gas emissions","","Climate Finance","English","2026-01-08T16:00:03.846448200Z","2026-01-08T16:00:03.953626900Z","","","Public (Unrestricted)","","Public or Unrestricted","","OECD (2021), OECD Inter-Country Input-Output Database, https://oe.cd/icio; International Monetary Fund (IMF), Statistics Department Questionnaire; IMF staff calculations.","© International Monetary Fund Copyright. All Rights Reserved. https://www.imf.org/external/terms.htm","International Monetary Fund. Carbon Footprint of Bank Loans,  https://data.imf.org/en/datasets/IMF.STA:CFBL. Accessed on [current date].","","","104.2196079","88.12498969","75.92861573","58.5444496","62.45084405","55.09132451","48.67785431","48.54871798","48.57366848","51.02406303","68.55777552","74.35089816","67.51843662","78.41495551"
"IMF.STA:CFBL(1.0.3)","IRL.CFALTLBE_EMI.A","OBS_VALUE","Ireland","Carbon Footprint of Bank Loans, Emissions intensities","Annual","Units","","","","","","","","","","","International Monetary Fund (IMF)","Statistics Department (STA)","datahelp@imf.org","","Environment and climate; Greenhouse gas emissions","","Climate Finance","English","2026-01-08T16:00:03.846448200Z","2026-01-08T16:00:03.953626900Z","","","Public (Unrestricted)","","Public or Unrestricted","","OECD (2021), OECD Inter-Country Input-Output Database, https://oe.cd/icio; International Monetary Fund (IMF), Statistics Department Questionnaire; IMF staff calculations.","© International Monetary Fund Copyright. All Rights Reserved. https://www.imf.org/external/terms.htm","International Monetary Fund. Carbon Footprint of Bank Loans,  https://data.imf.org/en/datasets/IMF.STA:CFBL. Accessed on [current date].","","","52.75280225","41.61273765","32.94500412","24.96360206","26.46501441","23.5446376","22.26402111","19.89444788","19.80038155","23.09076265","38.90313929","44.86657976","39.67226881","49.95543436"
"IMF.STA:CFBL(1.0.3)","CZE.CFALTLBE_EMI.A","OBS_VALUE","Czech Republic","Carbon Footprint of Bank Loans, Emissions intensities","Annual","Units","","","","","","","","","","","International Monetary Fund (IMF)","Statistics Department (STA)","datahelp@imf.org","","Environment and climate; Greenhouse gas emissions","","Climate Finance","English","2026-01-08T16:00:03.846448200Z","2026-01-08T16:00:03.953626900Z","","","Public (Unrestricted)","","Public or Unrestricted","","OECD (2021), OECD Inter-Country Input-Output Database, https://oe.cd/icio; International Monetary Fund (IMF), Statistics Department Questionnaire; IMF staff calculations.","© International Monetary Fund Copyright. All Rights Reserved. https://www.imf.org/external/terms.htm","International Monetary Fund. Carbon Footprint of Bank Loans,  https://data.imf.org/en/datasets/IMF.STA:CFBL. Accessed on [current date].","","","257.7412956","176.8611157","173.0764771","117.5311118","151.3488485","172.6090792","166.4052739","177.5153496","196.9957763","231.2852652","247.5015239","247.2566708","226.1273721","186.2580518"
"IMF.STA:CFBL(1.0.3)","HRV.CFALTLBE_EMMNORM.A","OBS_VALUE","Croatia, Republic of","Carbon Footprint of Bank Loans, Emissions multipliers (normalized)","Annual","Units","","","","","","","","","","","International Monetary Fund (IMF)","Statistics Department (STA)","datahelp@imf.org","","Environment and climate; Greenhouse gas emissions","","Climate Finance","English","2026-01-08T16:00:03.846448200Z","2026-01-08T16:00:03.953626900Z","","","Public (Unrestricted)","","Public or Unrestricted","","OECD (2021), OECD Inter-Country Input-Output Database, https://oe.cd/icio; International Monetary Fund (IMF), Statistics Department Questionnaire; IMF staff calculations.","© International Monetary Fund Copyright. All Rights Reserved. https://www.imf.org/external/terms.htm","International Monetary Fund. Carbon Footprint of Bank Loans,  https://data.imf.org/en/datasets/IMF.STA:CFBL. Accessed on [current date].","","","","","","","","101.4999261","97.45500372","100.4403162","97.15587233","89.01179017","100","111.6341987","106.7934966","91.36008103"
"IMF.STA:CFBL(1.0.3)","BEL.CFALTLBE_EMINORM.A","OBS_VALUE","Belgium","Carbon Footprint of Bank Loans, Emissions intensities (normalized)","Annual","Units","","","","","","","","","","","International Monetary Fund (IMF)","Statistics Department (STA)","datahelp@imf.org","","Environment and climate; Greenhouse gas emissions","","Climate Finance","English","2026-01-08T16:00:03.846448200Z","2026-01-08T16:00:03.953626900Z","","","Public (Unrestricted)","","Public or Unrestricted","","OECD (2021), OECD Inter-Country Input-Output Database, https://oe.cd/icio; International Monetary Fund (IMF), Statistics Department Questionnaire; IMF staff calculations.","© International Monetary Fund Copyright. All Rights Reserved. https://www.imf.org/external/terms.htm","International Monetary Fund. Carbon Footprint of Bank Loans,  https://data.imf.org/en/datasets/IMF.STA:CFBL. Accessed on [current date].","","","","","","","","","","99.41026047","83.54672423","80.90562439","100","85.90490495","87.53691822","78.91843431"
"IMF.STA:CFBL(1.0.3)","ESP.CFALTLBE_EMINORM.A","OBS_VALUE","Spain","Carbon Footprint of Bank Loans, Emissions intensities (normalized)","Annual","Units","","","","","","","","","","","International Monetary Fund (IMF)","Statistics Department (STA)","datahelp@imf.org","","Environment and climate; Greenhouse gas emissions","","Climate Finance","English","2026-01-08T16:00:03.846448200Z","2026-01-08T16:00:03.953626900Z","","","Public (Unrestricted)","","Public or Unrestricted","","OECD (2021), OECD Inter-Country Input-Output Database, https://oe.cd/icio; International Monetary Fund (IMF), Statistics Department Questionnaire; IMF staff calculations.","© International Monetary Fund Copyright. All Rights Reserved. https://www.imf.org/external/terms.htm","International Monetary Fund. Carbon Footprint of Bank Loans,  https://data.imf.org/en/datasets/IMF.STA:CFBL. Accessed on [current date].","","","","","","","","","","","","70.01307121","100","159.1447432","129.5313381","109.9866133"
"IMF.STA:CFBL(1.0.3)","LTU.CFALTLBE_EMINORM.A","OBS_VALUE","Lithuania, Republic of","Carbon Footprint of Bank Loans, Emissions intensities (normalized)","Annual","Units","","","","","","","","","","","International Monetary Fund (IMF)","Statistics Department (STA)","datahelp@imf.org","","Environment and climate; Greenhouse gas emissions","","Climate Finance","English","2026-01-08T16:00:03.846448200Z","2026-01-08T16:00:03.953626900Z","","","Public (Unrestricted)","","Public or Unrestricted","","OECD (2021), OECD Inter-Country Input-Output Database, https://oe.cd/icio; International Monetary Fund (IMF), Statistics Department Questionnaire; IMF staff calculations.","© International Monetary Fund Copyright. All Rights Reserved. https://www.imf.org/external/terms.htm","International Monetary Fund. Carbon Footprint of Bank Loans,  https://data.imf.org/en/datasets/IMF.STA:CFBL. Accessed on [current date].","","","102.435251","88.70578935","85.42469433","59.35160373","66.7246924","67.33509751","70.07267047","88.70111291","79.49101603","76.98343392","100","78.23768978","51.71752172","43.33376199"
"IMF.STA:CFBL(1.0.3)","FRA.CFALTLBE_EMM.A","OBS_VALUE","France","Carbon Footprint of Bank Loans, Emissions multipliers","Annual","Units","","","","","","","","","","","International Monetary Fund (IMF)","Statistics Department (STA)","datahelp@imf.org","","Environment and climate; Greenhouse gas emissions","","Climate Finance","English","2026-01-08T16:00:03.846448200Z","2026-01-08T16:00:03.953626900Z","","","Public (Unrestricted)","","Public or Unrestricted","","OECD (2021), OECD Inter-Country Input-Output Database, https://oe.cd/icio; International Monetary Fund (IMF), Statistics Department Questionnaire; IMF staff calculations.","© International Monetary Fund Copyright. All Rights Reserved. https://www.imf.org/external/terms.htm","International Monetary Fund. Carbon Footprint of Bank Loans,  https://data.imf.org/en/datasets/IMF.STA:CFBL. Accessed on [current date].","","","","85.60235673","71.8908834","61.03747445","67.51077747","68.6688913","61.89340969","66.12349086","61.59382288","54.61792806","62.03191936","61.84014048","60.72429726","52.19983496"
"IMF.STA:CFBL(1.0.3)","EST.CFALTLBE_EMINORM.A","OBS_VALUE","Estonia, Republic of","Carbon Footprint of Bank Loans, Emissions intensities (normalized)","Annual","Units","","","","","","","","","","","International Monetary Fund (IMF)","Statistics Department (STA)","datahelp@imf.org","","Environment and climate; Greenhouse gas emissions","","Climate Finance","English","2026-01-08T16:00:03.846448200Z","2026-01-08T16:00:03.953626900Z","","","Public (Unrestricted)","","Public or Unrestricted","","OECD (2021), OECD Inter-Country Input-Output Database, https://oe.cd/icio; International Monetary Fund (IMF), Statistics Department Questionnaire; IMF staff calculations.","© International Monetary Fund Copyright. All Rights Reserved. https://www.imf.org/external/terms.htm","International Monetary Fund. Carbon Footprint of Bank Loans,  https://data.imf.org/en/datasets/IMF.STA:CFBL. Accessed on [current date].","","","","","","62.01378524","74.54281959","119.7137705","72.0328553","94.88106356","87.77693287","82.53939646","100","70.33337969","65.4186918","69.21913879"
"IMF.STA:CFBL(1.0.3)","BGR.CFALTLBE_EMM.A","OBS_VALUE","Bulgaria","Carbon Footprint of Bank Loans, Emissions multipliers","Annual","Units","","","","","","","","","","","International Monetary Fund (IMF)","Statistics Department (STA)","datahelp@imf.org","","Environment and climate; Greenhouse gas emissions","","Climate Finance","English","2026-01-08T16:00:03.846448200Z","2026-01-08T16:00:03.953626900Z","","","Public (Unrestricted)","","Public or Unrestricted","","OECD (2021), OECD Inter-Country Input-Output Database, https://oe.cd/icio; International Monetary Fund (IMF), Statistics Department Questionnaire; IMF staff calculations.","© International Monetary Fund Copyright. All Rights Reserved. https://www.imf.org/external/terms.htm","International Monetary Fund. Carbon Footprint of Bank Loans,  https://data.imf.org/en/datasets/IMF.STA:CFBL. Accessed on [current date].","","","","","","","514.2731449","605.4689448","620.961106","613.0394437","508.6806711","542.8862154","643.784758","581.7578031","550.7198422","456.9417644"
"IMF.STA:CFBL(1.0.3)","IRL.CFALTLBE_EMMNORM.A","OBS_VALUE","Ireland","Carbon Footprint of Bank Loans, Emissions multipliers (normalized)","Annual","Units","","","","","","","","","","","International Monetary Fund (IMF)","Statistics Department (STA)","datahelp@imf.org","","Environment and climate; Greenhouse gas emissions","","Climate Finance","English","2026-01-08T16:00:03.846448200Z","2026-01-08T16:00:03.953626900Z","","","Public (Unrestricted)","","Public or Unrestricted","","OECD (2021), OECD Inter-Country Input-Output Database, https://oe.cd/icio; International Monetary Fund (IMF), Statistics Department Questionnaire; IMF staff calculations.","© International Monetary Fund Copyright. All Rights Reserved. https://www.imf.org/external/terms.htm","International Monetary Fund. Carbon Footprint of Bank Loans,  https://data.imf.org/en/datasets/IMF.STA:CFBL. Accessed on [current date].","","","152.0171958","128.5412034","110.7512826","85.39432495","91.09228468","80.35751465","71.00267467","70.81431335","70.85070675","74.42491045","100","108.4499863","98.48399559","114.3779169"
"IMF.STA:CFBL(1.0.3)","TUR.CFALTLBE_EMM.A","OBS_VALUE","Türkiye, Republic of","Carbon Footprint of Bank Loans, Emissions multipliers","Annual","Units","","","","","","","","","","","International Monetary Fund (IMF)","Statistics Department (STA)","datahelp@imf.org","","Environment and climate; Greenhouse gas emissions","","Climate Finance","English","2026-01-08T16:00:03.846448200Z","2026-01-08T16:00:03.953626900Z","","","Public (Unrestricted)","","Public or Unrestricted","","OECD (2021), OECD Inter-Country Input-Output Database, https://oe.cd/icio; International Monetary Fund (IMF), Statistics Department Questionnaire; IMF staff calculations.","© International Monetary Fund Copyright. All Rights Reserved. https://www.imf.org/external/terms.htm","International Monetary Fund. Carbon Footprint of Bank Loans,  https://data.imf.org/en/datasets/IMF.STA:CFBL. Accessed on [current date].","","","403.1649518","417.1062574","371.1493246","317.7346487","406.9976287","400.8277285","428.7378585","447.5417682","429.293533","488.6099198","578.6890244","678.9197327","710.9153952","861.5928036"
"IMF.STA:CFBL(1.0.3)","KOR.CFALTLBE_EMM.A","OBS_VALUE","Korea, Republic of","Carbon Footprint of Bank Loans, Emissions multipliers","Annual","Units","","","","","","","","","","","International Monetary Fund (IMF)","Statistics Department (STA)","datahelp@imf.org","","Environment and climate; Greenhouse gas emissions","","Climate Finance","English","2026-01-08T16:00:03.846448200Z","2026-01-08T16:00:03.953626900Z","","","Public (Unrestricted)","","Public or Unrestricted","","OECD (2021), OECD Inter-Country Input-Output Database, https://oe.cd/icio; International Monetary Fund (IMF), Statistics Department Questionnaire; IMF staff calculations.","© International Monetary Fund Copyright. All Rights Reserved. https://www.imf.org/external/terms.htm","International Monetary Fund. Carbon Footprint of Bank Loans,  https://data.imf.org/en/datasets/IMF.STA:CFBL. Accessed on [current date].","","","","","","340.5898432","423.4156479","360.7838597","328.1031661","334.3413427","320.1850736","296.062749","329.1159952","334.4815551","307.6085139","288.8650049"
"IMF.STA:CFBL(1.0.3)","ITA.CFALTLBE_EMM.A","OBS_VALUE","Italy","Carbon Footprint of Bank Loans, Emissions multipliers","Annual","Units","","","","","","","","","","","International Monetary Fund (IMF)","Statistics Department (STA)","datahelp@imf.org","","Environment and climate; Greenhouse gas emissions","","Climate Finance","English","2026-01-08T16:00:03.846448200Z","2026-01-08T16:00:03.953626900Z","","","Public (Unrestricted)","","Public or Unrestricted","","OECD (2021), OECD Inter-Country Input-Output Database, https://oe.cd/icio; International Monetary Fund (IMF), Statistics Department Questionnaire; IMF staff calculations.","© International Monetary Fund Copyright. All Rights Reserved. https://www.imf.org/external/terms.htm","International Monetary Fund. Carbon Footprint of Bank Loans,  https://data.imf.org/en/datasets/IMF.STA:CFBL. Accessed on [current date].","","","","","","","","172.3924458","164.0969056","171.8679878","147.0688361","142.746611","166.0025993","161.2065244","159.6406307","142.0909318"
"IMF.STA:CFBL(1.0.3)","TUR.CFALTLBE_EMI.A","OBS_VALUE","Türkiye, Republic of","Carbon Footprint of Bank Loans, Emissions intensities","Annual","Units","","","","","","","","","","","International Monetary Fund (IMF)","Statistics Department (STA)","datahelp@imf.org","","Environment and climate; Greenhouse gas emissions","","Climate Finance","English","2026-01-08T16:00:03.846448200Z","2026-01-08T16:00:03.953626900Z","","","Public (Unrestricted)","","Public or Unrestricted","","OECD (2021), OECD Inter-Country Input-Output Database, https://oe.cd/icio; International Monetary Fund (IMF), Statistics Department Questionnaire; IMF staff calculations.","© International Monetary Fund Copyright. All Rights Reserved. https://www.imf.org/external/terms.htm","International Monetary Fund. Carbon Footprint of Bank Loans,  https://data.imf.org/en/datasets/IMF.STA:CFBL. Accessed on [current date].","","","160.4251812","177.7468122","152.3915951","123.7923484","157.4363322","162.4602595","176.8024194","184.2652505","176.5075076","195.1229065","232.092808","267.7643466","286.8460538","358.5472782"
"IMF.STA:CFBL(1.0.3)","ITA.CFALTLBE_EMI.A","OBS_VALUE","Italy","Carbon Footprint of Bank Loans, Emissions intensities","Annual","Units","","","","","","","","","","","International Monetary Fund (IMF)","Statistics Department (STA)","datahelp@imf.org","","Environment and climate; Greenhouse gas emissions","","Climate Finance","English","2026-01-08T16:00:03.846448200Z","2026-01-08T16:00:03.953626900Z","","","Public (Unrestricted)","","Public or Unrestricted","","OECD (2021), OECD Inter-Country Input-Output Database, https://oe.cd/icio; International Monetary Fund (IMF), Statistics Department Questionnaire; IMF staff calculations.","© International Monetary Fund Copyright. All Rights Reserved. https://www.imf.org/external/terms.htm","International Monetary Fund. Carbon Footprint of Bank Loans,  https://data.imf.org/en/datasets/IMF.STA:CFBL. Accessed on [current date].","","","","","","","","79.26192667","76.64929727","82.60127516","69.104448","67.98977765","78.77189703","75.72972222","73.89750582","65.98357803"
"IMF.STA:CFBL(1.0.3)","CZE.CFALTLBE_EMMNORM.A","OBS_VALUE","Czech Republic","Carbon Footprint of Bank Loans, Emissions multipliers (normalized)","Annual","Units","","","","","","","","","","","International Monetary Fund (IMF)","Statistics Department (STA)","datahelp@imf.org","","Environment and climate; Greenhouse gas emissions","","Climate Finance","English","2026-01-08T16:00:03.846448200Z","2026-01-08T16:00:03.953626900Z","","","Public (Unrestricted)","","Public or Unrestricted","","OECD (2021), OECD Inter-Country Input-Output Database, https://oe.cd/icio; International Monetary Fund (IMF), Statistics Department Questionnaire; IMF staff calculations.","© International Monetary Fund Copyright. All Rights Reserved. https://www.imf.org/external/terms.htm","International Monetary Fund. Carbon Footprint of Bank Loans,  https://data.imf.org/en/datasets/IMF.STA:CFBL. Accessed on [current date].","","","128.9989975","101.865163","91.04862822","66.89611366","76.98489586","81.50558375","76.41040005","79.29673635","83.58823741","89.89293673","100","99.12196246","90.43895217","75.22489009"
"IMF.STA:CFBL(1.0.3)","EST.CFALTLBE_EMMNORM.A","OBS_VALUE","Estonia, Republic of","Carbon Footprint of Bank Loans, Emissions multipliers (normalized)","Annual","Units","","","","","","","","","","","International Monetary Fund (IMF)","Statistics Department (STA)","datahelp@imf.org","","Environment and climate; Greenhouse gas emissions","","Climate Finance","English","2026-01-08T16:00:03.846448200Z","2026-01-08T16:00:03.953626900Z","","","Public (Unrestricted)","","Public or Unrestricted","","OECD (2021), OECD Inter-Country Input-Output Database, https://oe.cd/icio; International Monetary Fund (IMF), Statistics Department Questionnaire; IMF staff calculations.","© International Monetary Fund Copyright. All Rights Reserved. https://www.imf.org/external/terms.htm","International Monetary Fund. Carbon Footprint of Bank Loans,  https://data.imf.org/en/datasets/IMF.STA:CFBL. Accessed on [current date].","","","","","","76.4148998","87.80310018","127.819783","83.06212386","98.56477942","94.65188022","88.38344882","100","77.99059063","73.08824038","68.5373867"
"IMF.STA:CFBL(1.0.3)","ESP.CFALTLBE_EMMNORM.A","OBS_VALUE","Spain","Carbon Footprint of Bank Loans, Emissions multipliers (normalized)","Annual","Units","","","","","","","","","","","International Monetary Fund (IMF)","Statistics Department (STA)","datahelp@imf.org","","Environment and climate; Greenhouse gas emissions","","Climate Finance","English","2026-01-08T16:00:03.846448200Z","2026-01-08T16:00:03.953626900Z","","","Public (Unrestricted)","","Public or Unrestricted","","OECD (2021), OECD Inter-Country Input-Output Database, https://oe.cd/icio; International Monetary Fund (IMF), Statistics Department Questionnaire; IMF staff calculations.","© International Monetary Fund Copyright. All Rights Reserved. https://www.imf.org/external/terms.htm","International Monetary Fund. Carbon Footprint of Bank Loans,  https://data.imf.org/en/datasets/IMF.STA:CFBL. Accessed on [current date].","","","","","","","","","","","","75.0291064","100","129.0728636","113.6784856","98.21583311"
"IMF.STA:CFBL(1.0.3)","PHL.CFALTLBE_EMI.A","OBS_VALUE","Philippines","Carbon Footprint of Bank Loans, Emissions intensities","Annual","Units","","","","","","","","","","","International Monetary Fund (IMF)","Statistics Department (STA)","datahelp@imf.org","","Environment and climate; Greenhouse gas emissions","","Climate Finance","English","2026-01-08T16:00:03.846448200Z","2026-01-08T16:00:03.953626900Z","","","Public (Unrestricted)","","Public or Unrestricted","","OECD (2021), OECD Inter-Country Input-Output Database, https://oe.cd/icio; International Monetary Fund (IMF), Statistics Department Questionnaire; IMF staff calculations.","© International Monetary Fund Copyright. All Rights Reserved. https://www.imf.org/external/terms.htm","International Monetary Fund. Carbon Footprint of Bank Loans,  https://data.imf.org/en/datasets/IMF.STA:CFBL. Accessed on [current date].","","","411.2086505","315.0384311","319.7332362","230.4150132","270.8734339","257.8122783","285.7320636","258.4441012","300.9690212","332.1315855","384.2667872","407.8921643","471.949908","474.5909372"
"IMF.STA:CFBL(1.0.3)","SVK.CFALTLBE_EMMNORM.A","OBS_VALUE","Slovak Republic","Carbon Footprint of Bank Loans, Emissions multipliers (normalized)","Annual","Units","","","","","","","","","","","International Monetary Fund (IMF)","Statistics Department (STA)","datahelp@imf.org","","Environment and climate; Greenhouse gas emissions","","Climate Finance","English","2026-01-08T16:00:03.846448200Z","2026-01-08T16:00:03.953626900Z","","","Public (Unrestricted)","","Public or Unrestricted","","OECD (2021), OECD Inter-Country Input-Output Database, https://oe.cd/icio; International Monetary Fund (IMF), Statistics Department Questionnaire; IMF staff calculations.","© International Monetary Fund Copyright. All Rights Reserved. https://www.imf.org/external/terms.htm","International Monetary Fund. Carbon Footprint of Bank Loans,  https://data.imf.org/en/datasets/IMF.STA:CFBL. Accessed on [current date].","","","","159.6315952","113.18681","84.10821457","91.41223656","94.88775228","90.51720139","87.99642695","86.17771289","76.30615969","100","92.00645062","86.81777348","78.27009676"
"IMF.STA:CFBL(1.0.3)","CZE.CFALTLBE_EMM.A","OBS_VALUE","Czech Republic","Carbon Footprint of Bank Loans, Emissions multipliers","Annual","Units","","","","","","","","","","","International Monetary Fund (IMF)","Statistics Department (STA)","datahelp@imf.org","","Environment and climate; Greenhouse gas emissions","","Climate Finance","English","2026-01-08T16:00:03.846448200Z","2026-01-08T16:00:03.953626900Z","","","Public (Unrestricted)","","Public or Unrestricted","","OECD (2021), OECD Inter-Country Input-Output Database, https://oe.cd/icio; International Monetary Fund (IMF), Statistics Department Questionnaire; IMF staff calculations.","© International Monetary Fund Copyright. All Rights Reserved. https://www.imf.org/external/terms.htm","International Monetary Fund. Carbon Footprint of Bank Loans,  https://data.imf.org/en/datasets/IMF.STA:CFBL. Accessed on [current date].","","","550.5612252","434.7553859","388.5909601","285.5092443","328.5676587","347.8617269","326.1157395","338.4344774","356.7503878","383.6585271","426.7949641","423.0475441","385.9888935","321.0560427"
"IMF.STA:CFBL(1.0.3)","PHL.CFALTLBE_EMM.A","OBS_VALUE","Philippines","Carbon Footprint of Bank Loans, Emissions multipliers","Annual","Units","","","","","","","","","","","International Monetary Fund (IMF)","Statistics Department (STA)","datahelp@imf.org","","Environment and climate; Greenhouse gas emissions","","Climate Finance","English","2026-01-08T16:00:03.846448200Z","2026-01-08T16:00:03.953626900Z","","","Public (Unrestricted)","","Public or Unrestricted","","OECD (2021), OECD Inter-Country Input-Output Database, https://oe.cd/icio; International Monetary Fund (IMF), Statistics Department Questionnaire; IMF staff calculations.","© International Monetary Fund Copyright. All Rights Reserved. https://www.imf.org/external/terms.htm","International Monetary Fund. Carbon Footprint of Bank Loans,  https://data.imf.org/en/datasets/IMF.STA:CFBL. Accessed on [current date].","","","654.5663189","507.3373131","504.7236956","378.5457751","428.7465359","396.3455042","410.7434469","374.9919239","431.5202266","470.9085357","535.8382153","567.0264648","642.4490178","635.9737532"
"IMF.STA:CFBL(1.0.3)","CAN.CFALTLBE_EMI.A","OBS_VALUE","Canada","Carbon Footprint of Bank Loans, Emissions intensities","Annual","Units","","","","","","","","","","","International Monetary Fund (IMF)","Statistics Department (STA)","datahelp@imf.org","","Environment and climate; Greenhouse gas emissions","","Climate Finance","English","2026-01-08T16:00:03.846448200Z","2026-01-08T16:00:03.953626900Z","","","Public (Unrestricted)","","Public or Unrestricted","","OECD (2021), OECD Inter-Country Input-Output Database, https://oe.cd/icio; International Monetary Fund (IMF), Statistics Department Questionnaire; IMF staff calculations.","© International Monetary Fund Copyright. All Rights Reserved. https://www.imf.org/external/terms.htm","International Monetary Fund. Carbon Footprint of Bank Loans,  https://data.imf.org/en/datasets/IMF.STA:CFBL. Accessed on [current date].","","","187.5940433","182.4234676","175.7362316","164.8725337","178.2027419","153.9602601","149.362506","141.4716664","150.5848278","165.3350689","215.9112366","225.994766","188.9222573","188.9430673"
"IMF.STA:CFBL(1.0.3)","PRT.CFALTLBE_EMI.A","OBS_VALUE","Portugal","Carbon Footprint of Bank Loans, Emissions intensities","Annual","Units","","","","","","","","","","","International Monetary Fund (IMF)","Statistics Department (STA)","datahelp@imf.org","","Environment and climate; Greenhouse gas emissions","","Climate Finance","English","2026-01-08T16:00:03.846448200Z","2026-01-08T16:00:03.953626900Z","","","Public (Unrestricted)","","Public or Unrestricted","","OECD (2021), OECD Inter-Country Input-Output Database, https://oe.cd/icio; International Monetary Fund (IMF), Statistics Department Questionnaire; IMF staff calculations.","© International Monetary Fund Copyright. All Rights Reserved. https://www.imf.org/external/terms.htm","International Monetary Fund. Carbon Footprint of Bank Loans,  https://data.imf.org/en/datasets/IMF.STA:CFBL. Accessed on [current date].","","","130.2411553","107.8885451","85.97798894","78.18657737","92.40122482","83.06998616","81.30400885","95.40968481","87.83798436","93.99501752","122.3472597","123.7125434","117.9114116","101.2752658"
"IMF.STA:CFBL(1.0.3)","CYP.CFALTLBE_EMI.A","OBS_VALUE","Cyprus","Carbon Footprint of Bank Loans, Emissions intensities","Annual","Units","","","","","","","","","","","International Monetary Fund (IMF)","Statistics Department (STA)","datahelp@imf.org","","Environment and climate; Greenhouse gas emissions","","Climate Finance","English","2026-01-08T16:00:03.846448200Z","2026-01-08T16:00:03.953626900Z","","","Public (Unrestricted)","","Public or Unrestricted","","OECD (2021), OECD Inter-Country Input-Output Database, https://oe.cd/icio; International Monetary Fund (IMF), Statistics Department Questionnaire; IMF staff calculations.","© International Monetary Fund Copyright. All Rights Reserved. https://www.imf.org/external/terms.htm","International Monetary Fund. Carbon Footprint of Bank Loans,  https://data.imf.org/en/datasets/IMF.STA:CFBL. Accessed on [current date].","","","","","","","","46.2377289","53.07649622","50.0037921","42.75869715","42.03786219","35.31790674","40.04679826","39.32351999","34.23439856"
"IMF.STA:CFBL(1.0.3)","CAN.CFALTLBE_EMINORM.A","OBS_VALUE","Canada","Carbon Footprint of Bank Loans, Emissions intensities (normalized)","Annual","Units","","","","","","","","","","","International Monetary Fund (IMF)","Statistics Department (STA)","datahelp@imf.org","","Environment and climate; Greenhouse gas emissions","","Climate Finance","English","2026-01-08T16:00:03.846448200Z","2026-01-08T16:00:03.953626900Z","","","Public (Unrestricted)","","Public or Unrestricted","","OECD (2021), OECD Inter-Country Input-Output Database, https://oe.cd/icio; International Monetary Fund (IMF), Statistics Department Questionnaire; IMF staff calculations.","© International Monetary Fund Copyright. All Rights Reserved. https://www.imf.org/external/terms.htm","International Monetary Fund. Carbon Footprint of Bank Loans,  https://data.imf.org/en/datasets/IMF.STA:CFBL. Accessed on [current date].","","","86.88479871","84.49002954","81.3928142","76.36125675","82.53518656","71.30720128","69.17773633","65.52306801","69.74385872","76.57548146","100","104.6702199","87.4999654","87.50960364"
"IMF.STA:CFBL(1.0.3)","PER.CFALTLBE_EMMNORM.A","OBS_VALUE","Peru","Carbon Footprint of Bank Loans, Emissions multipliers (normalized)","Annual","Units","","","","","","","","","","","International Monetary Fund (IMF)","Statistics Department (STA)","datahelp@imf.org","","Environment and climate; Greenhouse gas emissions","","Climate Finance","English","2026-01-08T16:00:03.846448200Z","2026-01-08T16:00:03.953626900Z","","","Public (Unrestricted)","","Public or Unrestricted","","OECD (2021), OECD Inter-Country Input-Output Database, https://oe.cd/icio; International Monetary Fund (IMF), Statistics Department Questionnaire; IMF staff calculations.","© International Monetary Fund Copyright. All Rights Reserved. https://www.imf.org/external/terms.htm","International Monetary Fund. Carbon Footprint of Bank Loans,  https://data.imf.org/en/datasets/IMF.STA:CFBL. Accessed on [current date].","","","","","105.4287236","102.3634378","113.6861147","121.754258","117.8441168","107.1048726","87.08479816","93.91743419","100","113.6673847","90.42487385","77.22190609"
"IMF.STA:CFBL(1.0.3)","PRT.CFALTLBE_EMM.A","OBS_VALUE","Portugal","Carbon Footprint of Bank Loans, Emissions multipliers","Annual","Units","","","","","","","","","","","International Monetary Fund (IMF)","Statistics Department (STA)","datahelp@imf.org","","Environment and climate; Greenhouse gas emissions","","Climate Finance","English","2026-01-08T16:00:03.846448200Z","2026-01-08T16:00:03.953626900Z","","","Public (Unrestricted)","","Public or Unrestricted","","OECD (2021), OECD Inter-Country Input-Output Database, https://oe.cd/icio; International Monetary Fund (IMF), Statistics Department Questionnaire; IMF staff calculations.","© International Monetary Fund Copyright. All Rights Reserved. https://www.imf.org/external/terms.htm","International Monetary Fund. Carbon Footprint of Bank Loans,  https://data.imf.org/en/datasets/IMF.STA:CFBL. Accessed on [current date].","","","302.3049831","247.3370805","198.8982305","182.1244421","203.4341326","176.4079657","173.6153546","195.0051046","172.8158431","181.9078834","243.7482588","243.8940174","244.8863917","203.6985287"
"IMF.STA:CFBL(1.0.3)","CYP.CFALTLBE_EMM.A","OBS_VALUE","Cyprus","Carbon Footprint of Bank Loans, Emissions multipliers","Annual","Units","","","","","","","","","","","International Monetary Fund (IMF)","Statistics Department (STA)","datahelp@imf.org","","Environment and climate; Greenhouse gas emissions","","Climate Finance","English","2026-01-08T16:00:03.846448200Z","2026-01-08T16:00:03.953626900Z","","","Public (Unrestricted)","","Public or Unrestricted","","OECD (2021), OECD Inter-Country Input-Output Database, https://oe.cd/icio; International Monetary Fund (IMF), Statistics Department Questionnaire; IMF staff calculations.","© International Monetary Fund Copyright. All Rights Reserved. https://www.imf.org/external/terms.htm","International Monetary Fund. Carbon Footprint of Bank Loans,  https://data.imf.org/en/datasets/IMF.STA:CFBL. Accessed on [current date].","","","","","","","","172.727003","168.6656334","162.5349236","155.7750404","153.813398","139.0768705","148.3864251","146.7705295","126.1778031"
"IMF.STA:CFBL(1.0.3)","LTU.CFALTLBE_EMI.A","OBS_VALUE","Lithuania, Republic of","Carbon Footprint of Bank Loans, Emissions intensities","Annual","Units","","","","","","","","","","","International Monetary Fund (IMF)","Statistics Department (STA)","datahelp@imf.org","","Environment and climate; Greenhouse gas emissions","","Climate Finance","English","2026-01-08T16:00:03.846448200Z","2026-01-08T16:00:03.953626900Z","","","Public (Unrestricted)","","Public or Unrestricted","","OECD (2021), OECD Inter-Country Input-Output Database, https://oe.cd/icio; International Monetary Fund (IMF), Statistics Department Questionnaire; IMF staff calculations.","© International Monetary Fund Copyright. All Rights Reserved. https://www.imf.org/external/terms.htm","International Monetary Fund. Carbon Footprint of Bank Loans,  https://data.imf.org/en/datasets/IMF.STA:CFBL. Accessed on [current date].","","","140.1601028","121.3743553","116.8848987","81.20961093","91.29806052","92.13326562","95.87903188","121.3679567","108.7659655","105.3348911","136.8279976","107.0510643","70.76404939","59.29271882"
"IMF.STA:CFBL(1.0.3)","KAZ.CFALTLBE_EMM.A","OBS_VALUE","Kazakhstan, Republic of","Carbon Footprint of Bank Loans, Emissions multipliers","Annual","Units","","","","","","","","","","","International Monetary Fund (IMF)","Statistics Department (STA)","datahelp@imf.org","","Environment and climate; Greenhouse gas emissions","","Climate Finance","English","2026-01-08T16:00:03.846448200Z","2026-01-08T16:00:03.953626900Z","","","Public (Unrestricted)","","Public or Unrestricted","","OECD (2021), OECD Inter-Country Input-Output Database, https://oe.cd/icio; International Monetary Fund (IMF), Statistics Department Questionnaire; IMF staff calculations.","© International Monetary Fund Copyright. All Rights Reserved. https://www.imf.org/external/terms.htm","International Monetary Fund. Carbon Footprint of Bank Loans,  https://data.imf.org/en/datasets/IMF.STA:CFBL. Accessed on [current date].","","","","","","","","","710.6146082","590.7158189","617.1759417","595.0340513","705.5795998","1090.980881","1280.693432","1205.061669"
"IMF.STA:CFBL(1.0.3)","LVA.CFALTLBE_EMMNORM.A","OBS_VALUE","Latvia, Republic of","Carbon Footprint of Bank Loans, Emissions multipliers (normalized)","Annual","Units","","","","","","","","","","","International Monetary Fund (IMF)","Statistics Department (STA)","datahelp@imf.org","","Environment and climate; Greenhouse gas emissions","","Climate Finance","English","2026-01-08T16:00:03.846448200Z","2026-01-08T16:00:03.953626900Z","","","Public (Unrestricted)","","Public or Unrestricted","","OECD (2021), OECD Inter-Country Input-Output Database, https://oe.cd/icio; International Monetary Fund (IMF), Statistics Department Questionnaire; IMF staff calculations.","© International Monetary Fund Copyright. All Rights Reserved. https://www.imf.org/external/terms.htm","International Monetary Fund. Carbon Footprint of Bank Loans,  https://data.imf.org/en/datasets/IMF.STA:CFBL. Accessed on [current date].","","","","","","74.14519196","87.24297871","110.5523401","87.13420171","99.05271964","99.75083336","87.63373184","100","97.88586379","81.66025417","88.76599719"
"IMF.STA:CFBL(1.0.3)","BEL.CFALTLBE_EMMNORM.A","OBS_VALUE","Belgium","Carbon Footprint of Bank Loans, Emissions multipliers (normalized)","Annual","Units","","","","","","","","","","","International Monetary Fund (IMF)","Statistics Department (STA)","datahelp@imf.org","","Environment and climate; Greenhouse gas emissions","","Climate Finance","English","2026-01-08T16:00:03.846448200Z","2026-01-08T16:00:03.953626900Z","","","Public (Unrestricted)","","Public or Unrestricted","","OECD (2021), OECD Inter-Country Input-Output Database, https://oe.cd/icio; International Monetary Fund (IMF), Statistics Department Questionnaire; IMF staff calculations.","© International Monetary Fund Copyright. All Rights Reserved. https://www.imf.org/external/terms.htm","International Monetary Fund. Carbon Footprint of Bank Loans,  https://data.imf.org/en/datasets/IMF.STA:CFBL. Accessed on [current date].","","","","","","","","","","98.7474045","85.44596559","80.4817224","100","87.77982738","87.1520374","79.63678829"
"IMF.STA:CFBL(1.0.3)","FIN.CFALTLBE_EMMNORM.A","OBS_VALUE","Finland","Carbon Footprint of Bank Loans, Emissions multipliers (normalized)","Annual","Units","","","","","","","","","","","International Monetary Fund (IMF)","Statistics Department (STA)","datahelp@imf.org","","Environment and climate; Greenhouse gas emissions","","Climate Finance","English","2026-01-08T16:00:03.846448200Z","2026-01-08T16:00:03.953626900Z","","","Public (Unrestricted)","","Public or Unrestricted","","OECD (2021), OECD Inter-Country Input-Output Database, https://oe.cd/icio; International Monetary Fund (IMF), Statistics Department Questionnaire; IMF staff calculations.","© International Monetary Fund Copyright. All Rights Reserved. https://www.imf.org/external/terms.htm","International Monetary Fund. Carbon Footprint of Bank Loans,  https://data.imf.org/en/datasets/IMF.STA:CFBL. Accessed on [current date].","","","","","","","","131.3701393","103.2519593","93.96505702","102.6968976","97.29352906","100","104.6098079","97.43095971","93.44168737"
"IMF.STA:CFBL(1.0.3)","KAZ.CFALTLBE_EMI.A","OBS_VALUE","Kazakhstan, Republic of","Carbon Footprint of Bank Loans, Emissions intensities","Annual","Units","","","","","","","","","","","International Monetary Fund (IMF)","Statistics Department (STA)","datahelp@imf.org","","Environment and climate; Greenhouse gas emissions","","Climate Finance","English","2026-01-08T16:00:03.846448200Z","2026-01-08T16:00:03.953626900Z","","","Public (Unrestricted)","","Public or Unrestricted","","OECD (2021), OECD Inter-Country Input-Output Database, https://oe.cd/icio; International Monetary Fund (IMF), Statistics Department Questionnaire; IMF staff calculations.","© International Monetary Fund Copyright. All Rights Reserved. https://www.imf.org/external/terms.htm","International Monetary Fund. Carbon Footprint of Bank Loans,  https://data.imf.org/en/datasets/IMF.STA:CFBL. Accessed on [current date].","","","","","","","","","296.0405788","268.6375436","311.1705434","313.9134054","457.6240086","745.619466","872.7636141","809.7941452"
"IMF.STA:CFBL(1.0.3)","MLT.CFALTLBE_EMM.A","OBS_VALUE","Malta","Carbon Footprint of Bank Loans, Emissions multipliers","Annual","Units","","","","","","","","","","","International Monetary Fund (IMF)","Statistics Department (STA)","datahelp@imf.org","","Environment and climate; Greenhouse gas emissions","","Climate Finance","English","2026-01-08T16:00:03.846448200Z","2026-01-08T16:00:03.953626900Z","","","Public (Unrestricted)","","Public or Unrestricted","","OECD (2021), OECD Inter-Country Input-Output Database, https://oe.cd/icio; International Monetary Fund (IMF), Statistics Department Questionnaire; IMF staff calculations.","© International Monetary Fund Copyright. All Rights Reserved. https://www.imf.org/external/terms.htm","International Monetary Fund. Carbon Footprint of Bank Loans,  https://data.imf.org/en/datasets/IMF.STA:CFBL. Accessed on [current date].","","","","","","","","622.7121336","586.8914075","383.5679894","317.0815811","403.7790984","245.6693012","186.18637","190.3089497","169.4188245"
"IMF.STA:CFBL(1.0.3)","BRA.CFALTLBE_EMM.A","OBS_VALUE","Brazil","Carbon Footprint of Bank Loans, Emissions multipliers","Annual","Units","","","","","","","","","","","International Monetary Fund (IMF)","Statistics Department (STA)","datahelp@imf.org","","Environment and climate; Greenhouse gas emissions","","Climate Finance","English","2026-01-08T16:00:03.846448200Z","2026-01-08T16:00:03.953626900Z","","","Public (Unrestricted)","","Public or Unrestricted","","OECD (2021), OECD Inter-Country Input-Output Database, https://oe.cd/icio; International Monetary Fund (IMF), Statistics Department Questionnaire; IMF staff calculations.","© International Monetary Fund Copyright. All Rights Reserved. https://www.imf.org/external/terms.htm","International Monetary Fund. Carbon Footprint of Bank Loans,  https://data.imf.org/en/datasets/IMF.STA:CFBL. Accessed on [current date].","","","","","","","","","","214.0459063","251.9876161","288.3010531","367.1994477","316.4366421","282.1404617","269.4789273"
"IMF.STA:CFBL(1.0.3)","JPN.CFALTLBE_EMI.A","OBS_VALUE","Japan","Carbon Footprint of Bank Loans, Emissions intensities","Annual","Units","","","","","","","","","","","International Monetary Fund (IMF)","Statistics Department (STA)","datahelp@imf.org","","Environment and climate; Greenhouse gas emissions","","Climate Finance","English","2026-01-08T16:00:03.846448200Z","2026-01-08T16:00:03.953626900Z","","","Public (Unrestricted)","","Public or Unrestricted","","OECD (2021), OECD Inter-Country Input-Output Database, https://oe.cd/icio; International Monetary Fund (IMF), Statistics Department Questionnaire; IMF staff calculations.","© International Monetary Fund Copyright. All Rights Reserved. https://www.imf.org/external/terms.htm","International Monetary Fund. Carbon Footprint of Bank Loans,  https://data.imf.org/en/datasets/IMF.STA:CFBL. Accessed on [current date].","","","","","","","63.44338595","60.12698052","67.27586363","71.15269118","89.7424591","90.16165255","101.3836373","95.93080222","96.84507837","92.68848842"
"IMF.STA:CFBL(1.0.3)","BRA.CFALTLBE_EMI.A","OBS_VALUE","Brazil","Carbon Footprint of Bank Loans, Emissions intensities","Annual","Units","","","","","","","","","","","International Monetary Fund (IMF)","Statistics Department (STA)","datahelp@imf.org","","Environment and climate; Greenhouse gas emissions","","Climate Finance","English","2026-01-08T16:00:03.846448200Z","2026-01-08T16:00:03.953626900Z","","","Public (Unrestricted)","","Public or Unrestricted","","OECD (2021), OECD Inter-Country Input-Output Database, https://oe.cd/icio; International Monetary Fund (IMF), Statistics Department Questionnaire; IMF staff calculations.","© International Monetary Fund Copyright. All Rights Reserved. https://www.imf.org/external/terms.htm","International Monetary Fund. Carbon Footprint of Bank Loans,  https://data.imf.org/en/datasets/IMF.STA:CFBL. Accessed on [current date].","","","","","","","","","","117.2354546","139.090054","160.2566469","207.6820436","181.0275258","157.2831703","149.9281603"
"IMF.STA:CFBL(1.0.3)","JPN.CFALTLBE_EMM.A","OBS_VALUE","Japan","Carbon Footprint of Bank Loans, Emissions multipliers","Annual","Units","","","","","","","","","","","International Monetary Fund (IMF)","Statistics Department (STA)","datahelp@imf.org","","Environment and climate; Greenhouse gas emissions","","Climate Finance","English","2026-01-08T16:00:03.846448200Z","2026-01-08T16:00:03.953626900Z","","","Public (Unrestricted)","","Public or Unrestricted","","OECD (2021), OECD Inter-Country Input-Output Database, https://oe.cd/icio; International Monetary Fund (IMF), Statistics Department Questionnaire; IMF staff calculations.","© International Monetary Fund Copyright. All Rights Reserved. https://www.imf.org/external/terms.htm","International Monetary Fund. Carbon Footprint of Bank Loans,  https://data.imf.org/en/datasets/IMF.STA:CFBL. Accessed on [current date].","","","","","","","144.4238167","133.5341537","150.9807218","156.9524739","190.4755223","190.8386264","209.8635583","191.9698646","188.9954135","181.374511"
"IMF.STA:CFBL(1.0.3)","MLT.CFALTLBE_EMI.A","OBS_VALUE","Malta","Carbon Footprint of Bank Loans, Emissions intensities","Annual","Units","","","","","","","","","","","International Monetary Fund (IMF)","Statistics Department (STA)","datahelp@imf.org","","Environment and climate; Greenhouse gas emissions","","Climate Finance","English","2026-01-08T16:00:03.846448200Z","2026-01-08T16:00:03.953626900Z","","","Public (Unrestricted)","","Public or Unrestricted","","OECD (2021), OECD Inter-Country Input-Output Database, https://oe.cd/icio; International Monetary Fund (IMF), Statistics Department Questionnaire; IMF staff calculations.","© International Monetary Fund Copyright. All Rights Reserved. https://www.imf.org/external/terms.htm","International Monetary Fund. Carbon Footprint of Bank Loans,  https://data.imf.org/en/datasets/IMF.STA:CFBL. Accessed on [current date].","","","","","","","","317.2653391","325.3340798","173.8358134","155.0647961","197.7032333","125.5521273","92.27494041","88.77486271","75.09709319"
"IMF.STA:CFBL(1.0.3)","COL.CFALTLBE_EMMNORM.A","OBS_VALUE","Colombia","Carbon Footprint of Bank Loans, Emissions multipliers (normalized)","Annual","Units","","","","","","","","","","","International Monetary Fund (IMF)","Statistics Department (STA)","datahelp@imf.org","","Environment and climate; Greenhouse gas emissions","","Climate Finance","English","2026-01-08T16:00:03.846448200Z","2026-01-08T16:00:03.953626900Z","","","Public (Unrestricted)","","Public or Unrestricted","","OECD (2021), OECD Inter-Country Input-Output Database, https://oe.cd/icio; International Monetary Fund (IMF), Statistics Department Questionnaire; IMF staff calculations.","© International Monetary Fund Copyright. All Rights Reserved. https://www.imf.org/external/terms.htm","International Monetary Fund. Carbon Footprint of Bank Loans,  https://data.imf.org/en/datasets/IMF.STA:CFBL. Accessed on [current date].","","","","","","","","","","","","","100","104.7541926","83.53442053","83.99307585"
"IMF.STA:CFBL(1.0.3)","DNK.CFALTLBE_EMINORM.A","OBS_VALUE","Denmark","Carbon Footprint of Bank Loans, Emissions intensities (normalized)","Annual","Units","","","","","","","","","","","International Monetary Fund (IMF)","Statistics Department (STA)","datahelp@imf.org","","Environment and climate; Greenhouse gas emissions","","Climate Finance","English","2026-01-08T16:00:03.846448200Z","2026-01-08T16:00:03.953626900Z","","","Public (Unrestricted)","","Public or Unrestricted","","OECD (2021), OECD Inter-Country Input-Output Database, https://oe.cd/icio; International Monetary Fund (IMF), Statistics Department Questionnaire; IMF staff calculations.","© International Monetary Fund Copyright. All Rights Reserved. https://www.imf.org/external/terms.htm","International Monetary Fund. Carbon Footprint of Bank Loans,  https://data.imf.org/en/datasets/IMF.STA:CFBL. Accessed on [current date].","","","","","","","","","","","148.8521517","83.42994673","100","98.36574951","89.3123316","86.28158884"
"IMF.STA:CFBL(1.0.3)","COL.CFALTLBE_EMI.A","OBS_VALUE","Colombia","Carbon Footprint of Bank Loans, Emissions intensities","Annual","Units","","","","","","","","","","","International Monetary Fund (IMF)","Statistics Department (STA)","datahelp@imf.org","","Environment and climate; Greenhouse gas emissions","","Climate Finance","English","2026-01-08T16:00:03.846448200Z","2026-01-08T16:00:03.953626900Z","","","Public (Unrestricted)","","Public or Unrestricted","","OECD (2021), OECD Inter-Country Input-Output Database, https://oe.cd/icio; International Monetary Fund (IMF), Statistics Department Questionnaire; IMF staff calculations.","© International Monetary Fund Copyright. All Rights Reserved. https://www.imf.org/external/terms.htm","International Monetary Fund. Carbon Footprint of Bank Loans,  https://data.imf.org/en/datasets/IMF.STA:CFBL. Accessed on [current date].","","","","","","","","","","","","","125.4638655","129.5698079","106.7889339","107.8163842"
"IMF.STA:CFBL(1.0.3)","ITA.CFALTLBE_EMMNORM.A","OBS_VALUE","Italy","Carbon Footprint of Bank Loans, Emissions multipliers (normalized)","Annual","Units","","","","","","","","","","","International Monetary Fund (IMF)","Statistics Department (STA)","datahelp@imf.org","","Environment and climate; Greenhouse gas emissions","","Climate Finance","English","2026-01-08T16:00:03.846448200Z","2026-01-08T16:00:03.953626900Z","","","Public (Unrestricted)","","Public or Unrestricted","","OECD (2021), OECD Inter-Country Input-Output Database, https://oe.cd/icio; International Monetary Fund (IMF), Statistics Department Questionnaire; IMF staff calculations.","© International Monetary Fund Copyright. All Rights Reserved. https://www.imf.org/external/terms.htm","International Monetary Fund. Carbon Footprint of Bank Loans,  https://data.imf.org/en/datasets/IMF.STA:CFBL. Accessed on [current date].","","","","","","","","103.8492449","98.85200977","103.5333113","88.59429715","85.99058787","100","97.11084354","96.16754885","85.59560661"
"IMF.STA:CFBL(1.0.3)","LTU.CFALTLBE_EMMNORM.A","OBS_VALUE","Lithuania, Republic of","Carbon Footprint of Bank Loans, Emissions multipliers (normalized)","Annual","Units","","","","","","","","","","","International Monetary Fund (IMF)","Statistics Department (STA)","datahelp@imf.org","","Environment and climate; Greenhouse gas emissions","","Climate Finance","English","2026-01-08T16:00:03.846448200Z","2026-01-08T16:00:03.953626900Z","","","Public (Unrestricted)","","Public or Unrestricted","","OECD (2021), OECD Inter-Country Input-Output Database, https://oe.cd/icio; International Monetary Fund (IMF), Statistics Department Questionnaire; IMF staff calculations.","© International Monetary Fund Copyright. All Rights Reserved. https://www.imf.org/external/terms.htm","International Monetary Fund. Carbon Footprint of Bank Loans,  https://data.imf.org/en/datasets/IMF.STA:CFBL. Accessed on [current date].","","","135.9023167","115.982283","96.44128182","72.92813801","89.40761639","88.15165794","78.89401247","93.21901548","83.57845322","79.14269939","100","79.34629353","55.41346097","46.26743288"
"IMF.STA:CFBL(1.0.3)","SVK.CFALTLBE_EMM.A","OBS_VALUE","Slovak Republic","Carbon Footprint of Bank Loans, Emissions multipliers","Annual","Units","","","","","","","","","","","International Monetary Fund (IMF)","Statistics Department (STA)","datahelp@imf.org","","Environment and climate; Greenhouse gas emissions","","Climate Finance","English","2026-01-08T16:00:03.846448200Z","2026-01-08T16:00:03.953626900Z","","","Public (Unrestricted)","","Public or Unrestricted","","OECD (2021), OECD Inter-Country Input-Output Database, https://oe.cd/icio; International Monetary Fund (IMF), Statistics Department Questionnaire; IMF staff calculations.","© International Monetary Fund Copyright. All Rights Reserved. https://www.imf.org/external/terms.htm","International Monetary Fund. Carbon Footprint of Bank Loans,  https://data.imf.org/en/datasets/IMF.STA:CFBL. Accessed on [current date].","","","","359.3419784","254.7914914","189.3335225","205.7753911","213.599022","203.7606038","198.0861627","193.9921091","171.7705467","225.1070522","207.1130088","195.4329306","176.1915076"
"IMF.STA:CFBL(1.0.3)","BRA.CFALTLBE_EMINORM.A","OBS_VALUE","Brazil","Carbon Footprint of Bank Loans, Emissions intensities (normalized)","Annual","Units","","","","","","","","","","","International Monetary Fund (IMF)","Statistics Department (STA)","datahelp@imf.org","","Environment and climate; Greenhouse gas emissions","","Climate Finance","English","2026-01-08T16:00:03.846448200Z","2026-01-08T16:00:03.953626900Z","","","Public (Unrestricted)","","Public or Unrestricted","","OECD (2021), OECD Inter-Country Input-Output Database, https://oe.cd/icio; International Monetary Fund (IMF), Statistics Department Questionnaire; IMF staff calculations.","© International Monetary Fund Copyright. All Rights Reserved. https://www.imf.org/external/terms.htm","International Monetary Fund. Carbon Footprint of Bank Loans,  https://data.imf.org/en/datasets/IMF.STA:CFBL. Accessed on [current date].","","","","","","","","","","56.44949007","66.97259501","77.16442121","100","87.16570903","75.73267653","72.19120042"
"IMF.STA:CFBL(1.0.3)","LVA.CFALTLBE_EMM.A","OBS_VALUE","Latvia, Republic of","Carbon Footprint of Bank Loans, Emissions multipliers","Annual","Units","","","","","","","","","","","International Monetary Fund (IMF)","Statistics Department (STA)","datahelp@imf.org","","Environment and climate; Greenhouse gas emissions","","Climate Finance","English","2026-01-08T16:00:03.846448200Z","2026-01-08T16:00:03.953626900Z","","","Public (Unrestricted)","","Public or Unrestricted","","OECD (2021), OECD Inter-Country Input-Output Database, https://oe.cd/icio; International Monetary Fund (IMF), Statistics Department Questionnaire; IMF staff calculations.","© International Monetary Fund Copyright. All Rights Reserved. https://www.imf.org/external/terms.htm","International Monetary Fund. Carbon Footprint of Bank Loans,  https://data.imf.org/en/datasets/IMF.STA:CFBL. Accessed on [current date].","","","","","","159.1778543","187.2967051","237.3381716","187.0631783","212.6503278","214.1490662","188.1355895","214.683987","210.1452751","175.3114895","190.5663819"
"IMF.STA:CFBL(1.0.3)","DNK.CFALTLBE_EMM.A","OBS_VALUE","Denmark","Carbon Footprint of Bank Loans, Emissions multipliers","Annual","Units","","","","","","","","","","","International Monetary Fund (IMF)","Statistics Department (STA)","datahelp@imf.org","","Environment and climate; Greenhouse gas emissions","","Climate Finance","English","2026-01-08T16:00:03.846448200Z","2026-01-08T16:00:03.953626900Z","","","Public (Unrestricted)","","Public or Unrestricted","","OECD (2021), OECD Inter-Country Input-Output Database, https://oe.cd/icio; International Monetary Fund (IMF), Statistics Department Questionnaire; IMF staff calculations.","© International Monetary Fund Copyright. All Rights Reserved. https://www.imf.org/external/terms.htm","International Monetary Fund. Carbon Footprint of Bank Loans,  https://data.imf.org/en/datasets/IMF.STA:CFBL. Accessed on [current date].","","","","","","","","","","","125.928567","76.14018153","86.351949","83.14789075","78.09927672","74.18548868"
"IMF.STA:CFBL(1.0.3)","BGR.CFALTLBE_EMMNORM.A","OBS_VALUE","Bulgaria","Carbon Footprint of Bank Loans, Emissions multipliers (normalized)","Annual","Units","","","","","","","","","","","International Monetary Fund (IMF)","Statistics Department (STA)","datahelp@imf.org","","Environment and climate; Greenhouse gas emissions","","Climate Finance","English","2026-01-08T16:00:03.846448200Z","2026-01-08T16:00:03.953626900Z","","","Public (Unrestricted)","","Public or Unrestricted","","OECD (2021), OECD Inter-Country Input-Output Database, https://oe.cd/icio; International Monetary Fund (IMF), Statistics Department Questionnaire; IMF staff calculations.","© International Monetary Fund Copyright. All Rights Reserved. https://www.imf.org/external/terms.htm","International Monetary Fund. Carbon Footprint of Bank Loans,  https://data.imf.org/en/datasets/IMF.STA:CFBL. Accessed on [current date].","","","","","","","79.88277736","94.04835036","96.45476974","95.22428669","79.01409047","84.32728619","100","90.36526507","85.54409457","70.97741266"
"IMF.STA:CFBL(1.0.3)","COL.CFALTLBE_EMM.A","OBS_VALUE","Colombia","Carbon Footprint of Bank Loans, Emissions multipliers","Annual","Units","","","","","","","","","","","International Monetary Fund (IMF)","Statistics Department (STA)","datahelp@imf.org","","Environment and climate; Greenhouse gas emissions","","Climate Finance","English","2026-01-08T16:00:03.846448200Z","2026-01-08T16:00:03.953626900Z","","","Public (Unrestricted)","","Public or Unrestricted","","OECD (2021), OECD Inter-Country Input-Output Database, https://oe.cd/icio; International Monetary Fund (IMF), Statistics Department Questionnaire; IMF staff calculations.","© International Monetary Fund Copyright. All Rights Reserved. https://www.imf.org/external/terms.htm","International Monetary Fund. Carbon Footprint of Bank Loans,  https://data.imf.org/en/datasets/IMF.STA:CFBL. Accessed on [current date].","","","","","","","","","","","","","267.4389287","280.1534906","223.4035593","224.6301822"
"IMF.STA:CFBL(1.0.3)","GRC.CFALTLBE_EMINORM.A","OBS_VALUE","Greece","Carbon Footprint of Bank Loans, Emissions intensities (normalized)","Annual","Units","","","","","","","","","","","International Monetary Fund (IMF)","Statistics Department (STA)","datahelp@imf.org","","Environment and climate; Greenhouse gas emissions","","Climate Finance","English","2026-01-08T16:00:03.846448200Z","2026-01-08T16:00:03.953626900Z","","","Public (Unrestricted)","","Public or Unrestricted","","OECD (2021), OECD Inter-Country Input-Output Database, https://oe.cd/icio; International Monetary Fund (IMF), Statistics Department Questionnaire; IMF staff calculations.","© International Monetary Fund Copyright. All Rights Reserved. https://www.imf.org/external/terms.htm","International Monetary Fund. Carbon Footprint of Bank Loans,  https://data.imf.org/en/datasets/IMF.STA:CFBL. Accessed on [current date].","","","","","","","","97.35480359","101.8118861","106.5180598","91.01336723","80.15568538","100","99.36203899","98.07249676","99.42491584"
"IMF.STA:CFBL(1.0.3)","DNK.CFALTLBE_EMI.A","OBS_VALUE","Denmark","Carbon Footprint of Bank Loans, Emissions intensities","Annual","Units","","","","","","","","","","","International Monetary Fund (IMF)","Statistics Department (STA)","datahelp@imf.org","","Environment and climate; Greenhouse gas emissions","","Climate Finance","English","2026-01-08T16:00:03.846448200Z","2026-01-08T16:00:03.953626900Z","","","Public (Unrestricted)","","Public or Unrestricted","","OECD (2021), OECD Inter-Country Input-Output Database, https://oe.cd/icio; International Monetary Fund (IMF), Statistics Department Questionnaire; IMF staff calculations.","© International Monetary Fund Copyright. All Rights Reserved. https://www.imf.org/external/terms.htm","International Monetary Fund. Carbon Footprint of Bank Loans,  https://data.imf.org/en/datasets/IMF.STA:CFBL. Accessed on [current date].","","","","","","","","","","","70.4565139","39.4900788","47.33321829","46.55967493","42.27440087","40.83985279"
"IMF.STA:CFBL(1.0.3)","SVK.CFALTLBE_EMI.A","OBS_VALUE","Slovak Republic","Carbon Footprint of Bank Loans, Emissions intensities","Annual","Units","","","","","","","","","","","International Monetary Fund (IMF)","Statistics Department (STA)","datahelp@imf.org","","Environment and climate; Greenhouse gas emissions","","Climate Finance","English","2026-01-08T16:00:03.846448200Z","2026-01-08T16:00:03.953626900Z","","","Public (Unrestricted)","","Public or Unrestricted","","OECD (2021), OECD Inter-Country Input-Output Database, https://oe.cd/icio; International Monetary Fund (IMF), Statistics Department Questionnaire; IMF staff calculations.","© International Monetary Fund Copyright. All Rights Reserved. https://www.imf.org/external/terms.htm","International Monetary Fund. Carbon Footprint of Bank Loans,  https://data.imf.org/en/datasets/IMF.STA:CFBL. Accessed on [current date].","","","","203.6942727","137.594139","102.2867447","113.2262639","115.7829694","105.2465034","105.8363971","108.705493","93.93902806","120.7415485","113.8628732","107.38686","103.4566517"
"IMF.STA:CFBL(1.0.3)","CYP.CFALTLBE_EMMNORM.A","OBS_VALUE","Cyprus","Carbon Footprint of Bank Loans, Emissions multipliers (normalized)","Annual","Units","","","","","","","","","","","International Monetary Fund (IMF)","Statistics Department (STA)","datahelp@imf.org","","Environment and climate; Greenhouse gas emissions","","Climate Finance","English","2026-01-08T16:00:03.846448200Z","2026-01-08T16:00:03.953626900Z","","","Public (Unrestricted)","","Public or Unrestricted","","OECD (2021), OECD Inter-Country Input-Output Database, https://oe.cd/icio; International Monetary Fund (IMF), Statistics Department Questionnaire; IMF staff calculations.","© International Monetary Fund Copyright. All Rights Reserved. https://www.imf.org/external/terms.htm","International Monetary Fund. Carbon Footprint of Bank Loans,  https://data.imf.org/en/datasets/IMF.STA:CFBL. Accessed on [current date].","","","","","","","","124.1953478","121.2751141","116.8669694","112.006432","110.5959585","100","106.6938195","105.5319472","90.72522458"
"IMF.STA:CFBL(1.0.3)","LVA.CFALTLBE_EMI.A","OBS_VALUE","Latvia, Republic of","Carbon Footprint of Bank Loans, Emissions intensities","Annual","Units","","","","","","","","","","","International Monetary Fund (IMF)","Statistics Department (STA)","datahelp@imf.org","","Environment and climate; Greenhouse gas emissions","","Climate Finance","English","2026-01-08T16:00:03.846448200Z","2026-01-08T16:00:03.953626900Z","","","Public (Unrestricted)","","Public or Unrestricted","","OECD (2021), OECD Inter-Country Input-Output Database, https://oe.cd/icio; International Monetary Fund (IMF), Statistics Department Questionnaire; IMF staff calculations.","© International Monetary Fund Copyright. All Rights Reserved. https://www.imf.org/external/terms.htm","International Monetary Fund. Carbon Footprint of Bank Loans,  https://data.imf.org/en/datasets/IMF.STA:CFBL. Accessed on [current date].","","","","","","71.78855497","80.19246138","100.6351037","85.21933999","103.7027237","104.3167076","94.6745309","119.4167729","120.9956601","102.4287704","116.4970361"
"IMF.STA:CFBL(1.0.3)","CAN.CFALTLBE_EMM.A","OBS_VALUE","Canada","Carbon Footprint of Bank Loans, Emissions multipliers","Annual","Units","","","","","","","","","","","International Monetary Fund (IMF)","Statistics Department (STA)","datahelp@imf.org","","Environment and climate; Greenhouse gas emissions","","Climate Finance","English","2026-01-08T16:00:03.846448200Z","2026-01-08T16:00:03.953626900Z","","","Public (Unrestricted)","","Public or Unrestricted","","OECD (2021), OECD Inter-Country Input-Output Database, https://oe.cd/icio; International Monetary Fund (IMF), Statistics Department Questionnaire; IMF staff calculations.","© International Monetary Fund Copyright. All Rights Reserved. https://www.imf.org/external/terms.htm","International Monetary Fund. Carbon Footprint of Bank Loans,  https://data.imf.org/en/datasets/IMF.STA:CFBL. Accessed on [current date].","","","358.2838079","333.0473862","315.5419256","287.2677942","316.0497997","275.2151048","254.086182","244.7266459","255.034067","274.6419203","340.960901","351.9609789","302.282531","298.1842047"
"IMF.STA:CFBL(1.0.3)","FRA.CFALTLBE_EMMNORM.A","OBS_VALUE","France","Carbon Footprint of Bank Loans, Emissions multipliers (normalized)","Annual","Units","","","","","","","","","","","International Monetary Fund (IMF)","Statistics Department (STA)","datahelp@imf.org","","Environment and climate; Greenhouse gas emissions","","Climate Finance","English","2026-01-08T16:00:03.846448200Z","2026-01-08T16:00:03.953626900Z","","","Public (Unrestricted)","","Public or Unrestricted","","OECD (2021), OECD Inter-Country Input-Output Database, https://oe.cd/icio; International Monetary Fund (IMF), Statistics Department Questionnaire; IMF staff calculations.","© International Monetary Fund Copyright. All Rights Reserved. https://www.imf.org/external/terms.htm","International Monetary Fund. Carbon Footprint of Bank Loans,  https://data.imf.org/en/datasets/IMF.STA:CFBL. Accessed on [current date].","","","","137.9972724","115.8933725","98.39688193","108.8323208","110.6992852","99.77671227","106.5959131","99.29375638","88.0481027","100","99.6908384","97.89201736","84.14995942"
"IMF.STA:CFBL(1.0.3)","BRN.CFALTLBE_EMM.A","OBS_VALUE","Brunei Darussalam","Carbon Footprint of Bank Loans, Emissions multipliers","Annual","Units","","","","","","","","","","","International Monetary Fund (IMF)","Statistics Department (STA)","datahelp@imf.org","","Environment and climate; Greenhouse gas emissions","","Climate Finance","English","2026-01-08T16:00:03.846448200Z","2026-01-08T16:00:03.953626900Z","","","Public (Unrestricted)","","Public or Unrestricted","","OECD (2021), OECD Inter-Country Input-Output Database, https://oe.cd/icio; International Monetary Fund (IMF), Statistics Department Questionnaire; IMF staff calculations.","© International Monetary Fund Copyright. All Rights Reserved. https://www.imf.org/external/terms.htm","International Monetary Fund. Carbon Footprint of Bank Loans,  https://data.imf.org/en/datasets/IMF.STA:CFBL. Accessed on [current date].","","","","","","","","599.5540335","301.6658837","344.2698086","368.6606262","397.8990647","392.0500512","430.6314794","409.7678832","494.7576046"
"IMF.STA:CFBL(1.0.3)","EST.CFALTLBE_EMI.A","OBS_VALUE","Estonia, Republic of","Carbon Footprint of Bank Loans, Emissions intensities","Annual","Units","","","","","","","","","","","International Monetary Fund (IMF)","Statistics Department (STA)","datahelp@imf.org","","Environment and climate; Greenhouse gas emissions","","Climate Finance","English","2026-01-08T16:00:03.846448200Z","2026-01-08T16:00:03.953626900Z","","","Public (Unrestricted)","","Public or Unrestricted","","OECD (2021), OECD Inter-Country Input-Output Database, https://oe.cd/icio; International Monetary Fund (IMF), Statistics Department Questionnaire; IMF staff calculations.","© International Monetary Fund Copyright. All Rights Reserved. https://www.imf.org/external/terms.htm","International Monetary Fund. Carbon Footprint of Bank Loans,  https://data.imf.org/en/datasets/IMF.STA:CFBL. Accessed on [current date].","","","","","","228.2327897","274.3440931","440.5892608","265.1065316","349.1960658","323.0503377","303.7743406","368.0355728","258.8518568","240.7640571","254.7510539"
"IMF.STA:CFBL(1.0.3)","IRL.CFALTLBE_EMINORM.A","OBS_VALUE","Ireland","Carbon Footprint of Bank Loans, Emissions intensities (normalized)","Annual","Units","","","","","","","","","","","International Monetary Fund (IMF)","Statistics Department (STA)","datahelp@imf.org","","Environment and climate; Greenhouse gas emissions","","Climate Finance","English","2026-01-08T16:00:03.846448200Z","2026-01-08T16:00:03.953626900Z","","","Public (Unrestricted)","","Public or Unrestricted","","OECD (2021), OECD Inter-Country Input-Output Database, https://oe.cd/icio; International Monetary Fund (IMF), Statistics Department Questionnaire; IMF staff calculations.","© International Monetary Fund Copyright. All Rights Reserved. https://www.imf.org/external/terms.htm","International Monetary Fund. Carbon Footprint of Bank Loans,  https://data.imf.org/en/datasets/IMF.STA:CFBL. Accessed on [current date].","","","135.6003737","106.9649864","84.68469313","64.16860572","68.02796612","60.52117653","57.22936894","51.1384126","50.89661635","59.35449703","100","115.3289441","101.9770372","128.4097769"
"IMF.STA:CFBL(1.0.3)","PRT.CFALTLBE_EMMNORM.A","OBS_VALUE","Portugal","Carbon Footprint of Bank Loans, Emissions multipliers (normalized)","Annual","Units","","","","","","","","","","","International Monetary Fund (IMF)","Statistics Department (STA)","datahelp@imf.org","","Environment and climate; Greenhouse gas emissions","","Climate Finance","English","2026-01-08T16:00:03.846448200Z","2026-01-08T16:00:03.953626900Z","","","Public (Unrestricted)","","Public or Unrestricted","","OECD (2021), OECD Inter-Country Input-Output Database, https://oe.cd/icio; International Monetary Fund (IMF), Statistics Department Questionnaire; IMF staff calculations.","© International Monetary Fund Copyright. All Rights Reserved. https://www.imf.org/external/terms.htm","International Monetary Fund. Carbon Footprint of Bank Loans,  https://data.imf.org/en/datasets/IMF.STA:CFBL. Accessed on [current date].","","","124.0234431","101.4723476","81.59985692","74.71825358","83.46075316","72.37301575","71.22732095","80.00266567","70.89931386","74.62940836","100","100.0597988","100.4669296","83.56922411"
"IMF.STA:CFBL(1.0.3)","SVN.CFALTLBE_EMM.A","OBS_VALUE","Slovenia, Republic of","Carbon Footprint of Bank Loans, Emissions multipliers","Annual","Units","","","","","","","","","","","International Monetary Fund (IMF)","Statistics Department (STA)","datahelp@imf.org","","Environment and climate; Greenhouse gas emissions","","Climate Finance","English","2026-01-08T16:00:03.846448200Z","2026-01-08T16:00:03.953626900Z","","","Public (Unrestricted)","","Public or Unrestricted","","OECD (2021), OECD Inter-Country Input-Output Database, https://oe.cd/icio; International Monetary Fund (IMF), Statistics Department Questionnaire; IMF staff calculations.","© International Monetary Fund Copyright. All Rights Reserved. https://www.imf.org/external/terms.htm","International Monetary Fund. Carbon Footprint of Bank Loans,  https://data.imf.org/en/datasets/IMF.STA:CFBL. Accessed on [current date].","","","","254.6547284","231.1961427","197.0317195","210.9637525","209.5933396","187.498031","213.8874522","197.9544361","178.1822053","224.7548367","201.1184785","185.6565519","174.6984518"
"IMF.STA:CFBL(1.0.3)","FIN.CFALTLBE_EMINORM.A","OBS_VALUE","Finland","Carbon Footprint of Bank Loans, Emissions intensities (normalized)","Annual","Units","","","","","","","","","","","International Monetary Fund (IMF)","Statistics Department (STA)","datahelp@imf.org","","Environment and climate; Greenhouse gas emissions","","Climate Finance","English","2026-01-08T16:00:03.846448200Z","2026-01-08T16:00:03.953626900Z","","","Public (Unrestricted)","","Public or Unrestricted","","OECD (2021), OECD Inter-Country Input-Output Database, https://oe.cd/icio; International Monetary Fund (IMF), Statistics Department Questionnaire; IMF staff calculations.","© International Monetary Fund Copyright. All Rights Reserved. https://www.imf.org/external/terms.htm","International Monetary Fund. Carbon Footprint of Bank Loans,  https://data.imf.org/en/datasets/IMF.STA:CFBL. Accessed on [current date].","","","","","","","","116.9390511","92.62647124","83.43505931","95.05170055","90.48933963","100","107.6125546","103.4324434","99.111719"
"IMF.STA:CFBL(1.0.3)","EST.CFALTLBE_EMM.A","OBS_VALUE","Estonia, Republic of","Carbon Footprint of Bank Loans, Emissions multipliers","Annual","Units","","","","","","","","","","","International Monetary Fund (IMF)","Statistics Department (STA)","datahelp@imf.org","","Environment and climate; Greenhouse gas emissions","","Climate Finance","English","2026-01-08T16:00:03.846448200Z","2026-01-08T16:00:03.953626900Z","","","Public (Unrestricted)","","Public or Unrestricted","","OECD (2021), OECD Inter-Country Input-Output Database, https://oe.cd/icio; International Monetary Fund (IMF), Statistics Department Questionnaire; IMF staff calculations.","© International Monetary Fund Copyright. All Rights Reserved. https://www.imf.org/external/terms.htm","International Monetary Fund. Carbon Footprint of Bank Loans,  https://data.imf.org/en/datasets/IMF.STA:CFBL. Accessed on [current date].","","","","","","465.6371975","535.0316445","778.8748755","506.1423188","600.6083602","576.764955","538.5680217","609.3539332","475.2387316","445.3660675","417.6352616"
"IMF.STA:CFBL(1.0.3)","SVN.CFALTLBE_EMI.A","OBS_VALUE","Slovenia, Republic of","Carbon Footprint of Bank Loans, Emissions intensities","Annual","Units","","","","","","","","","","","International Monetary Fund (IMF)","Statistics Department (STA)","datahelp@imf.org","","Environment and climate; Greenhouse gas emissions","","Climate Finance","English","2026-01-08T16:00:03.846448200Z","2026-01-08T16:00:03.953626900Z","","","Public (Unrestricted)","","Public or Unrestricted","","OECD (2021), OECD Inter-Country Input-Output Database, https://oe.cd/icio; International Monetary Fund (IMF), Statistics Department Questionnaire; IMF staff calculations.","© International Monetary Fund Copyright. All Rights Reserved. https://www.imf.org/external/terms.htm","International Monetary Fund. Carbon Footprint of Bank Loans,  https://data.imf.org/en/datasets/IMF.STA:CFBL. Accessed on [current date].","","","","143.5063021","132.4043461","110.4004581","116.9019307","118.2864837","110.2430289","137.294526","125.0140786","118.8506822","158.8920622","141.9337072","129.1814393","120.8133426"
"IMF.STA:CFBL(1.0.3)","BEL.CFALTLBE_EMI.A","OBS_VALUE","Belgium","Carbon Footprint of Bank Loans, Emissions intensities","Annual","Units","","","","","","","","","","","International Monetary Fund (IMF)","Statistics Department (STA)","datahelp@imf.org","","Environment and climate; Greenhouse gas emissions","","Climate Finance","English","2026-01-08T16:00:03.846448200Z","2026-01-08T16:00:03.953626900Z","","","Public (Unrestricted)","","Public or Unrestricted","","OECD (2021), OECD Inter-Country Input-Output Database, https://oe.cd/icio; International Monetary Fund (IMF), Statistics Department Questionnaire; IMF staff calculations.","© International Monetary Fund Copyright. All Rights Reserved. https://www.imf.org/external/terms.htm","International Monetary Fund. Carbon Footprint of Bank Loans,  https://data.imf.org/en/datasets/IMF.STA:CFBL. Accessed on [current date].","","","","","","","","","","93.65346079","78.70857419","76.22041915","94.20904879","80.93019381","82.46769799","74.34830628"
"IMF.STA:CFBL(1.0.3)","CHE.CFALTLBE_EMINORM.A","OBS_VALUE","Switzerland","Carbon Footprint of Bank Loans, Emissions intensities (normalized)","Annual","Units","","","","","","","","","","","International Monetary Fund (IMF)","Statistics Department (STA)","datahelp@imf.org","","Environment and climate; Greenhouse gas emissions","","Climate Finance","English","2026-01-08T16:00:03.846448200Z","2026-01-08T16:00:03.953626900Z","","","Public (Unrestricted)","","Public or Unrestricted","","OECD (2021), OECD Inter-Country Input-Output Database, https://oe.cd/icio; International Monetary Fund (IMF), Statistics Department Questionnaire; IMF staff calculations.","© International Monetary Fund Copyright. All Rights Reserved. https://www.imf.org/external/terms.htm","International Monetary Fund. Carbon Footprint of Bank Loans,  https://data.imf.org/en/datasets/IMF.STA:CFBL. Accessed on [current date].","","","","","","","143.8419093","147.4642057","117.8724137","118.238019","109.8145268","91.77745864","100","106.0847119","97.25089236","89.42094257"
"IMF.STA:CFBL(1.0.3)","PHL.CFALTLBE_EMMNORM.A","OBS_VALUE","Philippines","Carbon Footprint of Bank Loans, Emissions multipliers (normalized)","Annual","Units","","","","","","","","","","","International Monetary Fund (IMF)","Statistics Department (STA)","datahelp@imf.org","","Environment and climate; Greenhouse gas emissions","","Climate Finance","English","2026-01-08T16:00:03.846448200Z","2026-01-08T16:00:03.953626900Z","","","Public (Unrestricted)","","Public or Unrestricted","","OECD (2021), OECD Inter-Country Input-Output Database, https://oe.cd/icio; International Monetary Fund (IMF), Statistics Department Questionnaire; IMF staff calculations.","© International Monetary Fund Copyright. All Rights Reserved. https://www.imf.org/external/terms.htm","International Monetary Fund. Carbon Footprint of Bank Loans,  https://data.imf.org/en/datasets/IMF.STA:CFBL. Accessed on [current date].","","","122.1574535","94.68106205","94.19329962","70.64553523","80.0141766","73.96738287","76.65437724","69.9823031","80.53181246","87.88259633","100","105.8204601","119.8960805","118.687644"
"IMF.STA:CFBL(1.0.3)","CRI.CFALTLBE_EMINORM.A","OBS_VALUE","Costa Rica","Carbon Footprint of Bank Loans, Emissions intensities (normalized)","Annual","Units","","","","","","","","","","","International Monetary Fund (IMF)","Statistics Department (STA)","datahelp@imf.org","","Environment and climate; Greenhouse gas emissions","","Climate Finance","English","2026-01-08T16:00:03.846448200Z","2026-01-08T16:00:03.953626900Z","","","Public (Unrestricted)","","Public or Unrestricted","","OECD (2021), OECD Inter-Country Input-Output Database, https://oe.cd/icio; International Monetary Fund (IMF), Statistics Department Questionnaire; IMF staff calculations.","© International Monetary Fund Copyright. All Rights Reserved. https://www.imf.org/external/terms.htm","International Monetary Fund. Carbon Footprint of Bank Loans,  https://data.imf.org/en/datasets/IMF.STA:CFBL. Accessed on [current date].","","","","","","243.7156317","209.2253966","171.9885171","147.1056999","137.7196496","158.0073033","150.4772247","100","101.6170091","94.70057899","96.45922908"
"IMF.STA:CFBL(1.0.3)","BEL.CFALTLBE_EMM.A","OBS_VALUE","Belgium","Carbon Footprint of Bank Loans, Emissions multipliers","Annual","Units","","","","","","","","","","","International Monetary Fund (IMF)","Statistics Department (STA)","datahelp@imf.org","","Environment and climate; Greenhouse gas emissions","","Climate Finance","English","2026-01-08T16:00:03.846448200Z","2026-01-08T16:00:03.953626900Z","","","Public (Unrestricted)","","Public or Unrestricted","","OECD (2021), OECD Inter-Country Input-Output Database, https://oe.cd/icio; International Monetary Fund (IMF), Statistics Department Questionnaire; IMF staff calculations.","© International Monetary Fund Copyright. All Rights Reserved. https://www.imf.org/external/terms.htm","International Monetary Fund. Carbon Footprint of Bank Loans,  https://data.imf.org/en/datasets/IMF.STA:CFBL. Accessed on [current date].","","","","","","","","","","139.6893318","120.8729475","113.850466","141.4612693","124.174458","123.2863783","112.6552115"
"IMF.STA:CFBL(1.0.3)","JPN.CFALTLBE_EMMNORM.A","OBS_VALUE","Japan","Carbon Footprint of Bank Loans, Emissions multipliers (normalized)","Annual","Units","","","","","","","","","","","International Monetary Fund (IMF)","Statistics Department (STA)","datahelp@imf.org","","Environment and climate; Greenhouse gas emissions","","Climate Finance","English","2026-01-08T16:00:03.846448200Z","2026-01-08T16:00:03.953626900Z","","","Public (Unrestricted)","","Public or Unrestricted","","OECD (2021), OECD Inter-Country Input-Output Database, https://oe.cd/icio; International Monetary Fund (IMF), Statistics Department Questionnaire; IMF staff calculations.","© International Monetary Fund Copyright. All Rights Reserved. https://www.imf.org/external/terms.htm","International Monetary Fund. Carbon Footprint of Bank Loans,  https://data.imf.org/en/datasets/IMF.STA:CFBL. Accessed on [current date].","","","","","","","68.81795859","63.62903342","71.94232433","74.78786464","90.76159947","90.93461863","100","91.47365369","90.05632753","86.424967"
"IMF.STA:CFBL(1.0.3)","BRN.CFALTLBE_EMI.A","OBS_VALUE","Brunei Darussalam","Carbon Footprint of Bank Loans, Emissions intensities","Annual","Units","","","","","","","","","","","International Monetary Fund (IMF)","Statistics Department (STA)","datahelp@imf.org","","Environment and climate; Greenhouse gas emissions","","Climate Finance","English","2026-01-08T16:00:03.846448200Z","2026-01-08T16:00:03.953626900Z","","","Public (Unrestricted)","","Public or Unrestricted","","OECD (2021), OECD Inter-Country Input-Output Database, https://oe.cd/icio; International Monetary Fund (IMF), Statistics Department Questionnaire; IMF staff calculations.","© International Monetary Fund Copyright. All Rights Reserved. https://www.imf.org/external/terms.htm","International Monetary Fund. Carbon Footprint of Bank Loans,  https://data.imf.org/en/datasets/IMF.STA:CFBL. Accessed on [current date].","","","","","","","","283.0327186","94.8857792","123.5472968","150.9597958","181.2966644","154.6156237","181.9084995","151.4033961","239.5408111"
"IMF.STA:CFBL(1.0.3)","CRI.CFALTLBE_EMM.A","OBS_VALUE","Costa Rica","Carbon Footprint of Bank Loans, Emissions multipliers","Annual","Units","","","","","","","","","","","International Monetary Fund (IMF)","Statistics Department (STA)","datahelp@imf.org","","Environment and climate; Greenhouse gas emissions","","Climate Finance","English","2026-01-08T16:00:03.846448200Z","2026-01-08T16:00:03.953626900Z","","","Public (Unrestricted)","","Public or Unrestricted","","OECD (2021), OECD Inter-Country Input-Output Database, https://oe.cd/icio; International Monetary Fund (IMF), Statistics Department Questionnaire; IMF staff calculations.","© International Monetary Fund Copyright. All Rights Reserved. https://www.imf.org/external/terms.htm","International Monetary Fund. Carbon Footprint of Bank Loans,  https://data.imf.org/en/datasets/IMF.STA:CFBL. Accessed on [current date].","","","","","","119.8113748","107.8065773","89.12599131","78.8172289","70.79326676","78.83751486","74.65743055","51.44788113","51.00710419","51.13327456","51.34346448"
"IMF.STA:CFBL(1.0.3)","NLD.CFALTLBE_EMINORM.A","OBS_VALUE","Netherlands, The","Carbon Footprint of Bank Loans, Emissions intensities (normalized)","Annual","Units","","","","","","","","","","","International Monetary Fund (IMF)","Statistics Department (STA)","datahelp@imf.org","","Environment and climate; Greenhouse gas emissions","","Climate Finance","English","2026-01-08T16:00:03.846448200Z","2026-01-08T16:00:03.953626900Z","","","Public (Unrestricted)","","Public or Unrestricted","","OECD (2021), OECD Inter-Country Input-Output Database, https://oe.cd/icio; International Monetary Fund (IMF), Statistics Department Questionnaire; IMF staff calculations.","© International Monetary Fund Copyright. All Rights Reserved. https://www.imf.org/external/terms.htm","International Monetary Fund. Carbon Footprint of Bank Loans,  https://data.imf.org/en/datasets/IMF.STA:CFBL. Accessed on [current date].","","","","","","","","","","","","","100","105.1827205","97.19872116","85.92468479"
"IMF.STA:CFBL(1.0.3)","BRN.CFALTLBE_EMMNORM.A","OBS_VALUE","Brunei Darussalam","Carbon Footprint of Bank Loans, Emissions multipliers (normalized)","Annual","Units","","","","","","","","","","","International Monetary Fund (IMF)","Statistics Department (STA)","datahelp@imf.org","","Environment and climate; Greenhouse gas emissions","","Climate Finance","English","2026-01-08T16:00:03.846448200Z","2026-01-08T16:00:03.953626900Z","","","Public (Unrestricted)","","Public or Unrestricted","","OECD (2021), OECD Inter-Country Input-Output Database, https://oe.cd/icio; International Monetary Fund (IMF), Statistics Department Questionnaire; IMF staff calculations.","© International Monetary Fund Copyright. All Rights Reserved. https://www.imf.org/external/terms.htm","International Monetary Fund. Carbon Footprint of Bank Loans,  https://data.imf.org/en/datasets/IMF.STA:CFBL. Accessed on [current date].","","","","","","","","152.9279314","76.94575801","87.81271871","94.03407169","101.4919048","100","109.8409446","104.5192781","126.1975616"
"IMF.STA:CFBL(1.0.3)","KOR.CFALTLBE_EMMNORM.A","OBS_VALUE","Korea, Republic of","Carbon Footprint of Bank Loans, Emissions multipliers (normalized)","Annual","Units","","","","","","","","","","","International Monetary Fund (IMF)","Statistics Department (STA)","datahelp@imf.org","","Environment and climate; Greenhouse gas emissions","","Climate Finance","English","2026-01-08T16:00:03.846448200Z","2026-01-08T16:00:03.953626900Z","","","Public (Unrestricted)","","Public or Unrestricted","","OECD (2021), OECD Inter-Country Input-Output Database, https://oe.cd/icio; International Monetary Fund (IMF), Statistics Department Questionnaire; IMF staff calculations.","© International Monetary Fund Copyright. All Rights Reserved. https://www.imf.org/external/terms.htm","International Monetary Fund. Carbon Footprint of Bank Loans,  https://data.imf.org/en/datasets/IMF.STA:CFBL. Accessed on [current date].","","","","","","103.4862627","128.6524065","109.6220983","99.69225769","101.5876917","97.28639091","89.95696148","100","101.6302945","93.46507564","87.76996838"
"IMF.STA:CFBL(1.0.3)","KAZ.CFALTLBE_EMINORM.A","OBS_VALUE","Kazakhstan, Republic of","Carbon Footprint of Bank Loans, Emissions intensities (normalized)","Annual","Units","","","","","","","","","","","International Monetary Fund (IMF)","Statistics Department (STA)","datahelp@imf.org","","Environment and climate; Greenhouse gas emissions","","Climate Finance","English","2026-01-08T16:00:03.846448200Z","2026-01-08T16:00:03.953626900Z","","","Public (Unrestricted)","","Public or Unrestricted","","OECD (2021), OECD Inter-Country Input-Output Database, https://oe.cd/icio; International Monetary Fund (IMF), Statistics Department Questionnaire; IMF staff calculations.","© International Monetary Fund Copyright. All Rights Reserved. https://www.imf.org/external/terms.htm","International Monetary Fund. Carbon Footprint of Bank Loans,  https://data.imf.org/en/datasets/IMF.STA:CFBL. Accessed on [current date].","","","","","","","","","64.69078833","58.70267699","67.99698826","68.59635846","100","162.9327684","190.7163081","176.9562195"
"IMF.STA:CFBL(1.0.3)","CRI.CFALTLBE_EMI.A","OBS_VALUE","Costa Rica","Carbon Footprint of Bank Loans, Emissions intensities","Annual","Units","","","","","","","","","","","International Monetary Fund (IMF)","Statistics Department (STA)","datahelp@imf.org","","Environment and climate; Greenhouse gas emissions","","Climate Finance","English","2026-01-08T16:00:03.846448200Z","2026-01-08T16:00:03.953626900Z","","","Public (Unrestricted)","","Public or Unrestricted","","OECD (2021), OECD Inter-Country Input-Output Database, https://oe.cd/icio; International Monetary Fund (IMF), Statistics Department Questionnaire; IMF staff calculations.","© International Monetary Fund Copyright. All Rights Reserved. https://www.imf.org/external/terms.htm","International Monetary Fund. Carbon Footprint of Bank Loans,  https://data.imf.org/en/datasets/IMF.STA:CFBL. Accessed on [current date].","","","","","","76.04140126","65.28014729","53.66191632","45.8982605","42.969731","49.29965578","46.95020564","31.20087157","31.70539251","29.54740603","30.09612018"
"IMF.STA:CFBL(1.0.3)","MLT.CFALTLBE_EMMNORM.A","OBS_VALUE","Malta","Carbon Footprint of Bank Loans, Emissions multipliers (normalized)","Annual","Units","","","","","","","","","","","International Monetary Fund (IMF)","Statistics Department (STA)","datahelp@imf.org","","Environment and climate; Greenhouse gas emissions","","Climate Finance","English","2026-01-08T16:00:03.846448200Z","2026-01-08T16:00:03.953626900Z","","","Public (Unrestricted)","","Public or Unrestricted","","OECD (2021), OECD Inter-Country Input-Output Database, https://oe.cd/icio; International Monetary Fund (IMF), Statistics Department Questionnaire; IMF staff calculations.","© International Monetary Fund Copyright. All Rights Reserved. https://www.imf.org/external/terms.htm","International Monetary Fund. Carbon Footprint of Bank Loans,  https://data.imf.org/en/datasets/IMF.STA:CFBL. Accessed on [current date].","","","","","","","","253.4757622","238.8948902","156.1318356","129.0684589","164.358793","100","75.78739755","77.46549885","68.96214694"
"IMF.STA:CFBL(1.0.3)","KOR.CFALTLBE_EMI.A","OBS_VALUE","Korea, Republic of","Carbon Footprint of Bank Loans, Emissions intensities","Annual","Units","","","","","","","","","","","International Monetary Fund (IMF)","Statistics Department (STA)","datahelp@imf.org","","Environment and climate; Greenhouse gas emissions","","Climate Finance","English","2026-01-08T16:00:03.846448200Z","2026-01-08T16:00:03.953626900Z","","","Public (Unrestricted)","","Public or Unrestricted","","OECD (2021), OECD Inter-Country Input-Output Database, https://oe.cd/icio; International Monetary Fund (IMF), Statistics Department Questionnaire; IMF staff calculations.","© International Monetary Fund Copyright. All Rights Reserved. https://www.imf.org/external/terms.htm","International Monetary Fund. Carbon Footprint of Bank Loans,  https://data.imf.org/en/datasets/IMF.STA:CFBL. Accessed on [current date].","","","","","","121.346903","147.3705136","124.4442456","118.2904517","117.1478964","106.7754523","97.58285487","112.1841666","114.9723986","104.5734167","96.89379394"
"IMF.STA:CFBL(1.0.3)","FIN.CFALTLBE_EMM.A","OBS_VALUE","Finland","Carbon Footprint of Bank Loans, Emissions multipliers","Annual","Units","","","","","","","","","","","International Monetary Fund (IMF)","Statistics Department (STA)","datahelp@imf.org","","Environment and climate; Greenhouse gas emissions","","Climate Finance","English","2026-01-08T16:00:03.846448200Z","2026-01-08T16:00:03.953626900Z","","","Public (Unrestricted)","","Public or Unrestricted","","OECD (2021), OECD Inter-Country Input-Output Database, https://oe.cd/icio; International Monetary Fund (IMF), Statistics Department Questionnaire; IMF staff calculations.","© International Monetary Fund Copyright. All Rights Reserved. https://www.imf.org/external/terms.htm","International Monetary Fund. Carbon Footprint of Bank Loans,  https://data.imf.org/en/datasets/IMF.STA:CFBL. Accessed on [current date].","","","","","","","","291.0081423","228.7213899","208.1492555","227.4918299","215.522411","221.5177238","231.7292654","215.8268442","206.9898989"
"IMF.STA:CFBL(1.0.3)","MLT.CFALTLBE_EMINORM.A","OBS_VALUE","Malta","Carbon Footprint of Bank Loans, Emissions intensities (normalized)","Annual","Units","","","","","","","","","","","International Monetary Fund (IMF)","Statistics Department (STA)","datahelp@imf.org","","Environment and climate; Greenhouse gas emissions","","Climate Finance","English","2026-01-08T16:00:03.846448200Z","2026-01-08T16:00:03.953626900Z","","","Public (Unrestricted)","","Public or Unrestricted","","OECD (2021), OECD Inter-Country Input-Output Database, https://oe.cd/icio; International Monetary Fund (IMF), Statistics Department Questionnaire; IMF staff calculations.","© International Monetary Fund Copyright. All Rights Reserved. https://www.imf.org/external/terms.htm","International Monetary Fund. Carbon Footprint of Bank Loans,  https://data.imf.org/en/datasets/IMF.STA:CFBL. Accessed on [current date].","","","","","","","","252.696108","259.1227141","138.4570832","123.5063073","157.4670519","100","73.49532217","70.70757354","59.81347734"
"IMF.STA:CFBL(1.0.3)","FIN.CFALTLBE_EMI.A","OBS_VALUE","Finland","Carbon Footprint of Bank Loans, Emissions intensities","Annual","Units","","","","","","","","","","","International Monetary Fund (IMF)","Statistics Department (STA)","datahelp@imf.org","","Environment and climate; Greenhouse gas emissions","","Climate Finance","English","2026-01-08T16:00:03.846448200Z","2026-01-08T16:00:03.953626900Z","","","Public (Unrestricted)","","Public or Unrestricted","","OECD (2021), OECD Inter-Country Input-Output Database, https://oe.cd/icio; International Monetary Fund (IMF), Statistics Department Questionnaire; IMF staff calculations.","© International Monetary Fund Copyright. All Rights Reserved. https://www.imf.org/external/terms.htm","International Monetary Fund. Carbon Footprint of Bank Loans,  https://data.imf.org/en/datasets/IMF.STA:CFBL. Accessed on [current date].","","","","","","","","171.7146527","136.0137798","122.5170044","139.5750145","132.8755911","146.8411546","158.0195176","151.8813941","145.5367925"
"IMF.STA:CFBL(1.0.3)","CAN.CFALTLBE_EMMNORM.A","OBS_VALUE","Canada","Carbon Footprint of Bank Loans, Emissions multipliers (normalized)","Annual","Units","","","","","","","","","","","International Monetary Fund (IMF)","Statistics Department (STA)","datahelp@imf.org","","Environment and climate; Greenhouse gas emissions","","Climate Finance","English","2026-01-08T16:00:03.846448200Z","2026-01-08T16:00:03.953626900Z","","","Public (Unrestricted)","","Public or Unrestricted","","OECD (2021), OECD Inter-Country Input-Output Database, https://oe.cd/icio; International Monetary Fund (IMF), Statistics Department Questionnaire; IMF staff calculations.","© International Monetary Fund Copyright. All Rights Reserved. https://www.imf.org/external/terms.htm","International Monetary Fund. Carbon Footprint of Bank Loans,  https://data.imf.org/en/datasets/IMF.STA:CFBL. Accessed on [current date].","","","105.0806139","97.67905505","92.5449002","84.25241527","92.69385399","80.71749694","74.52062136","71.7755746","74.79862538","80.54938836","100","103.2261992","88.65606882","87.45407577"
"IMF.STA:CFBL(1.0.3)","ESP.CFALTLBE_EMI.A","OBS_VALUE","Spain","Carbon Footprint of Bank Loans, Emissions intensities","Annual","Units","","","","","","","","","","","International Monetary Fund (IMF)","Statistics Department (STA)","datahelp@imf.org","","Environment and climate; Greenhouse gas emissions","","Climate Finance","English","2026-01-08T16:00:03.846448200Z","2026-01-08T16:00:03.953626900Z","","","Public (Unrestricted)","","Public or Unrestricted","","OECD (2021), OECD Inter-Country Input-Output Database, https://oe.cd/icio; International Monetary Fund (IMF), Statistics Department Questionnaire; IMF staff calculations.","© International Monetary Fund Copyright. All Rights Reserved. https://www.imf.org/external/terms.htm","International Monetary Fund. Carbon Footprint of Bank Loans,  https://data.imf.org/en/datasets/IMF.STA:CFBL. Accessed on [current date].","","","","","","","","","","","","63.80055938","91.12664003","145.0232573","118.0375562","100.2271052"
"IMF.STA:CFBL(1.0.3)","BRN.CFALTLBE_EMINORM.A","OBS_VALUE","Brunei Darussalam","Carbon Footprint of Bank Loans, Emissions intensities (normalized)","Annual","Units","","","","","","","","","","","International Monetary Fund (IMF)","Statistics Department (STA)","datahelp@imf.org","","Environment and climate; Greenhouse gas emissions","","Climate Finance","English","2026-01-08T16:00:03.846448200Z","2026-01-08T16:00:03.953626900Z","","","Public (Unrestricted)","","Public or Unrestricted","","OECD (2021), OECD Inter-Country Input-Output Database, https://oe.cd/icio; International Monetary Fund (IMF), Statistics Department Questionnaire; IMF staff calculations.","© International Monetary Fund Copyright. All Rights Reserved. https://www.imf.org/external/terms.htm","International Monetary Fund. Carbon Footprint of Bank Loans,  https://data.imf.org/en/datasets/IMF.STA:CFBL. Accessed on [current date].","","","","","","","","183.055704","61.36881701","79.90608829","97.63553784","117.2563678","100","117.6520814","97.92244306","154.9266531"
"IMF.STA:CFBL(1.0.3)","KOR.CFALTLBE_EMINORM.A","OBS_VALUE","Korea, Republic of","Carbon Footprint of Bank Loans, Emissions intensities (normalized)","Annual","Units","","","","","","","","","","","International Monetary Fund (IMF)","Statistics Department (STA)","datahelp@imf.org","","Environment and climate; Greenhouse gas emissions","","Climate Finance","English","2026-01-08T16:00:03.846448200Z","2026-01-08T16:00:03.953626900Z","","","Public (Unrestricted)","","Public or Unrestricted","","OECD (2021), OECD Inter-Country Input-Output Database, https://oe.cd/icio; International Monetary Fund (IMF), Statistics Department Questionnaire; IMF staff calculations.","© International Monetary Fund Copyright. All Rights Reserved. https://www.imf.org/external/terms.htm","International Monetary Fund. Carbon Footprint of Bank Loans,  https://data.imf.org/en/datasets/IMF.STA:CFBL. Accessed on [current date].","","","","","","108.1675844","131.3648067","110.9285288","105.4430899","104.424626","95.17871863","86.98451646","100","102.485406","93.21584305","86.37029349"
"IMF.STA:CFBL(1.0.3)","NLD.CFALTLBE_EMM.A","OBS_VALUE","Netherlands, The","Carbon Footprint of Bank Loans, Emissions multipliers","Annual","Units","","","","","","","","","","","International Monetary Fund (IMF)","Statistics Department (STA)","datahelp@imf.org","","Environment and climate; Greenhouse gas emissions","","Climate Finance","English","2026-01-08T16:00:03.846448200Z","2026-01-08T16:00:03.953626900Z","","","Public (Unrestricted)","","Public or Unrestricted","","OECD (2021), OECD Inter-Country Input-Output Database, https://oe.cd/icio; International Monetary Fund (IMF), Statistics Department Questionnaire; IMF staff calculations.","© International Monetary Fund Copyright. All Rights Reserved. https://www.imf.org/external/terms.htm","International Monetary Fund. Carbon Footprint of Bank Loans,  https://data.imf.org/en/datasets/IMF.STA:CFBL. Accessed on [current date].","","","","","","","","","","","","","156.3128294","165.5784431","150.0322529","130.9479412"
"IMF.STA:CFBL(1.0.3)","ESP.CFALTLBE_EMM.A","OBS_VALUE","Spain","Carbon Footprint of Bank Loans, Emissions multipliers","Annual","Units","","","","","","","","","","","International Monetary Fund (IMF)","Statistics Department (STA)","datahelp@imf.org","","Environment and climate; Greenhouse gas emissions","","Climate Finance","English","2026-01-08T16:00:03.846448200Z","2026-01-08T16:00:03.953626900Z","","","Public (Unrestricted)","","Public or Unrestricted","","OECD (2021), OECD Inter-Country Input-Output Database, https://oe.cd/icio; International Monetary Fund (IMF), Statistics Department Questionnaire; IMF staff calculations.","© International Monetary Fund Copyright. All Rights Reserved. https://www.imf.org/external/terms.htm","International Monetary Fund. Carbon Footprint of Bank Loans,  https://data.imf.org/en/datasets/IMF.STA:CFBL. Accessed on [current date].","","","","","","","","","","","","125.0334305","166.6465676","215.0954969","189.4412944","163.6733147"
"IMF.STA:CFBL(1.0.3)","NLD.CFALTLBE_EMI.A","OBS_VALUE","Netherlands, The","Carbon Footprint of Bank Loans, Emissions intensities","Annual","Units","","","","","","","","","","","International Monetary Fund (IMF)","Statistics Department (STA)","datahelp@imf.org","","Environment and climate; Greenhouse gas emissions","","Climate Finance","English","2026-01-08T16:00:03.846448200Z","2026-01-08T16:00:03.953626900Z","","","Public (Unrestricted)","","Public or Unrestricted","","OECD (2021), OECD Inter-Country Input-Output Database, https://oe.cd/icio; International Monetary Fund (IMF), Statistics Department Questionnaire; IMF staff calculations.","© International Monetary Fund Copyright. All Rights Reserved. https://www.imf.org/external/terms.htm","International Monetary Fund. Carbon Footprint of Bank Loans,  https://data.imf.org/en/datasets/IMF.STA:CFBL. Accessed on [current date].","","","","","","","","","","","","","96.79106427","101.8074746","94.07967667","83.16741688"
"IMF.STA:CFBL(1.0.3)","JPN.CFALTLBE_EMINORM.A","OBS_VALUE","Japan","Carbon Footprint of Bank Loans, Emissions intensities (normalized)","Annual","Units","","","","","","","","","","","International Monetary Fund (IMF)","Statistics Department (STA)","datahelp@imf.org","","Environment and climate; Greenhouse gas emissions","","Climate Finance","English","2026-01-08T16:00:03.846448200Z","2026-01-08T16:00:03.953626900Z","","","Public (Unrestricted)","","Public or Unrestricted","","OECD (2021), OECD Inter-Country Input-Output Database, https://oe.cd/icio; International Monetary Fund (IMF), Statistics Department Questionnaire; IMF staff calculations.","© International Monetary Fund Copyright. All Rights Reserved. https://www.imf.org/external/terms.htm","International Monetary Fund. Carbon Footprint of Bank Loans,  https://data.imf.org/en/datasets/IMF.STA:CFBL. Accessed on [current date].","","","","","","","62.57753975","59.30639509","66.35771353","70.18163192","88.51769523","88.93116771","100","94.62158268","95.52338121","91.42351849"
"IMF.STA:CFBL(1.0.3)","PER.CFALTLBE_EMINORM.A","OBS_VALUE","Peru","Carbon Footprint of Bank Loans, Emissions intensities (normalized)","Annual","Units","","","","","","","","","","","International Monetary Fund (IMF)","Statistics Department (STA)","datahelp@imf.org","","Environment and climate; Greenhouse gas emissions","","Climate Finance","English","2026-01-08T16:00:03.846448200Z","2026-01-08T16:00:03.953626900Z","","","Public (Unrestricted)","","Public or Unrestricted","","OECD (2021), OECD Inter-Country Input-Output Database, https://oe.cd/icio; International Monetary Fund (IMF), Statistics Department Questionnaire; IMF staff calculations.","© International Monetary Fund Copyright. All Rights Reserved. https://www.imf.org/external/terms.htm","International Monetary Fund. Carbon Footprint of Bank Loans,  https://data.imf.org/en/datasets/IMF.STA:CFBL. Accessed on [current date].","","","","","99.00178845","100.5211665","111.7023073","123.4278437","119.1530275","110.2631921","87.17667271","92.37572571","100","117.5432813","93.90463618","78.95738225"
"IMF.STA:CFBL(1.0.3)","TUR.CFALTLBE_EMINORM.A","OBS_VALUE","Türkiye, Republic of","Carbon Footprint of Bank Loans, Emissions intensities (normalized)","Annual","Units","","","","","","","","","","","International Monetary Fund (IMF)","Statistics Department (STA)","datahelp@imf.org","","Environment and climate; Greenhouse gas emissions","","Climate Finance","English","2026-01-08T16:00:03.846448200Z","2026-01-08T16:00:03.953626900Z","","","Public (Unrestricted)","","Public or Unrestricted","","OECD (2021), OECD Inter-Country Input-Output Database, https://oe.cd/icio; International Monetary Fund (IMF), Statistics Department Questionnaire; IMF staff calculations.","© International Monetary Fund Copyright. All Rights Reserved. https://www.imf.org/external/terms.htm","International Monetary Fund. Carbon Footprint of Bank Loans,  https://data.imf.org/en/datasets/IMF.STA:CFBL. Accessed on [current date].","","","69.12113415","76.58436887","65.65976622","53.33743407","67.83335235","69.99797233","76.17746578","79.39291703","76.05039948","84.07106976","100","115.3695149","123.5910998","154.4844415"
"IMF.STA:CFBL(1.0.3)","CZE.CFALTLBE_EMINORM.A","OBS_VALUE","Czech Republic","Carbon Footprint of Bank Loans, Emissions intensities (normalized)","Annual","Units","","","","","","","","","","","International Monetary Fund (IMF)","Statistics Department (STA)","datahelp@imf.org","","Environment and climate; Greenhouse gas emissions","","Climate Finance","English","2026-01-08T16:00:03.846448200Z","2026-01-08T16:00:03.953626900Z","","","Public (Unrestricted)","","Public or Unrestricted","","OECD (2021), OECD Inter-Country Input-Output Database, https://oe.cd/icio; International Monetary Fund (IMF), Statistics Department Questionnaire; IMF staff calculations.","© International Monetary Fund Copyright. All Rights Reserved. https://www.imf.org/external/terms.htm","International Monetary Fund. Carbon Footprint of Bank Loans,  https://data.imf.org/en/datasets/IMF.STA:CFBL. Accessed on [current date].","","","104.137256","71.45859664","69.92945918","47.4870255","61.1506734","69.74061269","67.23404012","71.72293197","79.593763","93.44801663","100","99.90107005","91.36403223","75.25531514"
"IMF.STA:CFBL(1.0.3)","PER.CFALTLBE_EMM.A","OBS_VALUE","Peru","Carbon Footprint of Bank Loans, Emissions multipliers","Annual","Units","","","","","","","","","","","International Monetary Fund (IMF)","Statistics Department (STA)","datahelp@imf.org","","Environment and climate; Greenhouse gas emissions","","Climate Finance","English","2026-01-08T16:00:03.846448200Z","2026-01-08T16:00:03.953626900Z","","","Public (Unrestricted)","","Public or Unrestricted","","OECD (2021), OECD Inter-Country Input-Output Database, https://oe.cd/icio; International Monetary Fund (IMF), Statistics Department Questionnaire; IMF staff calculations.","© International Monetary Fund Copyright. All Rights Reserved. https://www.imf.org/external/terms.htm","International Monetary Fund. Carbon Footprint of Bank Loans,  https://data.imf.org/en/datasets/IMF.STA:CFBL. Accessed on [current date].","","","","","312.5664745","303.4787653","337.0473137","360.9670866","349.374619","317.5357843","258.1819017","278.4387433","296.471838","336.9917846","268.0842855","228.9412043"
"IMF.STA:CFBL(1.0.3)","BGR.CFALTLBE_EMINORM.A","OBS_VALUE","Bulgaria","Carbon Footprint of Bank Loans, Emissions intensities (normalized)","Annual","Units","","","","","","","","","","","International Monetary Fund (IMF)","Statistics Department (STA)","datahelp@imf.org","","Environment and climate; Greenhouse gas emissions","","Climate Finance","English","2026-01-08T16:00:03.846448200Z","2026-01-08T16:00:03.953626900Z","","","Public (Unrestricted)","","Public or Unrestricted","","OECD (2021), OECD Inter-Country Input-Output Database, https://oe.cd/icio; International Monetary Fund (IMF), Statistics Department Questionnaire; IMF staff calculations.","© International Monetary Fund Copyright. All Rights Reserved. https://www.imf.org/external/terms.htm","International Monetary Fund. Carbon Footprint of Bank Loans,  https://data.imf.org/en/datasets/IMF.STA:CFBL. Accessed on [current date].","","","","","","","64.01758407","69.12239792","69.27727555","83.6012024","62.70283845","80.99424728","100","94.8823847","92.18084464","80.34750667"
"IMF.STA:CFBL(1.0.3)","HRV.CFALTLBE_EMI.A","OBS_VALUE","Croatia, Republic of","Carbon Footprint of Bank Loans, Emissions intensities","Annual","Units","","","","","","","","","","","International Monetary Fund (IMF)","Statistics Department (STA)","datahelp@imf.org","","Environment and climate; Greenhouse gas emissions","","Climate Finance","English","2026-01-08T16:00:03.846448200Z","2026-01-08T16:00:03.953626900Z","","","Public (Unrestricted)","","Public or Unrestricted","","OECD (2021), OECD Inter-Country Input-Output Database, https://oe.cd/icio; International Monetary Fund (IMF), Statistics Department Questionnaire; IMF staff calculations.","© International Monetary Fund Copyright. All Rights Reserved. https://www.imf.org/external/terms.htm","International Monetary Fund. Carbon Footprint of Bank Loans,  https://data.imf.org/en/datasets/IMF.STA:CFBL. Accessed on [current date].","","","","","","","","79.26045168","79.82816021","82.60128677","82.55959949","76.69187687","87.6480089","103.8892954","102.3727224","91.29694546"
"IMF.STA:CFBL(1.0.3)","LVA.CFALTLBE_EMINORM.A","OBS_VALUE","Latvia, Republic of","Carbon Footprint of Bank Loans, Emissions intensities (normalized)","Annual","Units","","","","","","","","","","","International Monetary Fund (IMF)","Statistics Department (STA)","datahelp@imf.org","","Environment and climate; Greenhouse gas emissions","","Climate Finance","English","2026-01-08T16:00:03.846448200Z","2026-01-08T16:00:03.953626900Z","","","Public (Unrestricted)","","Public or Unrestricted","","OECD (2021), OECD Inter-Country Input-Output Database, https://oe.cd/icio; International Monetary Fund (IMF), Statistics Department Questionnaire; IMF staff calculations.","© International Monetary Fund Copyright. All Rights Reserved. https://www.imf.org/external/terms.htm","International Monetary Fund. Carbon Footprint of Bank Loans,  https://data.imf.org/en/datasets/IMF.STA:CFBL. Accessed on [current date].","","","","","","60.11597302","67.15343199","84.27216819","71.36295675","86.84100327","87.35515546","79.28076484","100","101.3221653","85.77419059","97.5550028"
"IMF.STA:CFBL(1.0.3)","HRV.CFALTLBE_EMINORM.A","OBS_VALUE","Croatia, Republic of","Carbon Footprint of Bank Loans, Emissions intensities (normalized)","Annual","Units","","","","","","","","","","","International Monetary Fund (IMF)","Statistics Department (STA)","datahelp@imf.org","","Environment and climate; Greenhouse gas emissions","","Climate Finance","English","2026-01-08T16:00:03.846448200Z","2026-01-08T16:00:03.953626900Z","","","Public (Unrestricted)","","Public or Unrestricted","","OECD (2021), OECD Inter-Country Input-Output Database, https://oe.cd/icio; International Monetary Fund (IMF), Statistics Department Questionnaire; IMF staff calculations.","© International Monetary Fund Copyright. All Rights Reserved. https://www.imf.org/external/terms.htm","International Monetary Fund. Carbon Footprint of Bank Loans,  https://data.imf.org/en/datasets/IMF.STA:CFBL. Accessed on [current date].","","","","","","","","90.43040758","91.0781217","94.2420573","94.19449515","87.49985063","100","118.530126","116.7998266","104.1631711"
"IMF.STA:CFBL(1.0.3)","HRV.CFALTLBE_EMM.A","OBS_VALUE","Croatia, Republic of","Carbon Footprint of Bank Loans, Emissions multipliers","Annual","Units","","","","","","","","","","","International Monetary Fund (IMF)","Statistics Department (STA)","datahelp@imf.org","","Environment and climate; Greenhouse gas emissions","","Climate Finance","English","2026-01-08T16:00:03.846448200Z","2026-01-08T16:00:03.953626900Z","","","Public (Unrestricted)","","Public or Unrestricted","","OECD (2021), OECD Inter-Country Input-Output Database, https://oe.cd/icio; International Monetary Fund (IMF), Statistics Department Questionnaire; IMF staff calculations.","© International Monetary Fund Copyright. All Rights Reserved. https://www.imf.org/external/terms.htm","International Monetary Fund. Carbon Footprint of Bank Loans,  https://data.imf.org/en/datasets/IMF.STA:CFBL. Accessed on [current date].","","","","","","","","187.3568577","179.8904095","185.4009432","179.3382483","164.305236","184.5881716","206.0635263","197.1281627","168.6399031"
"IMF.STA:CFBL(1.0.3)","CYP.CFALTLBE_EMINORM.A","OBS_VALUE","Cyprus","Carbon Footprint of Bank Loans, Emissions intensities (normalized)","Annual","Units","","","","","","","","","","","International Monetary Fund (IMF)","Statistics Department (STA)","datahelp@imf.org","","Environment and climate; Greenhouse gas emissions","","Climate Finance","English","2026-01-08T16:00:03.846448200Z","2026-01-08T16:00:03.953626900Z","","","Public (Unrestricted)","","Public or Unrestricted","","OECD (2021), OECD Inter-Country Input-Output Database, https://oe.cd/icio; International Monetary Fund (IMF), Statistics Department Questionnaire; IMF staff calculations.","© International Monetary Fund Copyright. All Rights Reserved. https://www.imf.org/external/terms.htm","International Monetary Fund. Carbon Footprint of Bank Loans,  https://data.imf.org/en/datasets/IMF.STA:CFBL. Accessed on [current date].","","","","","","","","130.9186562","150.2821122","141.5819813","121.0680391","119.0270491","100","113.3895011","111.341593","96.932128"
"IMF.STA:CFBL(1.0.3)","PER.CFALTLBE_EMI.A","OBS_VALUE","Peru","Carbon Footprint of Bank Loans, Emissions intensities","Annual","Units","","","","","","","","","","","International Monetary Fund (IMF)","Statistics Department (STA)","datahelp@imf.org","","Environment and climate; Greenhouse gas emissions","","Climate Finance","English","2026-01-08T16:00:03.846448200Z","2026-01-08T16:00:03.953626900Z","","","Public (Unrestricted)","","Public or Unrestricted","","OECD (2021), OECD Inter-Country Input-Output Database, https://oe.cd/icio; International Monetary Fund (IMF), Statistics Department Questionnaire; IMF staff calculations.","© International Monetary Fund Copyright. All Rights Reserved. https://www.imf.org/external/terms.htm","International Monetary Fund. Carbon Footprint of Bank Loans,  https://data.imf.org/en/datasets/IMF.STA:CFBL. Accessed on [current date].","","","","","208.8370584","212.0420758","235.6278775","260.362042","251.3446287","232.5921688","183.8928385","194.8598619","210.9427129","247.9489864","198.0849871","166.5548442"
"IMF.STA:CFBL(1.0.3)","COL.CFALTLBE_EMINORM.A","OBS_VALUE","Colombia","Carbon Footprint of Bank Loans, Emissions intensities (normalized)","Annual","Units","","","","","","","","","","","International Monetary Fund (IMF)","Statistics Department (STA)","datahelp@imf.org","","Environment and climate; Greenhouse gas emissions","","Climate Finance","English","2026-01-08T16:00:03.846448200Z","2026-01-08T16:00:03.953626900Z","","","Public (Unrestricted)","","Public or Unrestricted","","OECD (2021), OECD Inter-Country Input-Output Database, https://oe.cd/icio; International Monetary Fund (IMF), Statistics Department Questionnaire; IMF staff calculations.","© International Monetary Fund Copyright. All Rights Reserved. https://www.imf.org/external/terms.htm","International Monetary Fund. Carbon Footprint of Bank Loans,  https://data.imf.org/en/datasets/IMF.STA:CFBL. Accessed on [current date].","","","","","","","","","","","","","100","103.2726095","85.11529074","85.93421201"
"IMF.STA:CFBL(1.0.3)","SVK.CFALTLBE_EMINORM.A","OBS_VALUE","Slovak Republic","Carbon Footprint of Bank Loans, Emissions intensities (normalized)","Annual","Units","","","","","","","","","","","International Monetary Fund (IMF)","Statistics Department (STA)","datahelp@imf.org","","Environment and climate; Greenhouse gas emissions","","Climate Finance","English","2026-01-08T16:00:03.846448200Z","2026-01-08T16:00:03.953626900Z","","","Public (Unrestricted)","","Public or Unrestricted","","OECD (2021), OECD Inter-Country Input-Output Database, https://oe.cd/icio; International Monetary Fund (IMF), Statistics Department Questionnaire; IMF staff calculations.","© International Monetary Fund Copyright. All Rights Reserved. https://www.imf.org/external/terms.htm","International Monetary Fund. Carbon Footprint of Bank Loans,  https://data.imf.org/en/datasets/IMF.STA:CFBL. Accessed on [current date].","","","","168.7027169","113.9575736","84.71544886","93.77572623","95.89322888","87.16676629","87.65532535","90.0315545","77.80174203","100","94.30297576","88.93944245","85.6843837"
"IMF.STA:CFBL(1.0.3)","SVN.CFALTLBE_EMINORM.A","OBS_VALUE","Slovenia, Republic of","Carbon Footprint of Bank Loans, Emissions intensities (normalized)","Annual","Units","","","","","","","","","","","International Monetary Fund (IMF)","Statistics Department (STA)","datahelp@imf.org","","Environment and climate; Greenhouse gas emissions","","Climate Finance","English","2026-01-08T16:00:03.846448200Z","2026-01-08T16:00:03.953626900Z","","","Public (Unrestricted)","","Public or Unrestricted","","OECD (2021), OECD Inter-Country Input-Output Database, https://oe.cd/icio; International Monetary Fund (IMF), Statistics Department Questionnaire; IMF staff calculations.","© International Monetary Fund Copyright. All Rights Reserved. https://www.imf.org/external/terms.htm","International Monetary Fund. Carbon Footprint of Bank Loans,  https://data.imf.org/en/datasets/IMF.STA:CFBL. Accessed on [current date].","","","","90.31684787","83.32974242","69.48141814","73.57317232","74.44455192","69.38233882","86.40741651","78.67861795","74.79963476","100","89.32712264","81.30138005","76.03485093"
"IMF.STA:CFBL(1.0.3)","HKG.CFALTLBE_EMINORM.A","OBS_VALUE","Hong Kong Special Administrative Region, People's Republic of China","Carbon Footprint of Bank Loans, Emissions intensities (normalized)","Annual","Units","","","","","","","","","","","International Monetary Fund (IMF)","Statistics Department (STA)","datahelp@imf.org","","Environment and climate; Greenhouse gas emissions","","Climate Finance","English","2026-01-08T16:00:03.846448200Z","2026-01-08T16:00:03.953626900Z","","","Public (Unrestricted)","","Public or Unrestricted","","OECD (2021), OECD Inter-Country Input-Output Database, https://oe.cd/icio; International Monetary Fund (IMF), Statistics Department Questionnaire; IMF staff calculations.","© International Monetary Fund Copyright. All Rights Reserved. https://www.imf.org/external/terms.htm","International Monetary Fund. Carbon Footprint of Bank Loans,  https://data.imf.org/en/datasets/IMF.STA:CFBL. Accessed on [current date].","","","101.7762014","94.52845075","88.08168925","83.08742531","91.33533276","90.41145902","108.8573111","89.76097447","79.26351699","119.8654247","100","97.00944869","96.33288253","83.45864413"
"IMF.STA:CFBL(1.0.3)","DEU.CFALTLBE_EMINORM.A","OBS_VALUE","Germany","Carbon Footprint of Bank Loans, Emissions intensities (normalized)","Annual","Units","","","","","","","","","","","International Monetary Fund (IMF)","Statistics Department (STA)","datahelp@imf.org","","Environment and climate; Greenhouse gas emissions","","Climate Finance","English","2026-01-08T16:00:03.846448200Z","2026-01-08T16:00:03.953626900Z","","","Public (Unrestricted)","","Public or Unrestricted","","OECD (2021), OECD Inter-Country Input-Output Database, https://oe.cd/icio; International Monetary Fund (IMF), Statistics Department Questionnaire; IMF staff calculations.","© International Monetary Fund Copyright. All Rights Reserved. https://www.imf.org/external/terms.htm","International Monetary Fund. Carbon Footprint of Bank Loans,  https://data.imf.org/en/datasets/IMF.STA:CFBL. Accessed on [current date].","","","","","57.88989598","59.33600611","67.43440698","76.49567633","74.01876377","85.24231055","87.89180425","86.01797805","100","95.78698565","83.80968319","74.32448483"
"IMF.STA:CFBL(1.0.3)","TUN.CFALTLBE_EMI.A","OBS_VALUE","Tunisia","Carbon Footprint of Bank Loans, Emissions intensities","Annual","Units","","","","","","","","","","","International Monetary Fund (IMF)","Statistics Department (STA)","datahelp@imf.org","","Environment and climate; Greenhouse gas emissions","","Climate Finance","English","2026-01-08T16:00:03.846448200Z","2026-01-08T16:00:03.953626900Z","","","Public (Unrestricted)","","Public or Unrestricted","","OECD (2021), OECD Inter-Country Input-Output Database, https://oe.cd/icio; International Monetary Fund (IMF), Statistics Department Questionnaire; IMF staff calculations.","© International Monetary Fund Copyright. All Rights Reserved. https://www.imf.org/external/terms.htm","International Monetary Fund. Carbon Footprint of Bank Loans,  https://data.imf.org/en/datasets/IMF.STA:CFBL. Accessed on [current date].","","","270.1872955","271.3955875","279.0510283","229.6077146","223.8112088","264.9121746","253.1547907","269.4884838","253.1163174","251.6614024","280.5134407","292.9739508","299.3354922","309.9778667"
"IMF.STA:CFBL(1.0.3)","MYS.CFALTLBE_EMMNORM.A","OBS_VALUE","Malaysia","Carbon Footprint of Bank Loans, Emissions multipliers (normalized)","Annual","Units","","","","","","","","","","","International Monetary Fund (IMF)","Statistics Department (STA)","datahelp@imf.org","","Environment and climate; Greenhouse gas emissions","","Climate Finance","English","2026-01-08T16:00:03.846448200Z","2026-01-08T16:00:03.953626900Z","","","Public (Unrestricted)","","Public or Unrestricted","","OECD (2021), OECD Inter-Country Input-Output Database, https://oe.cd/icio; International Monetary Fund (IMF), Statistics Department Questionnaire; IMF staff calculations.","© International Monetary Fund Copyright. All Rights Reserved. https://www.imf.org/external/terms.htm","International Monetary Fund. Carbon Footprint of Bank Loans,  https://data.imf.org/en/datasets/IMF.STA:CFBL. Accessed on [current date].","","","","142.8355202","128.8154235","114.5154243","123.3495254","125.2619696","94.82298073","87.5682851","86.65294219","90.19245113","100","96.43770842","92.65788829","88.76352928"
"IMF.STA:CFBL(1.0.3)","HUN.CFALTLBE_EMINORM.A","OBS_VALUE","Hungary","Carbon Footprint of Bank Loans, Emissions intensities (normalized)","Annual","Units","","","","","","","","","","","International Monetary Fund (IMF)","Statistics Department (STA)","datahelp@imf.org","","Environment and climate; Greenhouse gas emissions","","Climate Finance","English","2026-01-08T16:00:03.846448200Z","2026-01-08T16:00:03.953626900Z","","","Public (Unrestricted)","","Public or Unrestricted","","OECD (2021), OECD Inter-Country Input-Output Database, https://oe.cd/icio; International Monetary Fund (IMF), Statistics Department Questionnaire; IMF staff calculations.","© International Monetary Fund Copyright. All Rights Reserved. https://www.imf.org/external/terms.htm","International Monetary Fund. Carbon Footprint of Bank Loans,  https://data.imf.org/en/datasets/IMF.STA:CFBL. Accessed on [current date].","","","","","","79.71572853","89.61585337","94.87649541","83.67625083","85.19644574","74.63098248","77.26370126","100","92.79945652","81.92435707","77.18197179"
"IMF.STA:CFBL(1.0.3)","HUN.CFALTLBE_EMM.A","OBS_VALUE","Hungary","Carbon Footprint of Bank Loans, Emissions multipliers","Annual","Units","","","","","","","","","","","International Monetary Fund (IMF)","Statistics Department (STA)","datahelp@imf.org","","Environment and climate; Greenhouse gas emissions","","Climate Finance","English","2026-01-08T16:00:03.846448200Z","2026-01-08T16:00:03.953626900Z","","","Public (Unrestricted)","","Public or Unrestricted","","OECD (2021), OECD Inter-Country Input-Output Database, https://oe.cd/icio; International Monetary Fund (IMF), Statistics Department Questionnaire; IMF staff calculations.","© International Monetary Fund Copyright. All Rights Reserved. https://www.imf.org/external/terms.htm","International Monetary Fund. Carbon Footprint of Bank Loans,  https://data.imf.org/en/datasets/IMF.STA:CFBL. Accessed on [current date].","","","","","","203.7046947","224.6792518","229.664026","195.7727264","198.8466215","172.8319943","176.9098208","222.6528531","212.0242928","188.7779803","174.7640693"
"IMF.STA:CFBL(1.0.3)","ARG.CFALTLBE_EMMNORM.A","OBS_VALUE","Argentina","Carbon Footprint of Bank Loans, Emissions multipliers (normalized)","Annual","Units","","","","","","","","","","","International Monetary Fund (IMF)","Statistics Department (STA)","datahelp@imf.org","","Environment and climate; Greenhouse gas emissions","","Climate Finance","English","2026-01-08T16:00:03.846448200Z","2026-01-08T16:00:03.953626900Z","","","Public (Unrestricted)","","Public or Unrestricted","","OECD (2021), OECD Inter-Country Input-Output Database, https://oe.cd/icio; International Monetary Fund (IMF), Statistics Department Questionnaire; IMF staff calculations.","© International Monetary Fund Copyright. All Rights Reserved. https://www.imf.org/external/terms.htm","International Monetary Fund. Carbon Footprint of Bank Loans,  https://data.imf.org/en/datasets/IMF.STA:CFBL. Accessed on [current date].","","","","","","","","","","","","","100","111.8042989","100.4430744","114.7964625"
"IMF.STA:CFBL(1.0.3)","HKG.CFALTLBE_EMM.A","OBS_VALUE","Hong Kong Special Administrative Region, People's Republic of China","Carbon Footprint of Bank Loans, Emissions multipliers","Annual","Units","","","","","","","","","","","International Monetary Fund (IMF)","Statistics Department (STA)","datahelp@imf.org","","Environment and climate; Greenhouse gas emissions","","Climate Finance","English","2026-01-08T16:00:03.846448200Z","2026-01-08T16:00:03.953626900Z","","","Public (Unrestricted)","","Public or Unrestricted","","OECD (2021), OECD Inter-Country Input-Output Database, https://oe.cd/icio; International Monetary Fund (IMF), Statistics Department Questionnaire; IMF staff calculations.","© International Monetary Fund Copyright. All Rights Reserved. https://www.imf.org/external/terms.htm","International Monetary Fund. Carbon Footprint of Bank Loans,  https://data.imf.org/en/datasets/IMF.STA:CFBL. Accessed on [current date].","","","348.1473147","318.3253522","293.9049514","271.6626574","295.6390412","268.6270792","291.8246815","253.9444262","235.0129746","297.9380055","251.0455169","244.9789903","242.4342314","220.0032134"
"IMF.STA:CFBL(1.0.3)","ISL.CFALTLBE_EMI.A","OBS_VALUE","Iceland","Carbon Footprint of Bank Loans, Emissions intensities","Annual","Units","","","","","","","","","","","International Monetary Fund (IMF)","Statistics Department (STA)","datahelp@imf.org","","Environment and climate; Greenhouse gas emissions","","Climate Finance","English","2026-01-08T16:00:03.846448200Z","2026-01-08T16:00:03.953626900Z","","","Public (Unrestricted)","","Public or Unrestricted","","OECD (2021), OECD Inter-Country Input-Output Database, https://oe.cd/icio; International Monetary Fund (IMF), Statistics Department Questionnaire; IMF staff calculations.","© International Monetary Fund Copyright. All Rights Reserved. https://www.imf.org/external/terms.htm","International Monetary Fund. Carbon Footprint of Bank Loans,  https://data.imf.org/en/datasets/IMF.STA:CFBL. Accessed on [current date].","","","93.039317","80.3186249","70.94208785","48.86397229","74.38299483","64.8674446","73.60045755","82.10893068","84.39100927","83.18806159","94.5961686","73.04740935","71.21978902","71.17917046"
"IMF.STA:CFBL(1.0.3)","HUN.CFALTLBE_EMI.A","OBS_VALUE","Hungary","Carbon Footprint of Bank Loans, Emissions intensities","Annual","Units","","","","","","","","","","","International Monetary Fund (IMF)","Statistics Department (STA)","datahelp@imf.org","","Environment and climate; Greenhouse gas emissions","","Climate Finance","English","2026-01-08T16:00:03.846448200Z","2026-01-08T16:00:03.953626900Z","","","Public (Unrestricted)","","Public or Unrestricted","","OECD (2021), OECD Inter-Country Input-Output Database, https://oe.cd/icio; International Monetary Fund (IMF), Statistics Department Questionnaire; IMF staff calculations.","© International Monetary Fund Copyright. All Rights Reserved. https://www.imf.org/external/terms.htm","International Monetary Fund. Carbon Footprint of Bank Loans,  https://data.imf.org/en/datasets/IMF.STA:CFBL. Accessed on [current date].","","","","","","113.4705266","127.5627566","135.0509629","119.108091","121.2719966","106.2326976","109.9802138","142.3439623","132.0944234","116.614376","109.8638768"
"IMF.STA:CFBL(1.0.3)","HKG.CFALTLBE_EMMNORM.A","OBS_VALUE","Hong Kong Special Administrative Region, People's Republic of China","Carbon Footprint of Bank Loans, Emissions multipliers (normalized)","Annual","Units","","","","","","","","","","","International Monetary Fund (IMF)","Statistics Department (STA)","datahelp@imf.org","","Environment and climate; Greenhouse gas emissions","","Climate Finance","English","2026-01-08T16:00:03.846448200Z","2026-01-08T16:00:03.953626900Z","","","Public (Unrestricted)","","Public or Unrestricted","","OECD (2021), OECD Inter-Country Input-Output Database, https://oe.cd/icio; International Monetary Fund (IMF), Statistics Department Questionnaire; IMF staff calculations.","© International Monetary Fund Copyright. All Rights Reserved. https://www.imf.org/external/terms.htm","International Monetary Fund. Carbon Footprint of Bank Loans,  https://data.imf.org/en/datasets/IMF.STA:CFBL. Accessed on [current date].","","","138.6789611","126.7998553","117.072376","108.2125109","117.7631232","107.0033365","116.2437335","101.1547346","93.61369106","118.6788791","100","97.58349535","96.569831","87.63479074"
"IMF.STA:CFBL(1.0.3)","TUN.CFALTLBE_EMMNORM.A","OBS_VALUE","Tunisia","Carbon Footprint of Bank Loans, Emissions multipliers (normalized)","Annual","Units","","","","","","","","","","","International Monetary Fund (IMF)","Statistics Department (STA)","datahelp@imf.org","","Environment and climate; Greenhouse gas emissions","","Climate Finance","English","2026-01-08T16:00:03.846448200Z","2026-01-08T16:00:03.953626900Z","","","Public (Unrestricted)","","Public or Unrestricted","","OECD (2021), OECD Inter-Country Input-Output Database, https://oe.cd/icio; International Monetary Fund (IMF), Statistics Department Questionnaire; IMF staff calculations.","© International Monetary Fund Copyright. All Rights Reserved. https://www.imf.org/external/terms.htm","International Monetary Fund. Carbon Footprint of Bank Loans,  https://data.imf.org/en/datasets/IMF.STA:CFBL. Accessed on [current date].","","","92.85411153","93.84579699","91.42327795","77.96168551","79.96825658","92.00135933","83.03716991","91.42042705","88.16671548","89.47062522","100","101.730281","103.7461783","104.6325844"
"IMF.STA:CFBL(1.0.3)","HKG.CFALTLBE_EMI.A","OBS_VALUE","Hong Kong Special Administrative Region, People's Republic of China","Carbon Footprint of Bank Loans, Emissions intensities","Annual","Units","","","","","","","","","","","International Monetary Fund (IMF)","Statistics Department (STA)","datahelp@imf.org","","Environment and climate; Greenhouse gas emissions","","Climate Finance","English","2026-01-08T16:00:03.846448200Z","2026-01-08T16:00:03.953626900Z","","","Public (Unrestricted)","","Public or Unrestricted","","OECD (2021), OECD Inter-Country Input-Output Database, https://oe.cd/icio; International Monetary Fund (IMF), Statistics Department Questionnaire; IMF staff calculations.","© International Monetary Fund Copyright. All Rights Reserved. https://www.imf.org/external/terms.htm","International Monetary Fund. Carbon Footprint of Bank Loans,  https://data.imf.org/en/datasets/IMF.STA:CFBL. Accessed on [current date].","","","154.0203936","143.0521968","133.2961563","125.7382156","138.2199739","136.8218534","164.7364086","135.8374593","119.9514024","181.3952539","151.332425","146.8067511","145.7828872","126.29999"
"IMF.STA:CFBL(1.0.3)","ISL.CFALTLBE_EMM.A","OBS_VALUE","Iceland","Carbon Footprint of Bank Loans, Emissions multipliers","Annual","Units","","","","","","","","","","","International Monetary Fund (IMF)","Statistics Department (STA)","datahelp@imf.org","","Environment and climate; Greenhouse gas emissions","","Climate Finance","English","2026-01-08T16:00:03.846448200Z","2026-01-08T16:00:03.953626900Z","","","Public (Unrestricted)","","Public or Unrestricted","","OECD (2021), OECD Inter-Country Input-Output Database, https://oe.cd/icio; International Monetary Fund (IMF), Statistics Department Questionnaire; IMF staff calculations.","© International Monetary Fund Copyright. All Rights Reserved. https://www.imf.org/external/terms.htm","International Monetary Fund. Carbon Footprint of Bank Loans,  https://data.imf.org/en/datasets/IMF.STA:CFBL. Accessed on [current date].","","","143.6660305","130.9115771","105.1399654","81.80381","109.8171468","97.76317469","105.648667","116.1451542","123.2650566","121.5191816","137.8408474","112.3556477","109.3921734","110.6673675"
"IMF.STA:CFBL(1.0.3)","IDN.CFALTLBE_EMMNORM.A","OBS_VALUE","Indonesia","Carbon Footprint of Bank Loans, Emissions multipliers (normalized)","Annual","Units","","","","","","","","","","","International Monetary Fund (IMF)","Statistics Department (STA)","datahelp@imf.org","","Environment and climate; Greenhouse gas emissions","","Climate Finance","English","2026-01-08T16:00:03.846448200Z","2026-01-08T16:00:03.953626900Z","","","Public (Unrestricted)","","Public or Unrestricted","","OECD (2021), OECD Inter-Country Input-Output Database, https://oe.cd/icio; International Monetary Fund (IMF), Statistics Department Questionnaire; IMF staff calculations.","© International Monetary Fund Copyright. All Rights Reserved. https://www.imf.org/external/terms.htm","International Monetary Fund. Carbon Footprint of Bank Loans,  https://data.imf.org/en/datasets/IMF.STA:CFBL. Accessed on [current date].","","","","","","","","89.95099815","87.28210036","84.71899446","81.06167706","88.43175384","100","102.3320035","100.90391","108.6490313"
"IMF.STA:CFBL(1.0.3)","ISL.CFALTLBE_EMMNORM.A","OBS_VALUE","Iceland","Carbon Footprint of Bank Loans, Emissions multipliers (normalized)","Annual","Units","","","","","","","","","","","International Monetary Fund (IMF)","Statistics Department (STA)","datahelp@imf.org","","Environment and climate; Greenhouse gas emissions","","Climate Finance","English","2026-01-08T16:00:03.846448200Z","2026-01-08T16:00:03.953626900Z","","","Public (Unrestricted)","","Public or Unrestricted","","OECD (2021), OECD Inter-Country Input-Output Database, https://oe.cd/icio; International Monetary Fund (IMF), Statistics Department Questionnaire; IMF staff calculations.","© International Monetary Fund Copyright. All Rights Reserved. https://www.imf.org/external/terms.htm","International Monetary Fund. Carbon Footprint of Bank Loans,  https://data.imf.org/en/datasets/IMF.STA:CFBL. Accessed on [current date].","","","104.226021","94.97299205","76.27634864","59.34656636","79.66952385","70.92467618","76.64539861","84.26033094","89.42563752","88.15904995","100","81.5111411","79.36121649","80.28633711"
"IMF.STA:CFBL(1.0.3)","DEU.CFALTLBE_EMM.A","OBS_VALUE","Germany","Carbon Footprint of Bank Loans, Emissions multipliers","Annual","Units","","","","","","","","","","","International Monetary Fund (IMF)","Statistics Department (STA)","datahelp@imf.org","","Environment and climate; Greenhouse gas emissions","","Climate Finance","English","2026-01-08T16:00:03.846448200Z","2026-01-08T16:00:03.953626900Z","","","Public (Unrestricted)","","Public or Unrestricted","","OECD (2021), OECD Inter-Country Input-Output Database, https://oe.cd/icio; International Monetary Fund (IMF), Statistics Department Questionnaire; IMF staff calculations.","© International Monetary Fund Copyright. All Rights Reserved. https://www.imf.org/external/terms.htm","International Monetary Fund. Carbon Footprint of Bank Loans,  https://data.imf.org/en/datasets/IMF.STA:CFBL. Accessed on [current date].","","","","","185.7156484","176.5422118","197.1502598","224.7182613","211.3898547","237.3239786","237.1628346","230.5261374","268.604053","257.6186749","226.6498081","200.0495415"
"IMF.STA:CFBL(1.0.3)","TUN.CFALTLBE_EMINORM.A","OBS_VALUE","Tunisia","Carbon Footprint of Bank Loans, Emissions intensities (normalized)","Annual","Units","","","","","","","","","","","International Monetary Fund (IMF)","Statistics Department (STA)","datahelp@imf.org","","Environment and climate; Greenhouse gas emissions","","Climate Finance","English","2026-01-08T16:00:03.846448200Z","2026-01-08T16:00:03.953626900Z","","","Public (Unrestricted)","","Public or Unrestricted","","OECD (2021), OECD Inter-Country Input-Output Database, https://oe.cd/icio; International Monetary Fund (IMF), Statistics Department Questionnaire; IMF staff calculations.","© International Monetary Fund Copyright. All Rights Reserved. https://www.imf.org/external/terms.htm","International Monetary Fund. Carbon Footprint of Bank Loans,  https://data.imf.org/en/datasets/IMF.STA:CFBL. Accessed on [current date].","","","96.31884122","96.74958422","99.47866584","81.85266061","79.78626914","94.4383178","90.24693793","96.0697224","90.2332226","89.7145612","100","104.4420368","106.7098573","110.5037484"
"IMF.STA:CFBL(1.0.3)","DEU.CFALTLBE_EMI.A","OBS_VALUE","Germany","Carbon Footprint of Bank Loans, Emissions intensities","Annual","Units","","","","","","","","","","","International Monetary Fund (IMF)","Statistics Department (STA)","datahelp@imf.org","","Environment and climate; Greenhouse gas emissions","","Climate Finance","English","2026-01-08T16:00:03.846448200Z","2026-01-08T16:00:03.953626900Z","","","Public (Unrestricted)","","Public or Unrestricted","","OECD (2021), OECD Inter-Country Input-Output Database, https://oe.cd/icio; International Monetary Fund (IMF), Statistics Department Questionnaire; IMF staff calculations.","© International Monetary Fund Copyright. All Rights Reserved. https://www.imf.org/external/terms.htm","International Monetary Fund. Carbon Footprint of Bank Loans,  https://data.imf.org/en/datasets/IMF.STA:CFBL. Accessed on [current date].","","","","","102.7776038","105.3450248","119.7229093","135.8102685","131.412763","151.3390252","156.0429309","152.7161437","177.539797","170.0600199","148.7955414","131.9555395"
"IMF.STA:CFBL(1.0.3)","HUN.CFALTLBE_EMMNORM.A","OBS_VALUE","Hungary","Carbon Footprint of Bank Loans, Emissions multipliers (normalized)","Annual","Units","","","","","","","","","","","International Monetary Fund (IMF)","Statistics Department (STA)","datahelp@imf.org","","Environment and climate; Greenhouse gas emissions","","Climate Finance","English","2026-01-08T16:00:03.846448200Z","2026-01-08T16:00:03.953626900Z","","","Public (Unrestricted)","","Public or Unrestricted","","OECD (2021), OECD Inter-Country Input-Output Database, https://oe.cd/icio; International Monetary Fund (IMF), Statistics Department Questionnaire; IMF staff calculations.","© International Monetary Fund Copyright. All Rights Reserved. https://www.imf.org/external/terms.htm","International Monetary Fund. Carbon Footprint of Bank Loans,  https://data.imf.org/en/datasets/IMF.STA:CFBL. Accessed on [current date].","","","","","","91.48982006","100.9101158","103.1489257","87.92733787","89.3079153","77.62397469","79.45544749","100","95.22639834","84.78578994","78.49172685"
"IMF.STA:CFBL(1.0.3)","IDN.CFALTLBE_EMI.A","OBS_VALUE","Indonesia","Carbon Footprint of Bank Loans, Emissions intensities","Annual","Units","","","","","","","","","","","International Monetary Fund (IMF)","Statistics Department (STA)","datahelp@imf.org","","Environment and climate; Greenhouse gas emissions","","Climate Finance","English","2026-01-08T16:00:03.846448200Z","2026-01-08T16:00:03.953626900Z","","","Public (Unrestricted)","","Public or Unrestricted","","OECD (2021), OECD Inter-Country Input-Output Database, https://oe.cd/icio; International Monetary Fund (IMF), Statistics Department Questionnaire; IMF staff calculations.","© International Monetary Fund Copyright. All Rights Reserved. https://www.imf.org/external/terms.htm","International Monetary Fund. Carbon Footprint of Bank Loans,  https://data.imf.org/en/datasets/IMF.STA:CFBL. Accessed on [current date].","","","","","","","","274.5037675","273.6984458","265.4063608","256.8302541","276.4153107","307.6423825","316.6732428","314.1160011","339.8752732"
"IMF.STA:CFBL(1.0.3)","MYS.CFALTLBE_EMM.A","OBS_VALUE","Malaysia","Carbon Footprint of Bank Loans, Emissions multipliers","Annual","Units","","","","","","","","","","","International Monetary Fund (IMF)","Statistics Department (STA)","datahelp@imf.org","","Environment and climate; Greenhouse gas emissions","","Climate Finance","English","2026-01-08T16:00:03.846448200Z","2026-01-08T16:00:03.953626900Z","","","Public (Unrestricted)","","Public or Unrestricted","","OECD (2021), OECD Inter-Country Input-Output Database, https://oe.cd/icio; International Monetary Fund (IMF), Statistics Department Questionnaire; IMF staff calculations.","© International Monetary Fund Copyright. All Rights Reserved. https://www.imf.org/external/terms.htm","International Monetary Fund. Carbon Footprint of Bank Loans,  https://data.imf.org/en/datasets/IMF.STA:CFBL. Accessed on [current date].","","","","828.2430526","746.9464138","664.0267387","715.2519718","726.3414304","549.838548","507.771622","502.4639339","522.9880562","579.8579034","559.2016741","537.2840884","514.7023399"
"IMF.STA:CFBL(1.0.3)","ARG.CFALTLBE_EMI.A","OBS_VALUE","Argentina","Carbon Footprint of Bank Loans, Emissions intensities","Annual","Units","","","","","","","","","","","International Monetary Fund (IMF)","Statistics Department (STA)","datahelp@imf.org","","Environment and climate; Greenhouse gas emissions","","Climate Finance","English","2026-01-08T16:00:03.846448200Z","2026-01-08T16:00:03.953626900Z","","","Public (Unrestricted)","","Public or Unrestricted","","OECD (2021), OECD Inter-Country Input-Output Database, https://oe.cd/icio; International Monetary Fund (IMF), Statistics Department Questionnaire; IMF staff calculations.","© International Monetary Fund Copyright. All Rights Reserved. https://www.imf.org/external/terms.htm","International Monetary Fund. Carbon Footprint of Bank Loans,  https://data.imf.org/en/datasets/IMF.STA:CFBL. Accessed on [current date].","","","","","","","","","","","","","155.8390123","172.6390041","158.7365798","178.907202"
"IMF.STA:CFBL(1.0.3)","DEU.CFALTLBE_EMMNORM.A","OBS_VALUE","Germany","Carbon Footprint of Bank Loans, Emissions multipliers (normalized)","Annual","Units","","","","","","","","","","","International Monetary Fund (IMF)","Statistics Department (STA)","datahelp@imf.org","","Environment and climate; Greenhouse gas emissions","","Climate Finance","English","2026-01-08T16:00:03.846448200Z","2026-01-08T16:00:03.953626900Z","","","Public (Unrestricted)","","Public or Unrestricted","","OECD (2021), OECD Inter-Country Input-Output Database, https://oe.cd/icio; International Monetary Fund (IMF), Statistics Department Questionnaire; IMF staff calculations.","© International Monetary Fund Copyright. All Rights Reserved. https://www.imf.org/external/terms.htm","International Monetary Fund. Carbon Footprint of Bank Loans,  https://data.imf.org/en/datasets/IMF.STA:CFBL. Accessed on [current date].","","","","","69.14104473","65.72581828","73.39809568","83.66153034","78.69942853","88.35457842","88.29458528","85.82377477","100","95.91019646","84.38063597","74.47748433"
"IMF.STA:CFBL(1.0.3)","IDN.CFALTLBE_EMM.A","OBS_VALUE","Indonesia","Carbon Footprint of Bank Loans, Emissions multipliers","Annual","Units","","","","","","","","","","","International Monetary Fund (IMF)","Statistics Department (STA)","datahelp@imf.org","","Environment and climate; Greenhouse gas emissions","","Climate Finance","English","2026-01-08T16:00:03.846448200Z","2026-01-08T16:00:03.953626900Z","","","Public (Unrestricted)","","Public or Unrestricted","","OECD (2021), OECD Inter-Country Input-Output Database, https://oe.cd/icio; International Monetary Fund (IMF), Statistics Department Questionnaire; IMF staff calculations.","© International Monetary Fund Copyright. All Rights Reserved. https://www.imf.org/external/terms.htm","International Monetary Fund. Carbon Footprint of Bank Loans,  https://data.imf.org/en/datasets/IMF.STA:CFBL. Accessed on [current date].","","","","","","","","533.6635076","517.8294048","502.6229467","480.9247235","524.6500974","593.2824744","607.1178428","598.6452143","644.5956611"
"IMF.STA:CFBL(1.0.3)","MYS.CFALTLBE_EMINORM.A","OBS_VALUE","Malaysia","Carbon Footprint of Bank Loans, Emissions intensities (normalized)","Annual","Units","","","","","","","","","","","International Monetary Fund (IMF)","Statistics Department (STA)","datahelp@imf.org","","Environment and climate; Greenhouse gas emissions","","Climate Finance","English","2026-01-08T16:00:03.846448200Z","2026-01-08T16:00:03.953626900Z","","","Public (Unrestricted)","","Public or Unrestricted","","OECD (2021), OECD Inter-Country Input-Output Database, https://oe.cd/icio; International Monetary Fund (IMF), Statistics Department Questionnaire; IMF staff calculations.","© International Monetary Fund Copyright. All Rights Reserved. https://www.imf.org/external/terms.htm","International Monetary Fund. Carbon Footprint of Bank Loans,  https://data.imf.org/en/datasets/IMF.STA:CFBL. Accessed on [current date].","","","","147.3194648","127.9872206","107.3694626","112.0941288","124.9813636","90.35953103","85.4842838","84.51701571","98.85452932","100","93.08367505","93.38219529","88.66862527"
"IMF.STA:CFBL(1.0.3)","TUN.CFALTLBE_EMM.A","OBS_VALUE","Tunisia","Carbon Footprint of Bank Loans, Emissions multipliers","Annual","Units","","","","","","","","","","","International Monetary Fund (IMF)","Statistics Department (STA)","datahelp@imf.org","","Environment and climate; Greenhouse gas emissions","","Climate Finance","English","2026-01-08T16:00:03.846448200Z","2026-01-08T16:00:03.953626900Z","","","Public (Unrestricted)","","Public or Unrestricted","","OECD (2021), OECD Inter-Country Input-Output Database, https://oe.cd/icio; International Monetary Fund (IMF), Statistics Department Questionnaire; IMF staff calculations.","© International Monetary Fund Copyright. All Rights Reserved. https://www.imf.org/external/terms.htm","International Monetary Fund. Carbon Footprint of Bank Loans,  https://data.imf.org/en/datasets/IMF.STA:CFBL. Accessed on [current date].","","","484.2749025","489.446977","476.8124781","406.6043714","417.0695193","479.8274259","433.0752479","476.7976094","459.828077","466.628538","521.543844","530.5680182","541.0818061","545.7048027"
"IMF.STA:CFBL(1.0.3)","ARG.CFALTLBE_EMINORM.A","OBS_VALUE","Argentina","Carbon Footprint of Bank Loans, Emissions intensities (normalized)","Annual","Units","","","","","","","","","","","International Monetary Fund (IMF)","Statistics Department (STA)","datahelp@imf.org","","Environment and climate; Greenhouse gas emissions","","Climate Finance","English","2026-01-08T16:00:03.846448200Z","2026-01-08T16:00:03.953626900Z","","","Public (Unrestricted)","","Public or Unrestricted","","OECD (2021), OECD Inter-Country Input-Output Database, https://oe.cd/icio; International Monetary Fund (IMF), Statistics Department Questionnaire; IMF staff calculations.","© International Monetary Fund Copyright. All Rights Reserved. https://www.imf.org/external/terms.htm","International Monetary Fund. Carbon Footprint of Bank Loans,  https://data.imf.org/en/datasets/IMF.STA:CFBL. Accessed on [current date].","","","","","","","","","","","","","100","110.7803505","101.8593338","114.8025769"
"IMF.STA:CFBL(1.0.3)","MYS.CFALTLBE_EMI.A","OBS_VALUE","Malaysia","Carbon Footprint of Bank Loans, Emissions intensities","Annual","Units","","","","","","","","","","","International Monetary Fund (IMF)","Statistics Department (STA)","datahelp@imf.org","","Environment and climate; Greenhouse gas emissions","","Climate Finance","English","2026-01-08T16:00:03.846448200Z","2026-01-08T16:00:03.953626900Z","","","Public (Unrestricted)","","Public or Unrestricted","","OECD (2021), OECD Inter-Country Input-Output Database, https://oe.cd/icio; International Monetary Fund (IMF), Statistics Department Questionnaire; IMF staff calculations.","© International Monetary Fund Copyright. All Rights Reserved. https://www.imf.org/external/terms.htm","International Monetary Fund. Carbon Footprint of Bank Loans,  https://data.imf.org/en/datasets/IMF.STA:CFBL. Accessed on [current date].","","","","425.1667604","369.3735381","309.8702989","323.5057748","360.698578","260.7793148","246.7092591","243.9177051","285.2960404","288.6018905","268.6412459","269.502781","255.8993288"
"IMF.STA:CFBL(1.0.3)","ARG.CFALTLBE_EMM.A","OBS_VALUE","Argentina","Carbon Footprint of Bank Loans, Emissions multipliers","Annual","Units","","","","","","","","","","","International Monetary Fund (IMF)","Statistics Department (STA)","datahelp@imf.org","","Environment and climate; Greenhouse gas emissions","","Climate Finance","English","2026-01-08T16:00:03.846448200Z","2026-01-08T16:00:03.953626900Z","","","Public (Unrestricted)","","Public or Unrestricted","","OECD (2021), OECD Inter-Country Input-Output Database, https://oe.cd/icio; International Monetary Fund (IMF), Statistics Department Questionnaire; IMF staff calculations.","© International Monetary Fund Copyright. All Rights Reserved. https://www.imf.org/external/terms.htm","International Monetary Fund. Carbon Footprint of Bank Loans,  https://data.imf.org/en/datasets/IMF.STA:CFBL. Accessed on [current date].","","","","","","","","","","","","","307.4795417","343.7753457","308.8419049","352.9756367"
"IMF.STA:CFBL(1.0.3)","IDN.CFALTLBE_EMINORM.A","OBS_VALUE","Indonesia","Carbon Footprint of Bank Loans, Emissions intensities (normalized)","Annual","Units","","","","","","","","","","","International Monetary Fund (IMF)","Statistics Department (STA)","datahelp@imf.org","","Environment and climate; Greenhouse gas emissions","","Climate Finance","English","2026-01-08T16:00:03.846448200Z","2026-01-08T16:00:03.953626900Z","","","Public (Unrestricted)","","Public or Unrestricted","","OECD (2021), OECD Inter-Country Input-Output Database, https://oe.cd/icio; International Monetary Fund (IMF), Statistics Department Questionnaire; IMF staff calculations.","© International Monetary Fund Copyright. All Rights Reserved. https://www.imf.org/external/terms.htm","International Monetary Fund. Carbon Footprint of Bank Loans,  https://data.imf.org/en/datasets/IMF.STA:CFBL. Accessed on [current date].","","","","","","","","89.22820232","88.96643031","86.27106534","83.48337832","89.84955469","100","102.9355059","102.1042675","110.4773895"
"IMF.STA:CFBL(1.0.3)","ISL.CFALTLBE_EMINORM.A","OBS_VALUE","Iceland","Carbon Footprint of Bank Loans, Emissions intensities (normalized)","Annual","Units","","","","","","","","","","","International Monetary Fund (IMF)","Statistics Department (STA)","datahelp@imf.org","","Environment and climate; Greenhouse gas emissions","","Climate Finance","English","2026-01-08T16:00:03.846448200Z","2026-01-08T16:00:03.953626900Z","","","Public (Unrestricted)","","Public or Unrestricted","","OECD (2021), OECD Inter-Country Input-Output Database, https://oe.cd/icio; International Monetary Fund (IMF), Statistics Department Questionnaire; IMF staff calculations.","© International Monetary Fund Copyright. All Rights Reserved. https://www.imf.org/external/terms.htm","International Monetary Fund. Carbon Footprint of Bank Loans,  https://data.imf.org/en/datasets/IMF.STA:CFBL. Accessed on [current date].","","","98.35421283","84.9068478","74.99467357","51.65533976","78.63214328","68.5730147","77.80490334","86.79942528","89.21186822","87.94020182","100","77.22026211","75.28823849","75.24529958"
