"DATASET","SERIES_CODE","OBS_MEASURE","COUNTRY","INDICATOR","CURRENCY_TYPE","FREQUENCY","SCALE","DECIMALS_DISPLAYED","COUNTRY_COVERAGE","TIME_COVERAGE","DOI","FULL_DESCRIPTION","AUTHOR","PUBLISHER","DEPARTMENT","CONTACT_POINT","CREATOR","DATA_OWNER","DATA_STEWARD","TOPIC","TOPIC_DATASET","KEYWORDS","KEYWORDS_DATASET","LANGUAGE","PUBLICATION_DATE","UPDATE_DATE","METHODOLOGY","METHODOLOGY_NOTES","ACCESS_SHARING_LEVEL","ACCESS_SHARING_NOTES","SECURITY_CLASSIFICATION","SHORT_SOURCE_CITATION","FULL_SOURCE_CITATION","LICENSE","SUGGESTED_CITATION","KEY_INDICATOR","SERIES_NAME","2024"
"IMF.STA:ESG_FINANCE_CURRENCY(3.0.3)","G001.CSSLBI_USD.EURO4.A","OBS_VALUE","World","Cumulative Sustainability Linked Bond Issuances, US dollar","Euro","Annual","Units","","","","","","","International Monetary Fund (IMF)","Statistics Department (STA)","datahelp@imf.org","","","","","Environment and climate; Climate finance","","","English","2026-01-08T16:17:00.239243200Z","2026-01-08T16:17:00.292229100Z","","The data are aggregated by country of incorporations, use of proceeds, type of currency and type of issuers (nonfinancial corporations, other financial corporations, banks, state owned entities, sovereign, state and local governments and international organizations). Sovereign green bonds are green bonds issued by central governments and central banks. Compilation of the indicator is based on the methodology used by London Stock Exchange Group, and divergences may be observed when compared to data from other providers. 
The source dataset is based on LSEG (formerly Refinitiv), which contain bond-by-bond issuances for Green Bonds, Social Bonds, Sustainability Bonds, and Sustainability-Linked Bonds starting from 2006 to 2024. Bonds by type encompass investment grade, high-yield, and not-rated bonds, commercial papers, certificates of deposit, and sukuks. By issuer type, bonds encompass government, corporate, agency, non-US munis, and other gov/supra bonds.","Public (Unrestricted)","","Public or Unrestricted","","LSEG. Accessed on 2025-02-24; IMF staff calculations.","© International Monetary Fund Copyright. All Rights Reserved. https://www.imf.org/external/terms.htm","International Monetary Fund. Green Bonds by Type of Currency,  https://data.imf.org/en/datasets/IMF.STA:ESG_FINANCE_CURRENCY. Accessed on [current date].","","","141.3182816"
"IMF.STA:ESG_FINANCE_CURRENCY(3.0.3)","G001.CSSBI_USD.CANA15.A","OBS_VALUE","World","Cumulative Sustainability Bond Issuances, US dollar","Canadian Dollar","Annual","Units","","","","","","","International Monetary Fund (IMF)","Statistics Department (STA)","datahelp@imf.org","","","","","Environment and climate; Climate finance","","","English","2026-01-08T16:17:00.239243200Z","2026-01-08T16:17:00.292229100Z","","The data are aggregated by country of incorporations, use of proceeds, type of currency and type of issuers (nonfinancial corporations, other financial corporations, banks, state owned entities, sovereign, state and local governments and international organizations). Sovereign green bonds are green bonds issued by central governments and central banks. Compilation of the indicator is based on the methodology used by London Stock Exchange Group, and divergences may be observed when compared to data from other providers. 
The source dataset is based on LSEG (formerly Refinitiv), which contain bond-by-bond issuances for Green Bonds, Social Bonds, Sustainability Bonds, and Sustainability-Linked Bonds starting from 2006 to 2024. Bonds by type encompass investment grade, high-yield, and not-rated bonds, commercial papers, certificates of deposit, and sukuks. By issuer type, bonds encompass government, corporate, agency, non-US munis, and other gov/supra bonds.","Public (Unrestricted)","","Public or Unrestricted","","LSEG. Accessed on 2025-02-24; IMF staff calculations.","© International Monetary Fund Copyright. All Rights Reserved. https://www.imf.org/external/terms.htm","International Monetary Fund. Green Bonds by Type of Currency,  https://data.imf.org/en/datasets/IMF.STA:ESG_FINANCE_CURRENCY. Accessed on [current date].","","","24.98268878"
"IMF.STA:ESG_FINANCE_CURRENCY(3.0.3)","G001.CSSLBI_PT.MALA17.A","OBS_VALUE","World","Cumulative Sustainability Linked Bond Issuances, Percent","Malaysian Ringgit","Annual","Units","","","","","","","International Monetary Fund (IMF)","Statistics Department (STA)","datahelp@imf.org","","","","","Environment and climate; Climate finance","","","English","2026-01-08T16:17:00.239243200Z","2026-01-08T16:17:00.292229100Z","","The data are aggregated by country of incorporations, use of proceeds, type of currency and type of issuers (nonfinancial corporations, other financial corporations, banks, state owned entities, sovereign, state and local governments and international organizations). Sovereign green bonds are green bonds issued by central governments and central banks. Compilation of the indicator is based on the methodology used by London Stock Exchange Group, and divergences may be observed when compared to data from other providers. 
The source dataset is based on LSEG (formerly Refinitiv), which contain bond-by-bond issuances for Green Bonds, Social Bonds, Sustainability Bonds, and Sustainability-Linked Bonds starting from 2006 to 2024. Bonds by type encompass investment grade, high-yield, and not-rated bonds, commercial papers, certificates of deposit, and sukuks. By issuer type, bonds encompass government, corporate, agency, non-US munis, and other gov/supra bonds.","Public (Unrestricted)","","Public or Unrestricted","","LSEG. Accessed on 2025-02-24; IMF staff calculations.","© International Monetary Fund Copyright. All Rights Reserved. https://www.imf.org/external/terms.htm","International Monetary Fund. Green Bonds by Type of Currency,  https://data.imf.org/en/datasets/IMF.STA:ESG_FINANCE_CURRENCY. Accessed on [current date].","","","0.19117083"
"IMF.STA:ESG_FINANCE_CURRENCY(3.0.3)","G001.CSSLBI_PT.SKW.A","OBS_VALUE","World","Cumulative Sustainability Linked Bond Issuances, Percent","South Korean Won","Annual","Units","","","","","","","International Monetary Fund (IMF)","Statistics Department (STA)","datahelp@imf.org","","","","","Environment and climate; Climate finance","","","English","2026-01-08T16:17:00.239243200Z","2026-01-08T16:17:00.292229100Z","","The data are aggregated by country of incorporations, use of proceeds, type of currency and type of issuers (nonfinancial corporations, other financial corporations, banks, state owned entities, sovereign, state and local governments and international organizations). Sovereign green bonds are green bonds issued by central governments and central banks. Compilation of the indicator is based on the methodology used by London Stock Exchange Group, and divergences may be observed when compared to data from other providers. 
The source dataset is based on LSEG (formerly Refinitiv), which contain bond-by-bond issuances for Green Bonds, Social Bonds, Sustainability Bonds, and Sustainability-Linked Bonds starting from 2006 to 2024. Bonds by type encompass investment grade, high-yield, and not-rated bonds, commercial papers, certificates of deposit, and sukuks. By issuer type, bonds encompass government, corporate, agency, non-US munis, and other gov/supra bonds.","Public (Unrestricted)","","Public or Unrestricted","","LSEG. Accessed on 2025-02-24; IMF staff calculations.","© International Monetary Fund Copyright. All Rights Reserved. https://www.imf.org/external/terms.htm","International Monetary Fund. Green Bonds by Type of Currency,  https://data.imf.org/en/datasets/IMF.STA:ESG_FINANCE_CURRENCY. Accessed on [current date].","","","0.0742"
"IMF.STA:ESG_FINANCE_CURRENCY(3.0.3)","G001.CSSLBI_PT.MEXI17.A","OBS_VALUE","World","Cumulative Sustainability Linked Bond Issuances, Percent","Mexican Unidad de Inversion","Annual","Units","","","","","","","International Monetary Fund (IMF)","Statistics Department (STA)","datahelp@imf.org","","","","","Environment and climate; Climate finance","","","English","2026-01-08T16:17:00.239243200Z","2026-01-08T16:17:00.292229100Z","","The data are aggregated by country of incorporations, use of proceeds, type of currency and type of issuers (nonfinancial corporations, other financial corporations, banks, state owned entities, sovereign, state and local governments and international organizations). Sovereign green bonds are green bonds issued by central governments and central banks. Compilation of the indicator is based on the methodology used by London Stock Exchange Group, and divergences may be observed when compared to data from other providers. 
The source dataset is based on LSEG (formerly Refinitiv), which contain bond-by-bond issuances for Green Bonds, Social Bonds, Sustainability Bonds, and Sustainability-Linked Bonds starting from 2006 to 2024. Bonds by type encompass investment grade, high-yield, and not-rated bonds, commercial papers, certificates of deposit, and sukuks. By issuer type, bonds encompass government, corporate, agency, non-US munis, and other gov/supra bonds.","Public (Unrestricted)","","Public or Unrestricted","","LSEG. Accessed on 2025-02-24; IMF staff calculations.","© International Monetary Fund Copyright. All Rights Reserved. https://www.imf.org/external/terms.htm","International Monetary Fund. Green Bonds by Type of Currency,  https://data.imf.org/en/datasets/IMF.STA:ESG_FINANCE_CURRENCY. Accessed on [current date].","","","0.0601"
"IMF.STA:ESG_FINANCE_CURRENCY(3.0.3)","G001.CGBI_USD.EURO4.A","OBS_VALUE","World","Cumulative Green Bond Issuances, US dollar","Euro","Annual","Units","","","","","","","International Monetary Fund (IMF)","Statistics Department (STA)","datahelp@imf.org","","","","","Environment and climate; Climate finance","","","English","2026-01-08T16:17:00.239243200Z","2026-01-08T16:17:00.292229100Z","","The data are aggregated by country of incorporations, use of proceeds, type of currency and type of issuers (nonfinancial corporations, other financial corporations, banks, state owned entities, sovereign, state and local governments and international organizations). Sovereign green bonds are green bonds issued by central governments and central banks. Compilation of the indicator is based on the methodology used by London Stock Exchange Group, and divergences may be observed when compared to data from other providers. 
The source dataset is based on LSEG (formerly Refinitiv), which contain bond-by-bond issuances for Green Bonds, Social Bonds, Sustainability Bonds, and Sustainability-Linked Bonds starting from 2006 to 2024. Bonds by type encompass investment grade, high-yield, and not-rated bonds, commercial papers, certificates of deposit, and sukuks. By issuer type, bonds encompass government, corporate, agency, non-US munis, and other gov/supra bonds.","Public (Unrestricted)","","Public or Unrestricted","","LSEG. Accessed on 2025-02-24; IMF staff calculations.","© International Monetary Fund Copyright. All Rights Reserved. https://www.imf.org/external/terms.htm","International Monetary Fund. Green Bonds by Type of Currency,  https://data.imf.org/en/datasets/IMF.STA:ESG_FINANCE_CURRENCY. Accessed on [current date].","","","1568.131507"
"IMF.STA:ESG_FINANCE_CURRENCY(3.0.3)","G001.CSSBI_PT.SWED13.A","OBS_VALUE","World","Cumulative Sustainability Bond Issuances, Percent","Swedish Krona","Annual","Units","","","","","","","International Monetary Fund (IMF)","Statistics Department (STA)","datahelp@imf.org","","","","","Environment and climate; Climate finance","","","English","2026-01-08T16:17:00.239243200Z","2026-01-08T16:17:00.292229100Z","","The data are aggregated by country of incorporations, use of proceeds, type of currency and type of issuers (nonfinancial corporations, other financial corporations, banks, state owned entities, sovereign, state and local governments and international organizations). Sovereign green bonds are green bonds issued by central governments and central banks. Compilation of the indicator is based on the methodology used by London Stock Exchange Group, and divergences may be observed when compared to data from other providers. 
The source dataset is based on LSEG (formerly Refinitiv), which contain bond-by-bond issuances for Green Bonds, Social Bonds, Sustainability Bonds, and Sustainability-Linked Bonds starting from 2006 to 2024. Bonds by type encompass investment grade, high-yield, and not-rated bonds, commercial papers, certificates of deposit, and sukuks. By issuer type, bonds encompass government, corporate, agency, non-US munis, and other gov/supra bonds.","Public (Unrestricted)","","Public or Unrestricted","","LSEG. Accessed on 2025-02-24; IMF staff calculations.","© International Monetary Fund Copyright. All Rights Reserved. https://www.imf.org/external/terms.htm","International Monetary Fund. Green Bonds by Type of Currency,  https://data.imf.org/en/datasets/IMF.STA:ESG_FINANCE_CURRENCY. Accessed on [current date].","","","0.533807695"
"IMF.STA:ESG_FINANCE_CURRENCY(3.0.3)","G001.CSBI_PT.MEXI12.A","OBS_VALUE","World","Cumulative Social Bond Issuances, Percent","Mexican Peso","Annual","Units","","","","","","","International Monetary Fund (IMF)","Statistics Department (STA)","datahelp@imf.org","","","","","Environment and climate; Climate finance","","","English","2026-01-08T16:17:00.239243200Z","2026-01-08T16:17:00.292229100Z","","The data are aggregated by country of incorporations, use of proceeds, type of currency and type of issuers (nonfinancial corporations, other financial corporations, banks, state owned entities, sovereign, state and local governments and international organizations). Sovereign green bonds are green bonds issued by central governments and central banks. Compilation of the indicator is based on the methodology used by London Stock Exchange Group, and divergences may be observed when compared to data from other providers. 
The source dataset is based on LSEG (formerly Refinitiv), which contain bond-by-bond issuances for Green Bonds, Social Bonds, Sustainability Bonds, and Sustainability-Linked Bonds starting from 2006 to 2024. Bonds by type encompass investment grade, high-yield, and not-rated bonds, commercial papers, certificates of deposit, and sukuks. By issuer type, bonds encompass government, corporate, agency, non-US munis, and other gov/supra bonds.","Public (Unrestricted)","","Public or Unrestricted","","LSEG. Accessed on 2025-02-24; IMF staff calculations.","© International Monetary Fund Copyright. All Rights Reserved. https://www.imf.org/external/terms.htm","International Monetary Fund. Green Bonds by Type of Currency,  https://data.imf.org/en/datasets/IMF.STA:ESG_FINANCE_CURRENCY. Accessed on [current date].","","","0.773513268"
"IMF.STA:ESG_FINANCE_CURRENCY(3.0.3)","G001.CGBI_PT.UH.A","OBS_VALUE","World","Cumulative Green Bond Issuances, Percent","Ukrainian Hryvnia","Annual","Units","","","","","","","International Monetary Fund (IMF)","Statistics Department (STA)","datahelp@imf.org","","","","","Environment and climate; Climate finance","","","English","2026-01-08T16:17:00.239243200Z","2026-01-08T16:17:00.292229100Z","","The data are aggregated by country of incorporations, use of proceeds, type of currency and type of issuers (nonfinancial corporations, other financial corporations, banks, state owned entities, sovereign, state and local governments and international organizations). Sovereign green bonds are green bonds issued by central governments and central banks. Compilation of the indicator is based on the methodology used by London Stock Exchange Group, and divergences may be observed when compared to data from other providers. 
The source dataset is based on LSEG (formerly Refinitiv), which contain bond-by-bond issuances for Green Bonds, Social Bonds, Sustainability Bonds, and Sustainability-Linked Bonds starting from 2006 to 2024. Bonds by type encompass investment grade, high-yield, and not-rated bonds, commercial papers, certificates of deposit, and sukuks. By issuer type, bonds encompass government, corporate, agency, non-US munis, and other gov/supra bonds.","Public (Unrestricted)","","Public or Unrestricted","","LSEG. Accessed on 2025-02-24; IMF staff calculations.","© International Monetary Fund Copyright. All Rights Reserved. https://www.imf.org/external/terms.htm","International Monetary Fund. Green Bonds by Type of Currency,  https://data.imf.org/en/datasets/IMF.STA:ESG_FINANCE_CURRENCY. Accessed on [current date].","","","0.00138"
"IMF.STA:ESG_FINANCE_CURRENCY(3.0.3)","G001.CSBI_PT.SOUT18.A","OBS_VALUE","World","Cumulative Social Bond Issuances, Percent","South African Rand","Annual","Units","","","","","","","International Monetary Fund (IMF)","Statistics Department (STA)","datahelp@imf.org","","","","","Environment and climate; Climate finance","","","English","2026-01-08T16:17:00.239243200Z","2026-01-08T16:17:00.292229100Z","","The data are aggregated by country of incorporations, use of proceeds, type of currency and type of issuers (nonfinancial corporations, other financial corporations, banks, state owned entities, sovereign, state and local governments and international organizations). Sovereign green bonds are green bonds issued by central governments and central banks. Compilation of the indicator is based on the methodology used by London Stock Exchange Group, and divergences may be observed when compared to data from other providers. 
The source dataset is based on LSEG (formerly Refinitiv), which contain bond-by-bond issuances for Green Bonds, Social Bonds, Sustainability Bonds, and Sustainability-Linked Bonds starting from 2006 to 2024. Bonds by type encompass investment grade, high-yield, and not-rated bonds, commercial papers, certificates of deposit, and sukuks. By issuer type, bonds encompass government, corporate, agency, non-US munis, and other gov/supra bonds.","Public (Unrestricted)","","Public or Unrestricted","","LSEG. Accessed on 2025-02-24; IMF staff calculations.","© International Monetary Fund Copyright. All Rights Reserved. https://www.imf.org/external/terms.htm","International Monetary Fund. Green Bonds by Type of Currency,  https://data.imf.org/en/datasets/IMF.STA:ESG_FINANCE_CURRENCY. Accessed on [current date].","","","0.104315896"
"IMF.STA:ESG_FINANCE_CURRENCY(3.0.3)","G001.CSSLBI_PT.PHIL15.A","OBS_VALUE","World","Cumulative Sustainability Linked Bond Issuances, Percent","Philippine Peso","Annual","Units","","","","","","","International Monetary Fund (IMF)","Statistics Department (STA)","datahelp@imf.org","","","","","Environment and climate; Climate finance","","","English","2026-01-08T16:17:00.239243200Z","2026-01-08T16:17:00.292229100Z","","The data are aggregated by country of incorporations, use of proceeds, type of currency and type of issuers (nonfinancial corporations, other financial corporations, banks, state owned entities, sovereign, state and local governments and international organizations). Sovereign green bonds are green bonds issued by central governments and central banks. Compilation of the indicator is based on the methodology used by London Stock Exchange Group, and divergences may be observed when compared to data from other providers. 
The source dataset is based on LSEG (formerly Refinitiv), which contain bond-by-bond issuances for Green Bonds, Social Bonds, Sustainability Bonds, and Sustainability-Linked Bonds starting from 2006 to 2024. Bonds by type encompass investment grade, high-yield, and not-rated bonds, commercial papers, certificates of deposit, and sukuks. By issuer type, bonds encompass government, corporate, agency, non-US munis, and other gov/supra bonds.","Public (Unrestricted)","","Public or Unrestricted","","LSEG. Accessed on 2025-02-24; IMF staff calculations.","© International Monetary Fund Copyright. All Rights Reserved. https://www.imf.org/external/terms.htm","International Monetary Fund. Green Bonds by Type of Currency,  https://data.imf.org/en/datasets/IMF.STA:ESG_FINANCE_CURRENCY. Accessed on [current date].","","","0.308906374"
"IMF.STA:ESG_FINANCE_CURRENCY(3.0.3)","G001.CGBI_USD.VIET15.A","OBS_VALUE","World","Cumulative Green Bond Issuances, US dollar","Vietnamese Dong","Annual","Units","","","","","","","International Monetary Fund (IMF)","Statistics Department (STA)","datahelp@imf.org","","","","","Environment and climate; Climate finance","","","English","2026-01-08T16:17:00.239243200Z","2026-01-08T16:17:00.292229100Z","","The data are aggregated by country of incorporations, use of proceeds, type of currency and type of issuers (nonfinancial corporations, other financial corporations, banks, state owned entities, sovereign, state and local governments and international organizations). Sovereign green bonds are green bonds issued by central governments and central banks. Compilation of the indicator is based on the methodology used by London Stock Exchange Group, and divergences may be observed when compared to data from other providers. 
The source dataset is based on LSEG (formerly Refinitiv), which contain bond-by-bond issuances for Green Bonds, Social Bonds, Sustainability Bonds, and Sustainability-Linked Bonds starting from 2006 to 2024. Bonds by type encompass investment grade, high-yield, and not-rated bonds, commercial papers, certificates of deposit, and sukuks. By issuer type, bonds encompass government, corporate, agency, non-US munis, and other gov/supra bonds.","Public (Unrestricted)","","Public or Unrestricted","","LSEG. Accessed on 2025-02-24; IMF staff calculations.","© International Monetary Fund Copyright. All Rights Reserved. https://www.imf.org/external/terms.htm","International Monetary Fund. Green Bonds by Type of Currency,  https://data.imf.org/en/datasets/IMF.STA:ESG_FINANCE_CURRENCY. Accessed on [current date].","","","0.317756374"
"IMF.STA:ESG_FINANCE_CURRENCY(3.0.3)","G001.CSSBI_PT.NORW15.A","OBS_VALUE","World","Cumulative Sustainability Bond Issuances, Percent","Norwegian Krone","Annual","Units","","","","","","","International Monetary Fund (IMF)","Statistics Department (STA)","datahelp@imf.org","","","","","Environment and climate; Climate finance","","","English","2026-01-08T16:17:00.239243200Z","2026-01-08T16:17:00.292229100Z","","The data are aggregated by country of incorporations, use of proceeds, type of currency and type of issuers (nonfinancial corporations, other financial corporations, banks, state owned entities, sovereign, state and local governments and international organizations). Sovereign green bonds are green bonds issued by central governments and central banks. Compilation of the indicator is based on the methodology used by London Stock Exchange Group, and divergences may be observed when compared to data from other providers. 
The source dataset is based on LSEG (formerly Refinitiv), which contain bond-by-bond issuances for Green Bonds, Social Bonds, Sustainability Bonds, and Sustainability-Linked Bonds starting from 2006 to 2024. Bonds by type encompass investment grade, high-yield, and not-rated bonds, commercial papers, certificates of deposit, and sukuks. By issuer type, bonds encompass government, corporate, agency, non-US munis, and other gov/supra bonds.","Public (Unrestricted)","","Public or Unrestricted","","LSEG. Accessed on 2025-02-24; IMF staff calculations.","© International Monetary Fund Copyright. All Rights Reserved. https://www.imf.org/external/terms.htm","International Monetary Fund. Green Bonds by Type of Currency,  https://data.imf.org/en/datasets/IMF.STA:ESG_FINANCE_CURRENCY. Accessed on [current date].","","","0.414222531"
"IMF.STA:ESG_FINANCE_CURRENCY(3.0.3)","G001.CSSLBI_USD.COLO14.A","OBS_VALUE","World","Cumulative Sustainability Linked Bond Issuances, US dollar","Colombian Peso","Annual","Units","","","","","","","International Monetary Fund (IMF)","Statistics Department (STA)","datahelp@imf.org","","","","","Environment and climate; Climate finance","","","English","2026-01-08T16:17:00.239243200Z","2026-01-08T16:17:00.292229100Z","","The data are aggregated by country of incorporations, use of proceeds, type of currency and type of issuers (nonfinancial corporations, other financial corporations, banks, state owned entities, sovereign, state and local governments and international organizations). Sovereign green bonds are green bonds issued by central governments and central banks. Compilation of the indicator is based on the methodology used by London Stock Exchange Group, and divergences may be observed when compared to data from other providers. 
The source dataset is based on LSEG (formerly Refinitiv), which contain bond-by-bond issuances for Green Bonds, Social Bonds, Sustainability Bonds, and Sustainability-Linked Bonds starting from 2006 to 2024. Bonds by type encompass investment grade, high-yield, and not-rated bonds, commercial papers, certificates of deposit, and sukuks. By issuer type, bonds encompass government, corporate, agency, non-US munis, and other gov/supra bonds.","Public (Unrestricted)","","Public or Unrestricted","","LSEG. Accessed on 2025-02-24; IMF staff calculations.","© International Monetary Fund Copyright. All Rights Reserved. https://www.imf.org/external/terms.htm","International Monetary Fund. Green Bonds by Type of Currency,  https://data.imf.org/en/datasets/IMF.STA:ESG_FINANCE_CURRENCY. Accessed on [current date].","","","0.012096286"
"IMF.STA:ESG_FINANCE_CURRENCY(3.0.3)","G001.CSSBI_USD.CHIL25.A","OBS_VALUE","World","Cumulative Sustainability Bond Issuances, US dollar","Chilean Unidad de Fomento","Annual","Units","","","","","","","International Monetary Fund (IMF)","Statistics Department (STA)","datahelp@imf.org","","","","","Environment and climate; Climate finance","","","English","2026-01-08T16:17:00.239243200Z","2026-01-08T16:17:00.292229100Z","","The data are aggregated by country of incorporations, use of proceeds, type of currency and type of issuers (nonfinancial corporations, other financial corporations, banks, state owned entities, sovereign, state and local governments and international organizations). Sovereign green bonds are green bonds issued by central governments and central banks. Compilation of the indicator is based on the methodology used by London Stock Exchange Group, and divergences may be observed when compared to data from other providers. 
The source dataset is based on LSEG (formerly Refinitiv), which contain bond-by-bond issuances for Green Bonds, Social Bonds, Sustainability Bonds, and Sustainability-Linked Bonds starting from 2006 to 2024. Bonds by type encompass investment grade, high-yield, and not-rated bonds, commercial papers, certificates of deposit, and sukuks. By issuer type, bonds encompass government, corporate, agency, non-US munis, and other gov/supra bonds.","Public (Unrestricted)","","Public or Unrestricted","","LSEG. Accessed on 2025-02-24; IMF staff calculations.","© International Monetary Fund Copyright. All Rights Reserved. https://www.imf.org/external/terms.htm","International Monetary Fund. Green Bonds by Type of Currency,  https://data.imf.org/en/datasets/IMF.STA:ESG_FINANCE_CURRENCY. Accessed on [current date].","","","0.59271624"
"IMF.STA:ESG_FINANCE_CURRENCY(3.0.3)","G001.CSSBI_PT.THAI9.A","OBS_VALUE","World","Cumulative Sustainability Bond Issuances, Percent","Thai Baht","Annual","Units","","","","","","","International Monetary Fund (IMF)","Statistics Department (STA)","datahelp@imf.org","","","","","Environment and climate; Climate finance","","","English","2026-01-08T16:17:00.239243200Z","2026-01-08T16:17:00.292229100Z","","The data are aggregated by country of incorporations, use of proceeds, type of currency and type of issuers (nonfinancial corporations, other financial corporations, banks, state owned entities, sovereign, state and local governments and international organizations). Sovereign green bonds are green bonds issued by central governments and central banks. Compilation of the indicator is based on the methodology used by London Stock Exchange Group, and divergences may be observed when compared to data from other providers. 
The source dataset is based on LSEG (formerly Refinitiv), which contain bond-by-bond issuances for Green Bonds, Social Bonds, Sustainability Bonds, and Sustainability-Linked Bonds starting from 2006 to 2024. Bonds by type encompass investment grade, high-yield, and not-rated bonds, commercial papers, certificates of deposit, and sukuks. By issuer type, bonds encompass government, corporate, agency, non-US munis, and other gov/supra bonds.","Public (Unrestricted)","","Public or Unrestricted","","LSEG. Accessed on 2025-02-24; IMF staff calculations.","© International Monetary Fund Copyright. All Rights Reserved. https://www.imf.org/external/terms.htm","International Monetary Fund. Green Bonds by Type of Currency,  https://data.imf.org/en/datasets/IMF.STA:ESG_FINANCE_CURRENCY. Accessed on [current date].","","","1.498822745"
"IMF.STA:ESG_FINANCE_CURRENCY(3.0.3)","G001.CGBI_PT.URP.A","OBS_VALUE","World","Cumulative Green Bond Issuances, Percent","Uruguayan Peso","Annual","Units","","","","","","","International Monetary Fund (IMF)","Statistics Department (STA)","datahelp@imf.org","","","","","Environment and climate; Climate finance","","","English","2026-01-08T16:17:00.239243200Z","2026-01-08T16:17:00.292229100Z","","The data are aggregated by country of incorporations, use of proceeds, type of currency and type of issuers (nonfinancial corporations, other financial corporations, banks, state owned entities, sovereign, state and local governments and international organizations). Sovereign green bonds are green bonds issued by central governments and central banks. Compilation of the indicator is based on the methodology used by London Stock Exchange Group, and divergences may be observed when compared to data from other providers. 
The source dataset is based on LSEG (formerly Refinitiv), which contain bond-by-bond issuances for Green Bonds, Social Bonds, Sustainability Bonds, and Sustainability-Linked Bonds starting from 2006 to 2024. Bonds by type encompass investment grade, high-yield, and not-rated bonds, commercial papers, certificates of deposit, and sukuks. By issuer type, bonds encompass government, corporate, agency, non-US munis, and other gov/supra bonds.","Public (Unrestricted)","","Public or Unrestricted","","LSEG. Accessed on 2025-02-24; IMF staff calculations.","© International Monetary Fund Copyright. All Rights Reserved. https://www.imf.org/external/terms.htm","International Monetary Fund. Green Bonds by Type of Currency,  https://data.imf.org/en/datasets/IMF.STA:ESG_FINANCE_CURRENCY. Accessed on [current date].","","","0.000255"
"IMF.STA:ESG_FINANCE_CURRENCY(3.0.3)","G001.CSBI_USD.BRAZ14.A","OBS_VALUE","World","Cumulative Social Bond Issuances, US dollar","Brazilian Real","Annual","Units","","","","","","","International Monetary Fund (IMF)","Statistics Department (STA)","datahelp@imf.org","","","","","Environment and climate; Climate finance","","","English","2026-01-08T16:17:00.239243200Z","2026-01-08T16:17:00.292229100Z","","The data are aggregated by country of incorporations, use of proceeds, type of currency and type of issuers (nonfinancial corporations, other financial corporations, banks, state owned entities, sovereign, state and local governments and international organizations). Sovereign green bonds are green bonds issued by central governments and central banks. Compilation of the indicator is based on the methodology used by London Stock Exchange Group, and divergences may be observed when compared to data from other providers. 
The source dataset is based on LSEG (formerly Refinitiv), which contain bond-by-bond issuances for Green Bonds, Social Bonds, Sustainability Bonds, and Sustainability-Linked Bonds starting from 2006 to 2024. Bonds by type encompass investment grade, high-yield, and not-rated bonds, commercial papers, certificates of deposit, and sukuks. By issuer type, bonds encompass government, corporate, agency, non-US munis, and other gov/supra bonds.","Public (Unrestricted)","","Public or Unrestricted","","LSEG. Accessed on 2025-02-24; IMF staff calculations.","© International Monetary Fund Copyright. All Rights Reserved. https://www.imf.org/external/terms.htm","International Monetary Fund. Green Bonds by Type of Currency,  https://data.imf.org/en/datasets/IMF.STA:ESG_FINANCE_CURRENCY. Accessed on [current date].","","","0.539493798"
"IMF.STA:ESG_FINANCE_CURRENCY(3.0.3)","G001.CSBI_USD.AUST17.A","OBS_VALUE","World","Cumulative Social Bond Issuances, US dollar","Australian Dollar","Annual","Units","","","","","","","International Monetary Fund (IMF)","Statistics Department (STA)","datahelp@imf.org","","","","","Environment and climate; Climate finance","","","English","2026-01-08T16:17:00.239243200Z","2026-01-08T16:17:00.292229100Z","","The data are aggregated by country of incorporations, use of proceeds, type of currency and type of issuers (nonfinancial corporations, other financial corporations, banks, state owned entities, sovereign, state and local governments and international organizations). Sovereign green bonds are green bonds issued by central governments and central banks. Compilation of the indicator is based on the methodology used by London Stock Exchange Group, and divergences may be observed when compared to data from other providers. 
The source dataset is based on LSEG (formerly Refinitiv), which contain bond-by-bond issuances for Green Bonds, Social Bonds, Sustainability Bonds, and Sustainability-Linked Bonds starting from 2006 to 2024. Bonds by type encompass investment grade, high-yield, and not-rated bonds, commercial papers, certificates of deposit, and sukuks. By issuer type, bonds encompass government, corporate, agency, non-US munis, and other gov/supra bonds.","Public (Unrestricted)","","Public or Unrestricted","","LSEG. Accessed on 2025-02-24; IMF staff calculations.","© International Monetary Fund Copyright. All Rights Reserved. https://www.imf.org/external/terms.htm","International Monetary Fund. Green Bonds by Type of Currency,  https://data.imf.org/en/datasets/IMF.STA:ESG_FINANCE_CURRENCY. Accessed on [current date].","","","13.44662399"
"IMF.STA:ESG_FINANCE_CURRENCY(3.0.3)","G001.CSSBI_PT.POLI12.A","OBS_VALUE","World","Cumulative Sustainability Bond Issuances, Percent","Polish Zloty","Annual","Units","","","","","","","International Monetary Fund (IMF)","Statistics Department (STA)","datahelp@imf.org","","","","","Environment and climate; Climate finance","","","English","2026-01-08T16:17:00.239243200Z","2026-01-08T16:17:00.292229100Z","","The data are aggregated by country of incorporations, use of proceeds, type of currency and type of issuers (nonfinancial corporations, other financial corporations, banks, state owned entities, sovereign, state and local governments and international organizations). Sovereign green bonds are green bonds issued by central governments and central banks. Compilation of the indicator is based on the methodology used by London Stock Exchange Group, and divergences may be observed when compared to data from other providers. 
The source dataset is based on LSEG (formerly Refinitiv), which contain bond-by-bond issuances for Green Bonds, Social Bonds, Sustainability Bonds, and Sustainability-Linked Bonds starting from 2006 to 2024. Bonds by type encompass investment grade, high-yield, and not-rated bonds, commercial papers, certificates of deposit, and sukuks. By issuer type, bonds encompass government, corporate, agency, non-US munis, and other gov/supra bonds.","Public (Unrestricted)","","Public or Unrestricted","","LSEG. Accessed on 2025-02-24; IMF staff calculations.","© International Monetary Fund Copyright. All Rights Reserved. https://www.imf.org/external/terms.htm","International Monetary Fund. Green Bonds by Type of Currency,  https://data.imf.org/en/datasets/IMF.STA:ESG_FINANCE_CURRENCY. Accessed on [current date].","","","0.102795766"
"IMF.STA:ESG_FINANCE_CURRENCY(3.0.3)","G001.CSSLBI_USD.CHIN12.A","OBS_VALUE","World","Cumulative Sustainability Linked Bond Issuances, US dollar","Chinese Yuan","Annual","Units","","","","","","","International Monetary Fund (IMF)","Statistics Department (STA)","datahelp@imf.org","","","","","Environment and climate; Climate finance","","","English","2026-01-08T16:17:00.239243200Z","2026-01-08T16:17:00.292229100Z","","The data are aggregated by country of incorporations, use of proceeds, type of currency and type of issuers (nonfinancial corporations, other financial corporations, banks, state owned entities, sovereign, state and local governments and international organizations). Sovereign green bonds are green bonds issued by central governments and central banks. Compilation of the indicator is based on the methodology used by London Stock Exchange Group, and divergences may be observed when compared to data from other providers. 
The source dataset is based on LSEG (formerly Refinitiv), which contain bond-by-bond issuances for Green Bonds, Social Bonds, Sustainability Bonds, and Sustainability-Linked Bonds starting from 2006 to 2024. Bonds by type encompass investment grade, high-yield, and not-rated bonds, commercial papers, certificates of deposit, and sukuks. By issuer type, bonds encompass government, corporate, agency, non-US munis, and other gov/supra bonds.","Public (Unrestricted)","","Public or Unrestricted","","LSEG. Accessed on 2025-02-24; IMF staff calculations.","© International Monetary Fund Copyright. All Rights Reserved. https://www.imf.org/external/terms.htm","International Monetary Fund. Green Bonds by Type of Currency,  https://data.imf.org/en/datasets/IMF.STA:ESG_FINANCE_CURRENCY. Accessed on [current date].","","","20.9689881"
"IMF.STA:ESG_FINANCE_CURRENCY(3.0.3)","G001.CSSLBI_USD.BRIT13.A","OBS_VALUE","World","Cumulative Sustainability Linked Bond Issuances, US dollar","British Pound","Annual","Units","","","","","","","International Monetary Fund (IMF)","Statistics Department (STA)","datahelp@imf.org","","","","","Environment and climate; Climate finance","","","English","2026-01-08T16:17:00.239243200Z","2026-01-08T16:17:00.292229100Z","","The data are aggregated by country of incorporations, use of proceeds, type of currency and type of issuers (nonfinancial corporations, other financial corporations, banks, state owned entities, sovereign, state and local governments and international organizations). Sovereign green bonds are green bonds issued by central governments and central banks. Compilation of the indicator is based on the methodology used by London Stock Exchange Group, and divergences may be observed when compared to data from other providers. 
The source dataset is based on LSEG (formerly Refinitiv), which contain bond-by-bond issuances for Green Bonds, Social Bonds, Sustainability Bonds, and Sustainability-Linked Bonds starting from 2006 to 2024. Bonds by type encompass investment grade, high-yield, and not-rated bonds, commercial papers, certificates of deposit, and sukuks. By issuer type, bonds encompass government, corporate, agency, non-US munis, and other gov/supra bonds.","Public (Unrestricted)","","Public or Unrestricted","","LSEG. Accessed on 2025-02-24; IMF staff calculations.","© International Monetary Fund Copyright. All Rights Reserved. https://www.imf.org/external/terms.htm","International Monetary Fund. Green Bonds by Type of Currency,  https://data.imf.org/en/datasets/IMF.STA:ESG_FINANCE_CURRENCY. Accessed on [current date].","","","5.05197216"
"IMF.STA:ESG_FINANCE_CURRENCY(3.0.3)","G001.CSBI_PT.SING16.A","OBS_VALUE","World","Cumulative Social Bond Issuances, Percent","Singapore Dollar","Annual","Units","","","","","","","International Monetary Fund (IMF)","Statistics Department (STA)","datahelp@imf.org","","","","","Environment and climate; Climate finance","","","English","2026-01-08T16:17:00.239243200Z","2026-01-08T16:17:00.292229100Z","","The data are aggregated by country of incorporations, use of proceeds, type of currency and type of issuers (nonfinancial corporations, other financial corporations, banks, state owned entities, sovereign, state and local governments and international organizations). Sovereign green bonds are green bonds issued by central governments and central banks. Compilation of the indicator is based on the methodology used by London Stock Exchange Group, and divergences may be observed when compared to data from other providers. 
The source dataset is based on LSEG (formerly Refinitiv), which contain bond-by-bond issuances for Green Bonds, Social Bonds, Sustainability Bonds, and Sustainability-Linked Bonds starting from 2006 to 2024. Bonds by type encompass investment grade, high-yield, and not-rated bonds, commercial papers, certificates of deposit, and sukuks. By issuer type, bonds encompass government, corporate, agency, non-US munis, and other gov/supra bonds.","Public (Unrestricted)","","Public or Unrestricted","","LSEG. Accessed on 2025-02-24; IMF staff calculations.","© International Monetary Fund Copyright. All Rights Reserved. https://www.imf.org/external/terms.htm","International Monetary Fund. Green Bonds by Type of Currency,  https://data.imf.org/en/datasets/IMF.STA:ESG_FINANCE_CURRENCY. Accessed on [current date].","","","0.0329"
"IMF.STA:ESG_FINANCE_CURRENCY(3.0.3)","G001.CGBI_USD.HONG16.A","OBS_VALUE","World","Cumulative Green Bond Issuances, US dollar","Hong Kong Dollar","Annual","Units","","","","","","","International Monetary Fund (IMF)","Statistics Department (STA)","datahelp@imf.org","","","","","Environment and climate; Climate finance","","","English","2026-01-08T16:17:00.239243200Z","2026-01-08T16:17:00.292229100Z","","The data are aggregated by country of incorporations, use of proceeds, type of currency and type of issuers (nonfinancial corporations, other financial corporations, banks, state owned entities, sovereign, state and local governments and international organizations). Sovereign green bonds are green bonds issued by central governments and central banks. Compilation of the indicator is based on the methodology used by London Stock Exchange Group, and divergences may be observed when compared to data from other providers. 
The source dataset is based on LSEG (formerly Refinitiv), which contain bond-by-bond issuances for Green Bonds, Social Bonds, Sustainability Bonds, and Sustainability-Linked Bonds starting from 2006 to 2024. Bonds by type encompass investment grade, high-yield, and not-rated bonds, commercial papers, certificates of deposit, and sukuks. By issuer type, bonds encompass government, corporate, agency, non-US munis, and other gov/supra bonds.","Public (Unrestricted)","","Public or Unrestricted","","LSEG. Accessed on 2025-02-24; IMF staff calculations.","© International Monetary Fund Copyright. All Rights Reserved. https://www.imf.org/external/terms.htm","International Monetary Fund. Green Bonds by Type of Currency,  https://data.imf.org/en/datasets/IMF.STA:ESG_FINANCE_CURRENCY. Accessed on [current date].","","","12.59270677"
"IMF.STA:ESG_FINANCE_CURRENCY(3.0.3)","G001.CSSBI_PT.MEXI17.A","OBS_VALUE","World","Cumulative Sustainability Bond Issuances, Percent","Mexican Unidad de Inversion","Annual","Units","","","","","","","International Monetary Fund (IMF)","Statistics Department (STA)","datahelp@imf.org","","","","","Environment and climate; Climate finance","","","English","2026-01-08T16:17:00.239243200Z","2026-01-08T16:17:00.292229100Z","","The data are aggregated by country of incorporations, use of proceeds, type of currency and type of issuers (nonfinancial corporations, other financial corporations, banks, state owned entities, sovereign, state and local governments and international organizations). Sovereign green bonds are green bonds issued by central governments and central banks. Compilation of the indicator is based on the methodology used by London Stock Exchange Group, and divergences may be observed when compared to data from other providers. 
The source dataset is based on LSEG (formerly Refinitiv), which contain bond-by-bond issuances for Green Bonds, Social Bonds, Sustainability Bonds, and Sustainability-Linked Bonds starting from 2006 to 2024. Bonds by type encompass investment grade, high-yield, and not-rated bonds, commercial papers, certificates of deposit, and sukuks. By issuer type, bonds encompass government, corporate, agency, non-US munis, and other gov/supra bonds.","Public (Unrestricted)","","Public or Unrestricted","","LSEG. Accessed on 2025-02-24; IMF staff calculations.","© International Monetary Fund Copyright. All Rights Reserved. https://www.imf.org/external/terms.htm","International Monetary Fund. Green Bonds by Type of Currency,  https://data.imf.org/en/datasets/IMF.STA:ESG_FINANCE_CURRENCY. Accessed on [current date].","","","0.0301"
"IMF.STA:ESG_FINANCE_CURRENCY(3.0.3)","G001.CSBI_USD.SWED13.A","OBS_VALUE","World","Cumulative Social Bond Issuances, US dollar","Swedish Krona","Annual","Units","","","","","","","International Monetary Fund (IMF)","Statistics Department (STA)","datahelp@imf.org","","","","","Environment and climate; Climate finance","","","English","2026-01-08T16:17:00.239243200Z","2026-01-08T16:17:00.292229100Z","","The data are aggregated by country of incorporations, use of proceeds, type of currency and type of issuers (nonfinancial corporations, other financial corporations, banks, state owned entities, sovereign, state and local governments and international organizations). Sovereign green bonds are green bonds issued by central governments and central banks. Compilation of the indicator is based on the methodology used by London Stock Exchange Group, and divergences may be observed when compared to data from other providers. 
The source dataset is based on LSEG (formerly Refinitiv), which contain bond-by-bond issuances for Green Bonds, Social Bonds, Sustainability Bonds, and Sustainability-Linked Bonds starting from 2006 to 2024. Bonds by type encompass investment grade, high-yield, and not-rated bonds, commercial papers, certificates of deposit, and sukuks. By issuer type, bonds encompass government, corporate, agency, non-US munis, and other gov/supra bonds.","Public (Unrestricted)","","Public or Unrestricted","","LSEG. Accessed on 2025-02-24; IMF staff calculations.","© International Monetary Fund Copyright. All Rights Reserved. https://www.imf.org/external/terms.htm","International Monetary Fund. Green Bonds by Type of Currency,  https://data.imf.org/en/datasets/IMF.STA:ESG_FINANCE_CURRENCY. Accessed on [current date].","","","2.817765158"
"IMF.STA:ESG_FINANCE_CURRENCY(3.0.3)","G001.CSBI_USD.SKW.A","OBS_VALUE","World","Cumulative Social Bond Issuances, US dollar","South Korean Won","Annual","Units","","","","","","","International Monetary Fund (IMF)","Statistics Department (STA)","datahelp@imf.org","","","","","Environment and climate; Climate finance","","","English","2026-01-08T16:17:00.239243200Z","2026-01-08T16:17:00.292229100Z","","The data are aggregated by country of incorporations, use of proceeds, type of currency and type of issuers (nonfinancial corporations, other financial corporations, banks, state owned entities, sovereign, state and local governments and international organizations). Sovereign green bonds are green bonds issued by central governments and central banks. Compilation of the indicator is based on the methodology used by London Stock Exchange Group, and divergences may be observed when compared to data from other providers. 
The source dataset is based on LSEG (formerly Refinitiv), which contain bond-by-bond issuances for Green Bonds, Social Bonds, Sustainability Bonds, and Sustainability-Linked Bonds starting from 2006 to 2024. Bonds by type encompass investment grade, high-yield, and not-rated bonds, commercial papers, certificates of deposit, and sukuks. By issuer type, bonds encompass government, corporate, agency, non-US munis, and other gov/supra bonds.","Public (Unrestricted)","","Public or Unrestricted","","LSEG. Accessed on 2025-02-24; IMF staff calculations.","© International Monetary Fund Copyright. All Rights Reserved. https://www.imf.org/external/terms.htm","International Monetary Fund. Green Bonds by Type of Currency,  https://data.imf.org/en/datasets/IMF.STA:ESG_FINANCE_CURRENCY. Accessed on [current date].","","","82.18543434"
"IMF.STA:ESG_FINANCE_CURRENCY(3.0.3)","G001.CSBI_PT.INDO17.A","OBS_VALUE","World","Cumulative Social Bond Issuances, Percent","Indonesian Rupiah","Annual","Units","","","","","","","International Monetary Fund (IMF)","Statistics Department (STA)","datahelp@imf.org","","","","","Environment and climate; Climate finance","","","English","2026-01-08T16:17:00.239243200Z","2026-01-08T16:17:00.292229100Z","","The data are aggregated by country of incorporations, use of proceeds, type of currency and type of issuers (nonfinancial corporations, other financial corporations, banks, state owned entities, sovereign, state and local governments and international organizations). Sovereign green bonds are green bonds issued by central governments and central banks. Compilation of the indicator is based on the methodology used by London Stock Exchange Group, and divergences may be observed when compared to data from other providers. 
The source dataset is based on LSEG (formerly Refinitiv), which contain bond-by-bond issuances for Green Bonds, Social Bonds, Sustainability Bonds, and Sustainability-Linked Bonds starting from 2006 to 2024. Bonds by type encompass investment grade, high-yield, and not-rated bonds, commercial papers, certificates of deposit, and sukuks. By issuer type, bonds encompass government, corporate, agency, non-US munis, and other gov/supra bonds.","Public (Unrestricted)","","Public or Unrestricted","","LSEG. Accessed on 2025-02-24; IMF staff calculations.","© International Monetary Fund Copyright. All Rights Reserved. https://www.imf.org/external/terms.htm","International Monetary Fund. Green Bonds by Type of Currency,  https://data.imf.org/en/datasets/IMF.STA:ESG_FINANCE_CURRENCY. Accessed on [current date].","","","0.0798"
"IMF.STA:ESG_FINANCE_CURRENCY(3.0.3)","G001.CSSBI_PT.NAMI15.A","OBS_VALUE","World","Cumulative Sustainability Bond Issuances, Percent","Namibian Dollar","Annual","Units","","","","","","","International Monetary Fund (IMF)","Statistics Department (STA)","datahelp@imf.org","","","","","Environment and climate; Climate finance","","","English","2026-01-08T16:17:00.239243200Z","2026-01-08T16:17:00.292229100Z","","The data are aggregated by country of incorporations, use of proceeds, type of currency and type of issuers (nonfinancial corporations, other financial corporations, banks, state owned entities, sovereign, state and local governments and international organizations). Sovereign green bonds are green bonds issued by central governments and central banks. Compilation of the indicator is based on the methodology used by London Stock Exchange Group, and divergences may be observed when compared to data from other providers. 
The source dataset is based on LSEG (formerly Refinitiv), which contain bond-by-bond issuances for Green Bonds, Social Bonds, Sustainability Bonds, and Sustainability-Linked Bonds starting from 2006 to 2024. Bonds by type encompass investment grade, high-yield, and not-rated bonds, commercial papers, certificates of deposit, and sukuks. By issuer type, bonds encompass government, corporate, agency, non-US munis, and other gov/supra bonds.","Public (Unrestricted)","","Public or Unrestricted","","LSEG. Accessed on 2025-02-24; IMF staff calculations.","© International Monetary Fund Copyright. All Rights Reserved. https://www.imf.org/external/terms.htm","International Monetary Fund. Green Bonds by Type of Currency,  https://data.imf.org/en/datasets/IMF.STA:ESG_FINANCE_CURRENCY. Accessed on [current date].","","","0.00111"
"IMF.STA:ESG_FINANCE_CURRENCY(3.0.3)","G001.CSBI_PT.MALA17.A","OBS_VALUE","World","Cumulative Social Bond Issuances, Percent","Malaysian Ringgit","Annual","Units","","","","","","","International Monetary Fund (IMF)","Statistics Department (STA)","datahelp@imf.org","","","","","Environment and climate; Climate finance","","","English","2026-01-08T16:17:00.239243200Z","2026-01-08T16:17:00.292229100Z","","The data are aggregated by country of incorporations, use of proceeds, type of currency and type of issuers (nonfinancial corporations, other financial corporations, banks, state owned entities, sovereign, state and local governments and international organizations). Sovereign green bonds are green bonds issued by central governments and central banks. Compilation of the indicator is based on the methodology used by London Stock Exchange Group, and divergences may be observed when compared to data from other providers. 
The source dataset is based on LSEG (formerly Refinitiv), which contain bond-by-bond issuances for Green Bonds, Social Bonds, Sustainability Bonds, and Sustainability-Linked Bonds starting from 2006 to 2024. Bonds by type encompass investment grade, high-yield, and not-rated bonds, commercial papers, certificates of deposit, and sukuks. By issuer type, bonds encompass government, corporate, agency, non-US munis, and other gov/supra bonds.","Public (Unrestricted)","","Public or Unrestricted","","LSEG. Accessed on 2025-02-24; IMF staff calculations.","© International Monetary Fund Copyright. All Rights Reserved. https://www.imf.org/external/terms.htm","International Monetary Fund. Green Bonds by Type of Currency,  https://data.imf.org/en/datasets/IMF.STA:ESG_FINANCE_CURRENCY. Accessed on [current date].","","","0.0408"
"IMF.STA:ESG_FINANCE_CURRENCY(3.0.3)","G001.CSSBI_PT.SING16.A","OBS_VALUE","World","Cumulative Sustainability Bond Issuances, Percent","Singapore Dollar","Annual","Units","","","","","","","International Monetary Fund (IMF)","Statistics Department (STA)","datahelp@imf.org","","","","","Environment and climate; Climate finance","","","English","2026-01-08T16:17:00.239243200Z","2026-01-08T16:17:00.292229100Z","","The data are aggregated by country of incorporations, use of proceeds, type of currency and type of issuers (nonfinancial corporations, other financial corporations, banks, state owned entities, sovereign, state and local governments and international organizations). Sovereign green bonds are green bonds issued by central governments and central banks. Compilation of the indicator is based on the methodology used by London Stock Exchange Group, and divergences may be observed when compared to data from other providers. 
The source dataset is based on LSEG (formerly Refinitiv), which contain bond-by-bond issuances for Green Bonds, Social Bonds, Sustainability Bonds, and Sustainability-Linked Bonds starting from 2006 to 2024. Bonds by type encompass investment grade, high-yield, and not-rated bonds, commercial papers, certificates of deposit, and sukuks. By issuer type, bonds encompass government, corporate, agency, non-US munis, and other gov/supra bonds.","Public (Unrestricted)","","Public or Unrestricted","","LSEG. Accessed on 2025-02-24; IMF staff calculations.","© International Monetary Fund Copyright. All Rights Reserved. https://www.imf.org/external/terms.htm","International Monetary Fund. Green Bonds by Type of Currency,  https://data.imf.org/en/datasets/IMF.STA:ESG_FINANCE_CURRENCY. Accessed on [current date].","","","0.0399"
"IMF.STA:ESG_FINANCE_CURRENCY(3.0.3)","G001.CSBI_USD.TURK12.A","OBS_VALUE","World","Cumulative Social Bond Issuances, US dollar","Turkish Lira","Annual","Units","","","","","","","International Monetary Fund (IMF)","Statistics Department (STA)","datahelp@imf.org","","","","","Environment and climate; Climate finance","","","English","2026-01-08T16:17:00.239243200Z","2026-01-08T16:17:00.292229100Z","","The data are aggregated by country of incorporations, use of proceeds, type of currency and type of issuers (nonfinancial corporations, other financial corporations, banks, state owned entities, sovereign, state and local governments and international organizations). Sovereign green bonds are green bonds issued by central governments and central banks. Compilation of the indicator is based on the methodology used by London Stock Exchange Group, and divergences may be observed when compared to data from other providers. 
The source dataset is based on LSEG (formerly Refinitiv), which contain bond-by-bond issuances for Green Bonds, Social Bonds, Sustainability Bonds, and Sustainability-Linked Bonds starting from 2006 to 2024. Bonds by type encompass investment grade, high-yield, and not-rated bonds, commercial papers, certificates of deposit, and sukuks. By issuer type, bonds encompass government, corporate, agency, non-US munis, and other gov/supra bonds.","Public (Unrestricted)","","Public or Unrestricted","","LSEG. Accessed on 2025-02-24; IMF staff calculations.","© International Monetary Fund Copyright. All Rights Reserved. https://www.imf.org/external/terms.htm","International Monetary Fund. Green Bonds by Type of Currency,  https://data.imf.org/en/datasets/IMF.STA:ESG_FINANCE_CURRENCY. Accessed on [current date].","","","0.01176534"
"IMF.STA:ESG_FINANCE_CURRENCY(3.0.3)","G001.CGBI_PT.THAI9.A","OBS_VALUE","World","Cumulative Green Bond Issuances, Percent","Thai Baht","Annual","Units","","","","","","","International Monetary Fund (IMF)","Statistics Department (STA)","datahelp@imf.org","","","","","Environment and climate; Climate finance","","","English","2026-01-08T16:17:00.239243200Z","2026-01-08T16:17:00.292229100Z","","The data are aggregated by country of incorporations, use of proceeds, type of currency and type of issuers (nonfinancial corporations, other financial corporations, banks, state owned entities, sovereign, state and local governments and international organizations). Sovereign green bonds are green bonds issued by central governments and central banks. Compilation of the indicator is based on the methodology used by London Stock Exchange Group, and divergences may be observed when compared to data from other providers. 
The source dataset is based on LSEG (formerly Refinitiv), which contain bond-by-bond issuances for Green Bonds, Social Bonds, Sustainability Bonds, and Sustainability-Linked Bonds starting from 2006 to 2024. Bonds by type encompass investment grade, high-yield, and not-rated bonds, commercial papers, certificates of deposit, and sukuks. By issuer type, bonds encompass government, corporate, agency, non-US munis, and other gov/supra bonds.","Public (Unrestricted)","","Public or Unrestricted","","LSEG. Accessed on 2025-02-24; IMF staff calculations.","© International Monetary Fund Copyright. All Rights Reserved. https://www.imf.org/external/terms.htm","International Monetary Fund. Green Bonds by Type of Currency,  https://data.imf.org/en/datasets/IMF.STA:ESG_FINANCE_CURRENCY. Accessed on [current date].","","","0.133035345"
"IMF.STA:ESG_FINANCE_CURRENCY(3.0.3)","G001.CSBI_PT.MEXI17.A","OBS_VALUE","World","Cumulative Social Bond Issuances, Percent","Mexican Unidad de Inversion","Annual","Units","","","","","","","International Monetary Fund (IMF)","Statistics Department (STA)","datahelp@imf.org","","","","","Environment and climate; Climate finance","","","English","2026-01-08T16:17:00.239243200Z","2026-01-08T16:17:00.292229100Z","","The data are aggregated by country of incorporations, use of proceeds, type of currency and type of issuers (nonfinancial corporations, other financial corporations, banks, state owned entities, sovereign, state and local governments and international organizations). Sovereign green bonds are green bonds issued by central governments and central banks. Compilation of the indicator is based on the methodology used by London Stock Exchange Group, and divergences may be observed when compared to data from other providers. 
The source dataset is based on LSEG (formerly Refinitiv), which contain bond-by-bond issuances for Green Bonds, Social Bonds, Sustainability Bonds, and Sustainability-Linked Bonds starting from 2006 to 2024. Bonds by type encompass investment grade, high-yield, and not-rated bonds, commercial papers, certificates of deposit, and sukuks. By issuer type, bonds encompass government, corporate, agency, non-US munis, and other gov/supra bonds.","Public (Unrestricted)","","Public or Unrestricted","","LSEG. Accessed on 2025-02-24; IMF staff calculations.","© International Monetary Fund Copyright. All Rights Reserved. https://www.imf.org/external/terms.htm","International Monetary Fund. Green Bonds by Type of Currency,  https://data.imf.org/en/datasets/IMF.STA:ESG_FINANCE_CURRENCY. Accessed on [current date].","","","0.0152"
"IMF.STA:ESG_FINANCE_CURRENCY(3.0.3)","G001.CGBI_USD.DANI12.A","OBS_VALUE","World","Cumulative Green Bond Issuances, US dollar","Danish Krone","Annual","Units","","","","","","","International Monetary Fund (IMF)","Statistics Department (STA)","datahelp@imf.org","","","","","Environment and climate; Climate finance","","","English","2026-01-08T16:17:00.239243200Z","2026-01-08T16:17:00.292229100Z","","The data are aggregated by country of incorporations, use of proceeds, type of currency and type of issuers (nonfinancial corporations, other financial corporations, banks, state owned entities, sovereign, state and local governments and international organizations). Sovereign green bonds are green bonds issued by central governments and central banks. Compilation of the indicator is based on the methodology used by London Stock Exchange Group, and divergences may be observed when compared to data from other providers. 
The source dataset is based on LSEG (formerly Refinitiv), which contain bond-by-bond issuances for Green Bonds, Social Bonds, Sustainability Bonds, and Sustainability-Linked Bonds starting from 2006 to 2024. Bonds by type encompass investment grade, high-yield, and not-rated bonds, commercial papers, certificates of deposit, and sukuks. By issuer type, bonds encompass government, corporate, agency, non-US munis, and other gov/supra bonds.","Public (Unrestricted)","","Public or Unrestricted","","LSEG. Accessed on 2025-02-24; IMF staff calculations.","© International Monetary Fund Copyright. All Rights Reserved. https://www.imf.org/external/terms.htm","International Monetary Fund. Green Bonds by Type of Currency,  https://data.imf.org/en/datasets/IMF.STA:ESG_FINANCE_CURRENCY. Accessed on [current date].","","","32.10298519"
"IMF.STA:ESG_FINANCE_CURRENCY(3.0.3)","G001.CSBI_PT.PERU12.A","OBS_VALUE","World","Cumulative Social Bond Issuances, Percent","Peruvian Sol","Annual","Units","","","","","","","International Monetary Fund (IMF)","Statistics Department (STA)","datahelp@imf.org","","","","","Environment and climate; Climate finance","","","English","2026-01-08T16:17:00.239243200Z","2026-01-08T16:17:00.292229100Z","","The data are aggregated by country of incorporations, use of proceeds, type of currency and type of issuers (nonfinancial corporations, other financial corporations, banks, state owned entities, sovereign, state and local governments and international organizations). Sovereign green bonds are green bonds issued by central governments and central banks. Compilation of the indicator is based on the methodology used by London Stock Exchange Group, and divergences may be observed when compared to data from other providers. 
The source dataset is based on LSEG (formerly Refinitiv), which contain bond-by-bond issuances for Green Bonds, Social Bonds, Sustainability Bonds, and Sustainability-Linked Bonds starting from 2006 to 2024. Bonds by type encompass investment grade, high-yield, and not-rated bonds, commercial papers, certificates of deposit, and sukuks. By issuer type, bonds encompass government, corporate, agency, non-US munis, and other gov/supra bonds.","Public (Unrestricted)","","Public or Unrestricted","","LSEG. Accessed on 2025-02-24; IMF staff calculations.","© International Monetary Fund Copyright. All Rights Reserved. https://www.imf.org/external/terms.htm","International Monetary Fund. Green Bonds by Type of Currency,  https://data.imf.org/en/datasets/IMF.STA:ESG_FINANCE_CURRENCY. Accessed on [current date].","","","0.016717755"
"IMF.STA:ESG_FINANCE_CURRENCY(3.0.3)","G001.CSBI_PT.PHIL15.A","OBS_VALUE","World","Cumulative Social Bond Issuances, Percent","Philippine Peso","Annual","Units","","","","","","","International Monetary Fund (IMF)","Statistics Department (STA)","datahelp@imf.org","","","","","Environment and climate; Climate finance","","","English","2026-01-08T16:17:00.239243200Z","2026-01-08T16:17:00.292229100Z","","The data are aggregated by country of incorporations, use of proceeds, type of currency and type of issuers (nonfinancial corporations, other financial corporations, banks, state owned entities, sovereign, state and local governments and international organizations). Sovereign green bonds are green bonds issued by central governments and central banks. Compilation of the indicator is based on the methodology used by London Stock Exchange Group, and divergences may be observed when compared to data from other providers. 
The source dataset is based on LSEG (formerly Refinitiv), which contain bond-by-bond issuances for Green Bonds, Social Bonds, Sustainability Bonds, and Sustainability-Linked Bonds starting from 2006 to 2024. Bonds by type encompass investment grade, high-yield, and not-rated bonds, commercial papers, certificates of deposit, and sukuks. By issuer type, bonds encompass government, corporate, agency, non-US munis, and other gov/supra bonds.","Public (Unrestricted)","","Public or Unrestricted","","LSEG. Accessed on 2025-02-24; IMF staff calculations.","© International Monetary Fund Copyright. All Rights Reserved. https://www.imf.org/external/terms.htm","International Monetary Fund. Green Bonds by Type of Currency,  https://data.imf.org/en/datasets/IMF.STA:ESG_FINANCE_CURRENCY. Accessed on [current date].","","","0.0785"
"IMF.STA:ESG_FINANCE_CURRENCY(3.0.3)","G001.CSSLBI_PT.POLI12.A","OBS_VALUE","World","Cumulative Sustainability Linked Bond Issuances, Percent","Polish Zloty","Annual","Units","","","","","","","International Monetary Fund (IMF)","Statistics Department (STA)","datahelp@imf.org","","","","","Environment and climate; Climate finance","","","English","2026-01-08T16:17:00.239243200Z","2026-01-08T16:17:00.292229100Z","","The data are aggregated by country of incorporations, use of proceeds, type of currency and type of issuers (nonfinancial corporations, other financial corporations, banks, state owned entities, sovereign, state and local governments and international organizations). Sovereign green bonds are green bonds issued by central governments and central banks. Compilation of the indicator is based on the methodology used by London Stock Exchange Group, and divergences may be observed when compared to data from other providers. 
The source dataset is based on LSEG (formerly Refinitiv), which contain bond-by-bond issuances for Green Bonds, Social Bonds, Sustainability Bonds, and Sustainability-Linked Bonds starting from 2006 to 2024. Bonds by type encompass investment grade, high-yield, and not-rated bonds, commercial papers, certificates of deposit, and sukuks. By issuer type, bonds encompass government, corporate, agency, non-US munis, and other gov/supra bonds.","Public (Unrestricted)","","Public or Unrestricted","","LSEG. Accessed on 2025-02-24; IMF staff calculations.","© International Monetary Fund Copyright. All Rights Reserved. https://www.imf.org/external/terms.htm","International Monetary Fund. Green Bonds by Type of Currency,  https://data.imf.org/en/datasets/IMF.STA:ESG_FINANCE_CURRENCY. Accessed on [current date].","","","0.397293829"
"IMF.STA:ESG_FINANCE_CURRENCY(3.0.3)","G001.CSSBI_PT.SOUT18.A","OBS_VALUE","World","Cumulative Sustainability Bond Issuances, Percent","South African Rand","Annual","Units","","","","","","","International Monetary Fund (IMF)","Statistics Department (STA)","datahelp@imf.org","","","","","Environment and climate; Climate finance","","","English","2026-01-08T16:17:00.239243200Z","2026-01-08T16:17:00.292229100Z","","The data are aggregated by country of incorporations, use of proceeds, type of currency and type of issuers (nonfinancial corporations, other financial corporations, banks, state owned entities, sovereign, state and local governments and international organizations). Sovereign green bonds are green bonds issued by central governments and central banks. Compilation of the indicator is based on the methodology used by London Stock Exchange Group, and divergences may be observed when compared to data from other providers. 
The source dataset is based on LSEG (formerly Refinitiv), which contain bond-by-bond issuances for Green Bonds, Social Bonds, Sustainability Bonds, and Sustainability-Linked Bonds starting from 2006 to 2024. Bonds by type encompass investment grade, high-yield, and not-rated bonds, commercial papers, certificates of deposit, and sukuks. By issuer type, bonds encompass government, corporate, agency, non-US munis, and other gov/supra bonds.","Public (Unrestricted)","","Public or Unrestricted","","LSEG. Accessed on 2025-02-24; IMF staff calculations.","© International Monetary Fund Copyright. All Rights Reserved. https://www.imf.org/external/terms.htm","International Monetary Fund. Green Bonds by Type of Currency,  https://data.imf.org/en/datasets/IMF.STA:ESG_FINANCE_CURRENCY. Accessed on [current date].","","","0.091559192"
"IMF.STA:ESG_FINANCE_CURRENCY(3.0.3)","G001.CSSLBI_USD.TAIW16.A","OBS_VALUE","World","Cumulative Sustainability Linked Bond Issuances, US dollar","Taiwanese Dollar","Annual","Units","","","","","","","International Monetary Fund (IMF)","Statistics Department (STA)","datahelp@imf.org","","","","","Environment and climate; Climate finance","","","English","2026-01-08T16:17:00.239243200Z","2026-01-08T16:17:00.292229100Z","","The data are aggregated by country of incorporations, use of proceeds, type of currency and type of issuers (nonfinancial corporations, other financial corporations, banks, state owned entities, sovereign, state and local governments and international organizations). Sovereign green bonds are green bonds issued by central governments and central banks. Compilation of the indicator is based on the methodology used by London Stock Exchange Group, and divergences may be observed when compared to data from other providers. 
The source dataset is based on LSEG (formerly Refinitiv), which contain bond-by-bond issuances for Green Bonds, Social Bonds, Sustainability Bonds, and Sustainability-Linked Bonds starting from 2006 to 2024. Bonds by type encompass investment grade, high-yield, and not-rated bonds, commercial papers, certificates of deposit, and sukuks. By issuer type, bonds encompass government, corporate, agency, non-US munis, and other gov/supra bonds.","Public (Unrestricted)","","Public or Unrestricted","","LSEG. Accessed on 2025-02-24; IMF staff calculations.","© International Monetary Fund Copyright. All Rights Reserved. https://www.imf.org/external/terms.htm","International Monetary Fund. Green Bonds by Type of Currency,  https://data.imf.org/en/datasets/IMF.STA:ESG_FINANCE_CURRENCY. Accessed on [current date].","","","0.241593459"
"IMF.STA:ESG_FINANCE_CURRENCY(3.0.3)","G001.CGBI_USD.CZEC12.A","OBS_VALUE","World","Cumulative Green Bond Issuances, US dollar","Czech Koruna","Annual","Units","","","","","","","International Monetary Fund (IMF)","Statistics Department (STA)","datahelp@imf.org","","","","","Environment and climate; Climate finance","","","English","2026-01-08T16:17:00.239243200Z","2026-01-08T16:17:00.292229100Z","","The data are aggregated by country of incorporations, use of proceeds, type of currency and type of issuers (nonfinancial corporations, other financial corporations, banks, state owned entities, sovereign, state and local governments and international organizations). Sovereign green bonds are green bonds issued by central governments and central banks. Compilation of the indicator is based on the methodology used by London Stock Exchange Group, and divergences may be observed when compared to data from other providers. 
The source dataset is based on LSEG (formerly Refinitiv), which contain bond-by-bond issuances for Green Bonds, Social Bonds, Sustainability Bonds, and Sustainability-Linked Bonds starting from 2006 to 2024. Bonds by type encompass investment grade, high-yield, and not-rated bonds, commercial papers, certificates of deposit, and sukuks. By issuer type, bonds encompass government, corporate, agency, non-US munis, and other gov/supra bonds.","Public (Unrestricted)","","Public or Unrestricted","","LSEG. Accessed on 2025-02-24; IMF staff calculations.","© International Monetary Fund Copyright. All Rights Reserved. https://www.imf.org/external/terms.htm","International Monetary Fund. Green Bonds by Type of Currency,  https://data.imf.org/en/datasets/IMF.STA:ESG_FINANCE_CURRENCY. Accessed on [current date].","","","0.098818823"
"IMF.STA:ESG_FINANCE_CURRENCY(3.0.3)","G001.CGBI_USD.UH.A","OBS_VALUE","World","Cumulative Green Bond Issuances, US dollar","Ukrainian Hryvnia","Annual","Units","","","","","","","International Monetary Fund (IMF)","Statistics Department (STA)","datahelp@imf.org","","","","","Environment and climate; Climate finance","","","English","2026-01-08T16:17:00.239243200Z","2026-01-08T16:17:00.292229100Z","","The data are aggregated by country of incorporations, use of proceeds, type of currency and type of issuers (nonfinancial corporations, other financial corporations, banks, state owned entities, sovereign, state and local governments and international organizations). Sovereign green bonds are green bonds issued by central governments and central banks. Compilation of the indicator is based on the methodology used by London Stock Exchange Group, and divergences may be observed when compared to data from other providers. 
The source dataset is based on LSEG (formerly Refinitiv), which contain bond-by-bond issuances for Green Bonds, Social Bonds, Sustainability Bonds, and Sustainability-Linked Bonds starting from 2006 to 2024. Bonds by type encompass investment grade, high-yield, and not-rated bonds, commercial papers, certificates of deposit, and sukuks. By issuer type, bonds encompass government, corporate, agency, non-US munis, and other gov/supra bonds.","Public (Unrestricted)","","Public or Unrestricted","","LSEG. Accessed on 2025-02-24; IMF staff calculations.","© International Monetary Fund Copyright. All Rights Reserved. https://www.imf.org/external/terms.htm","International Monetary Fund. Green Bonds by Type of Currency,  https://data.imf.org/en/datasets/IMF.STA:ESG_FINANCE_CURRENCY. Accessed on [current date].","","","0.048875535"
"IMF.STA:ESG_FINANCE_CURRENCY(3.0.3)","G001.CGBI_PT.UAED.A","OBS_VALUE","World","Cumulative Green Bond Issuances, Percent","UAE Dirham","Annual","Units","","","","","","","International Monetary Fund (IMF)","Statistics Department (STA)","datahelp@imf.org","","","","","Environment and climate; Climate finance","","","English","2026-01-08T16:17:00.239243200Z","2026-01-08T16:17:00.292229100Z","","The data are aggregated by country of incorporations, use of proceeds, type of currency and type of issuers (nonfinancial corporations, other financial corporations, banks, state owned entities, sovereign, state and local governments and international organizations). Sovereign green bonds are green bonds issued by central governments and central banks. Compilation of the indicator is based on the methodology used by London Stock Exchange Group, and divergences may be observed when compared to data from other providers. 
The source dataset is based on LSEG (formerly Refinitiv), which contain bond-by-bond issuances for Green Bonds, Social Bonds, Sustainability Bonds, and Sustainability-Linked Bonds starting from 2006 to 2024. Bonds by type encompass investment grade, high-yield, and not-rated bonds, commercial papers, certificates of deposit, and sukuks. By issuer type, bonds encompass government, corporate, agency, non-US munis, and other gov/supra bonds.","Public (Unrestricted)","","Public or Unrestricted","","LSEG. Accessed on 2025-02-24; IMF staff calculations.","© International Monetary Fund Copyright. All Rights Reserved. https://www.imf.org/external/terms.htm","International Monetary Fund. Green Bonds by Type of Currency,  https://data.imf.org/en/datasets/IMF.STA:ESG_FINANCE_CURRENCY. Accessed on [current date].","","","0.00999"
"IMF.STA:ESG_FINANCE_CURRENCY(3.0.3)","G001.CSSLBI_PT.JAPA12.A","OBS_VALUE","World","Cumulative Sustainability Linked Bond Issuances, Percent","Japanese Yen","Annual","Units","","","","","","","International Monetary Fund (IMF)","Statistics Department (STA)","datahelp@imf.org","","","","","Environment and climate; Climate finance","","","English","2026-01-08T16:17:00.239243200Z","2026-01-08T16:17:00.292229100Z","","The data are aggregated by country of incorporations, use of proceeds, type of currency and type of issuers (nonfinancial corporations, other financial corporations, banks, state owned entities, sovereign, state and local governments and international organizations). Sovereign green bonds are green bonds issued by central governments and central banks. Compilation of the indicator is based on the methodology used by London Stock Exchange Group, and divergences may be observed when compared to data from other providers. 
The source dataset is based on LSEG (formerly Refinitiv), which contain bond-by-bond issuances for Green Bonds, Social Bonds, Sustainability Bonds, and Sustainability-Linked Bonds starting from 2006 to 2024. Bonds by type encompass investment grade, high-yield, and not-rated bonds, commercial papers, certificates of deposit, and sukuks. By issuer type, bonds encompass government, corporate, agency, non-US munis, and other gov/supra bonds.","Public (Unrestricted)","","Public or Unrestricted","","LSEG. Accessed on 2025-02-24; IMF staff calculations.","© International Monetary Fund Copyright. All Rights Reserved. https://www.imf.org/external/terms.htm","International Monetary Fund. Green Bonds by Type of Currency,  https://data.imf.org/en/datasets/IMF.STA:ESG_FINANCE_CURRENCY. Accessed on [current date].","","","3.20078041"
"IMF.STA:ESG_FINANCE_CURRENCY(3.0.3)","G001.CSSLBI_PT.SWED13.A","OBS_VALUE","World","Cumulative Sustainability Linked Bond Issuances, Percent","Swedish Krona","Annual","Units","","","","","","","International Monetary Fund (IMF)","Statistics Department (STA)","datahelp@imf.org","","","","","Environment and climate; Climate finance","","","English","2026-01-08T16:17:00.239243200Z","2026-01-08T16:17:00.292229100Z","","The data are aggregated by country of incorporations, use of proceeds, type of currency and type of issuers (nonfinancial corporations, other financial corporations, banks, state owned entities, sovereign, state and local governments and international organizations). Sovereign green bonds are green bonds issued by central governments and central banks. Compilation of the indicator is based on the methodology used by London Stock Exchange Group, and divergences may be observed when compared to data from other providers. 
The source dataset is based on LSEG (formerly Refinitiv), which contain bond-by-bond issuances for Green Bonds, Social Bonds, Sustainability Bonds, and Sustainability-Linked Bonds starting from 2006 to 2024. Bonds by type encompass investment grade, high-yield, and not-rated bonds, commercial papers, certificates of deposit, and sukuks. By issuer type, bonds encompass government, corporate, agency, non-US munis, and other gov/supra bonds.","Public (Unrestricted)","","Public or Unrestricted","","LSEG. Accessed on 2025-02-24; IMF staff calculations.","© International Monetary Fund Copyright. All Rights Reserved. https://www.imf.org/external/terms.htm","International Monetary Fund. Green Bonds by Type of Currency,  https://data.imf.org/en/datasets/IMF.STA:ESG_FINANCE_CURRENCY. Accessed on [current date].","","","0.80312863"
"IMF.STA:ESG_FINANCE_CURRENCY(3.0.3)","G001.CSSBI_USD.GEL.A","OBS_VALUE","World","Cumulative Sustainability Bond Issuances, US dollar","Georgian Lari","Annual","Units","","","","","","","International Monetary Fund (IMF)","Statistics Department (STA)","datahelp@imf.org","","","","","Environment and climate; Climate finance","","","English","2026-01-08T16:17:00.239243200Z","2026-01-08T16:17:00.292229100Z","","The data are aggregated by country of incorporations, use of proceeds, type of currency and type of issuers (nonfinancial corporations, other financial corporations, banks, state owned entities, sovereign, state and local governments and international organizations). Sovereign green bonds are green bonds issued by central governments and central banks. Compilation of the indicator is based on the methodology used by London Stock Exchange Group, and divergences may be observed when compared to data from other providers. 
The source dataset is based on LSEG (formerly Refinitiv), which contain bond-by-bond issuances for Green Bonds, Social Bonds, Sustainability Bonds, and Sustainability-Linked Bonds starting from 2006 to 2024. Bonds by type encompass investment grade, high-yield, and not-rated bonds, commercial papers, certificates of deposit, and sukuks. By issuer type, bonds encompass government, corporate, agency, non-US munis, and other gov/supra bonds.","Public (Unrestricted)","","Public or Unrestricted","","LSEG. Accessed on 2025-02-24; IMF staff calculations.","© International Monetary Fund Copyright. All Rights Reserved. https://www.imf.org/external/terms.htm","International Monetary Fund. Green Bonds by Type of Currency,  https://data.imf.org/en/datasets/IMF.STA:ESG_FINANCE_CURRENCY. Accessed on [current date].","","","0.059543541"
"IMF.STA:ESG_FINANCE_CURRENCY(3.0.3)","G001.CSBI_USD.RUSS13.A","OBS_VALUE","World","Cumulative Social Bond Issuances, US dollar","Russian Ruble","Annual","Units","","","","","","","International Monetary Fund (IMF)","Statistics Department (STA)","datahelp@imf.org","","","","","Environment and climate; Climate finance","","","English","2026-01-08T16:17:00.239243200Z","2026-01-08T16:17:00.292229100Z","","The data are aggregated by country of incorporations, use of proceeds, type of currency and type of issuers (nonfinancial corporations, other financial corporations, banks, state owned entities, sovereign, state and local governments and international organizations). Sovereign green bonds are green bonds issued by central governments and central banks. Compilation of the indicator is based on the methodology used by London Stock Exchange Group, and divergences may be observed when compared to data from other providers. 
The source dataset is based on LSEG (formerly Refinitiv), which contain bond-by-bond issuances for Green Bonds, Social Bonds, Sustainability Bonds, and Sustainability-Linked Bonds starting from 2006 to 2024. Bonds by type encompass investment grade, high-yield, and not-rated bonds, commercial papers, certificates of deposit, and sukuks. By issuer type, bonds encompass government, corporate, agency, non-US munis, and other gov/supra bonds.","Public (Unrestricted)","","Public or Unrestricted","","LSEG. Accessed on 2025-02-24; IMF staff calculations.","© International Monetary Fund Copyright. All Rights Reserved. https://www.imf.org/external/terms.htm","International Monetary Fund. Green Bonds by Type of Currency,  https://data.imf.org/en/datasets/IMF.STA:ESG_FINANCE_CURRENCY. Accessed on [current date].","","","0.873804147"
"IMF.STA:ESG_FINANCE_CURRENCY(3.0.3)","G001.CSSLBI_USD.MALA17.A","OBS_VALUE","World","Cumulative Sustainability Linked Bond Issuances, US dollar","Malaysian Ringgit","Annual","Units","","","","","","","International Monetary Fund (IMF)","Statistics Department (STA)","datahelp@imf.org","","","","","Environment and climate; Climate finance","","","English","2026-01-08T16:17:00.239243200Z","2026-01-08T16:17:00.292229100Z","","The data are aggregated by country of incorporations, use of proceeds, type of currency and type of issuers (nonfinancial corporations, other financial corporations, banks, state owned entities, sovereign, state and local governments and international organizations). Sovereign green bonds are green bonds issued by central governments and central banks. Compilation of the indicator is based on the methodology used by London Stock Exchange Group, and divergences may be observed when compared to data from other providers. 
The source dataset is based on LSEG (formerly Refinitiv), which contain bond-by-bond issuances for Green Bonds, Social Bonds, Sustainability Bonds, and Sustainability-Linked Bonds starting from 2006 to 2024. Bonds by type encompass investment grade, high-yield, and not-rated bonds, commercial papers, certificates of deposit, and sukuks. By issuer type, bonds encompass government, corporate, agency, non-US munis, and other gov/supra bonds.","Public (Unrestricted)","","Public or Unrestricted","","LSEG. Accessed on 2025-02-24; IMF staff calculations.","© International Monetary Fund Copyright. All Rights Reserved. https://www.imf.org/external/terms.htm","International Monetary Fund. Green Bonds by Type of Currency,  https://data.imf.org/en/datasets/IMF.STA:ESG_FINANCE_CURRENCY. Accessed on [current date].","","","0.665145485"
"IMF.STA:ESG_FINANCE_CURRENCY(3.0.3)","G001.CGBI_USD.HUNG16.A","OBS_VALUE","World","Cumulative Green Bond Issuances, US dollar","Hungarian Forint","Annual","Units","","","","","","","International Monetary Fund (IMF)","Statistics Department (STA)","datahelp@imf.org","","","","","Environment and climate; Climate finance","","","English","2026-01-08T16:17:00.239243200Z","2026-01-08T16:17:00.292229100Z","","The data are aggregated by country of incorporations, use of proceeds, type of currency and type of issuers (nonfinancial corporations, other financial corporations, banks, state owned entities, sovereign, state and local governments and international organizations). Sovereign green bonds are green bonds issued by central governments and central banks. Compilation of the indicator is based on the methodology used by London Stock Exchange Group, and divergences may be observed when compared to data from other providers. 
The source dataset is based on LSEG (formerly Refinitiv), which contain bond-by-bond issuances for Green Bonds, Social Bonds, Sustainability Bonds, and Sustainability-Linked Bonds starting from 2006 to 2024. Bonds by type encompass investment grade, high-yield, and not-rated bonds, commercial papers, certificates of deposit, and sukuks. By issuer type, bonds encompass government, corporate, agency, non-US munis, and other gov/supra bonds.","Public (Unrestricted)","","Public or Unrestricted","","LSEG. Accessed on 2025-02-24; IMF staff calculations.","© International Monetary Fund Copyright. All Rights Reserved. https://www.imf.org/external/terms.htm","International Monetary Fund. Green Bonds by Type of Currency,  https://data.imf.org/en/datasets/IMF.STA:ESG_FINANCE_CURRENCY. Accessed on [current date].","","","3.46975064"
"IMF.STA:ESG_FINANCE_CURRENCY(3.0.3)","G001.CSSLBI_USD.CP.A","OBS_VALUE","World","Cumulative Sustainability Linked Bond Issuances, US dollar","Chilean Peso","Annual","Units","","","","","","","International Monetary Fund (IMF)","Statistics Department (STA)","datahelp@imf.org","","","","","Environment and climate; Climate finance","","","English","2026-01-08T16:17:00.239243200Z","2026-01-08T16:17:00.292229100Z","","The data are aggregated by country of incorporations, use of proceeds, type of currency and type of issuers (nonfinancial corporations, other financial corporations, banks, state owned entities, sovereign, state and local governments and international organizations). Sovereign green bonds are green bonds issued by central governments and central banks. Compilation of the indicator is based on the methodology used by London Stock Exchange Group, and divergences may be observed when compared to data from other providers. 
The source dataset is based on LSEG (formerly Refinitiv), which contain bond-by-bond issuances for Green Bonds, Social Bonds, Sustainability Bonds, and Sustainability-Linked Bonds starting from 2006 to 2024. Bonds by type encompass investment grade, high-yield, and not-rated bonds, commercial papers, certificates of deposit, and sukuks. By issuer type, bonds encompass government, corporate, agency, non-US munis, and other gov/supra bonds.","Public (Unrestricted)","","Public or Unrestricted","","LSEG. Accessed on 2025-02-24; IMF staff calculations.","© International Monetary Fund Copyright. All Rights Reserved. https://www.imf.org/external/terms.htm","International Monetary Fund. Green Bonds by Type of Currency,  https://data.imf.org/en/datasets/IMF.STA:ESG_FINANCE_CURRENCY. Accessed on [current date].","","","3.946141845"
"IMF.STA:ESG_FINANCE_CURRENCY(3.0.3)","G001.CSSLBI_PT.MEXI12.A","OBS_VALUE","World","Cumulative Sustainability Linked Bond Issuances, Percent","Mexican Peso","Annual","Units","","","","","","","International Monetary Fund (IMF)","Statistics Department (STA)","datahelp@imf.org","","","","","Environment and climate; Climate finance","","","English","2026-01-08T16:17:00.239243200Z","2026-01-08T16:17:00.292229100Z","","The data are aggregated by country of incorporations, use of proceeds, type of currency and type of issuers (nonfinancial corporations, other financial corporations, banks, state owned entities, sovereign, state and local governments and international organizations). Sovereign green bonds are green bonds issued by central governments and central banks. Compilation of the indicator is based on the methodology used by London Stock Exchange Group, and divergences may be observed when compared to data from other providers. 
The source dataset is based on LSEG (formerly Refinitiv), which contain bond-by-bond issuances for Green Bonds, Social Bonds, Sustainability Bonds, and Sustainability-Linked Bonds starting from 2006 to 2024. Bonds by type encompass investment grade, high-yield, and not-rated bonds, commercial papers, certificates of deposit, and sukuks. By issuer type, bonds encompass government, corporate, agency, non-US munis, and other gov/supra bonds.","Public (Unrestricted)","","Public or Unrestricted","","LSEG. Accessed on 2025-02-24; IMF staff calculations.","© International Monetary Fund Copyright. All Rights Reserved. https://www.imf.org/external/terms.htm","International Monetary Fund. Green Bonds by Type of Currency,  https://data.imf.org/en/datasets/IMF.STA:ESG_FINANCE_CURRENCY. Accessed on [current date].","","","1.983432916"
"IMF.STA:ESG_FINANCE_CURRENCY(3.0.3)","G001.CSBI_PT.RUSS13.A","OBS_VALUE","World","Cumulative Social Bond Issuances, Percent","Russian Ruble","Annual","Units","","","","","","","International Monetary Fund (IMF)","Statistics Department (STA)","datahelp@imf.org","","","","","Environment and climate; Climate finance","","","English","2026-01-08T16:17:00.239243200Z","2026-01-08T16:17:00.292229100Z","","The data are aggregated by country of incorporations, use of proceeds, type of currency and type of issuers (nonfinancial corporations, other financial corporations, banks, state owned entities, sovereign, state and local governments and international organizations). Sovereign green bonds are green bonds issued by central governments and central banks. Compilation of the indicator is based on the methodology used by London Stock Exchange Group, and divergences may be observed when compared to data from other providers. 
The source dataset is based on LSEG (formerly Refinitiv), which contain bond-by-bond issuances for Green Bonds, Social Bonds, Sustainability Bonds, and Sustainability-Linked Bonds starting from 2006 to 2024. Bonds by type encompass investment grade, high-yield, and not-rated bonds, commercial papers, certificates of deposit, and sukuks. By issuer type, bonds encompass government, corporate, agency, non-US munis, and other gov/supra bonds.","Public (Unrestricted)","","Public or Unrestricted","","LSEG. Accessed on 2025-02-24; IMF staff calculations.","© International Monetary Fund Copyright. All Rights Reserved. https://www.imf.org/external/terms.htm","International Monetary Fund. Green Bonds by Type of Currency,  https://data.imf.org/en/datasets/IMF.STA:ESG_FINANCE_CURRENCY. Accessed on [current date].","","","0.0958"
"IMF.STA:ESG_FINANCE_CURRENCY(3.0.3)","G001.CSBI_PT.POLI12.A","OBS_VALUE","World","Cumulative Social Bond Issuances, Percent","Polish Zloty","Annual","Units","","","","","","","International Monetary Fund (IMF)","Statistics Department (STA)","datahelp@imf.org","","","","","Environment and climate; Climate finance","","","English","2026-01-08T16:17:00.239243200Z","2026-01-08T16:17:00.292229100Z","","The data are aggregated by country of incorporations, use of proceeds, type of currency and type of issuers (nonfinancial corporations, other financial corporations, banks, state owned entities, sovereign, state and local governments and international organizations). Sovereign green bonds are green bonds issued by central governments and central banks. Compilation of the indicator is based on the methodology used by London Stock Exchange Group, and divergences may be observed when compared to data from other providers. 
The source dataset is based on LSEG (formerly Refinitiv), which contain bond-by-bond issuances for Green Bonds, Social Bonds, Sustainability Bonds, and Sustainability-Linked Bonds starting from 2006 to 2024. Bonds by type encompass investment grade, high-yield, and not-rated bonds, commercial papers, certificates of deposit, and sukuks. By issuer type, bonds encompass government, corporate, agency, non-US munis, and other gov/supra bonds.","Public (Unrestricted)","","Public or Unrestricted","","LSEG. Accessed on 2025-02-24; IMF staff calculations.","© International Monetary Fund Copyright. All Rights Reserved. https://www.imf.org/external/terms.htm","International Monetary Fund. Green Bonds by Type of Currency,  https://data.imf.org/en/datasets/IMF.STA:ESG_FINANCE_CURRENCY. Accessed on [current date].","","","0.0251"
"IMF.STA:ESG_FINANCE_CURRENCY(3.0.3)","G001.CSSBI_PT.TAIW16.A","OBS_VALUE","World","Cumulative Sustainability Bond Issuances, Percent","Taiwanese Dollar","Annual","Units","","","","","","","International Monetary Fund (IMF)","Statistics Department (STA)","datahelp@imf.org","","","","","Environment and climate; Climate finance","","","English","2026-01-08T16:17:00.239243200Z","2026-01-08T16:17:00.292229100Z","","The data are aggregated by country of incorporations, use of proceeds, type of currency and type of issuers (nonfinancial corporations, other financial corporations, banks, state owned entities, sovereign, state and local governments and international organizations). Sovereign green bonds are green bonds issued by central governments and central banks. Compilation of the indicator is based on the methodology used by London Stock Exchange Group, and divergences may be observed when compared to data from other providers. 
The source dataset is based on LSEG (formerly Refinitiv), which contain bond-by-bond issuances for Green Bonds, Social Bonds, Sustainability Bonds, and Sustainability-Linked Bonds starting from 2006 to 2024. Bonds by type encompass investment grade, high-yield, and not-rated bonds, commercial papers, certificates of deposit, and sukuks. By issuer type, bonds encompass government, corporate, agency, non-US munis, and other gov/supra bonds.","Public (Unrestricted)","","Public or Unrestricted","","LSEG. Accessed on 2025-02-24; IMF staff calculations.","© International Monetary Fund Copyright. All Rights Reserved. https://www.imf.org/external/terms.htm","International Monetary Fund. Green Bonds by Type of Currency,  https://data.imf.org/en/datasets/IMF.STA:ESG_FINANCE_CURRENCY. Accessed on [current date].","","","0.124392924"
"IMF.STA:ESG_FINANCE_CURRENCY(3.0.3)","G001.CSSBI_PT.RL.A","OBS_VALUE","World","Cumulative Sustainability Bond Issuances, Percent","Romanian Leu","Annual","Units","","","","","","","International Monetary Fund (IMF)","Statistics Department (STA)","datahelp@imf.org","","","","","Environment and climate; Climate finance","","","English","2026-01-08T16:17:00.239243200Z","2026-01-08T16:17:00.292229100Z","","The data are aggregated by country of incorporations, use of proceeds, type of currency and type of issuers (nonfinancial corporations, other financial corporations, banks, state owned entities, sovereign, state and local governments and international organizations). Sovereign green bonds are green bonds issued by central governments and central banks. Compilation of the indicator is based on the methodology used by London Stock Exchange Group, and divergences may be observed when compared to data from other providers. 
The source dataset is based on LSEG (formerly Refinitiv), which contain bond-by-bond issuances for Green Bonds, Social Bonds, Sustainability Bonds, and Sustainability-Linked Bonds starting from 2006 to 2024. Bonds by type encompass investment grade, high-yield, and not-rated bonds, commercial papers, certificates of deposit, and sukuks. By issuer type, bonds encompass government, corporate, agency, non-US munis, and other gov/supra bonds.","Public (Unrestricted)","","Public or Unrestricted","","LSEG. Accessed on 2025-02-24; IMF staff calculations.","© International Monetary Fund Copyright. All Rights Reserved. https://www.imf.org/external/terms.htm","International Monetary Fund. Green Bonds by Type of Currency,  https://data.imf.org/en/datasets/IMF.STA:ESG_FINANCE_CURRENCY. Accessed on [current date].","","","0.0286"
"IMF.STA:ESG_FINANCE_CURRENCY(3.0.3)","G001.CGBI_PT.UZS.A","OBS_VALUE","World","Cumulative Green Bond Issuances, Percent","Uzbekistani Sum","Annual","Units","","","","","","","International Monetary Fund (IMF)","Statistics Department (STA)","datahelp@imf.org","","","","","Environment and climate; Climate finance","","","English","2026-01-08T16:17:00.239243200Z","2026-01-08T16:17:00.292229100Z","","The data are aggregated by country of incorporations, use of proceeds, type of currency and type of issuers (nonfinancial corporations, other financial corporations, banks, state owned entities, sovereign, state and local governments and international organizations). Sovereign green bonds are green bonds issued by central governments and central banks. Compilation of the indicator is based on the methodology used by London Stock Exchange Group, and divergences may be observed when compared to data from other providers. 
The source dataset is based on LSEG (formerly Refinitiv), which contain bond-by-bond issuances for Green Bonds, Social Bonds, Sustainability Bonds, and Sustainability-Linked Bonds starting from 2006 to 2024. Bonds by type encompass investment grade, high-yield, and not-rated bonds, commercial papers, certificates of deposit, and sukuks. By issuer type, bonds encompass government, corporate, agency, non-US munis, and other gov/supra bonds.","Public (Unrestricted)","","Public or Unrestricted","","LSEG. Accessed on 2025-02-24; IMF staff calculations.","© International Monetary Fund Copyright. All Rights Reserved. https://www.imf.org/external/terms.htm","International Monetary Fund. Green Bonds by Type of Currency,  https://data.imf.org/en/datasets/IMF.STA:ESG_FINANCE_CURRENCY. Accessed on [current date].","","","0.0222"
"IMF.STA:ESG_FINANCE_CURRENCY(3.0.3)","G001.CGBI_PT.ARGE16.A","OBS_VALUE","World","Cumulative Green Bond Issuances, Percent","Argentinian Peso","Annual","Units","","","","","","","International Monetary Fund (IMF)","Statistics Department (STA)","datahelp@imf.org","","","","","Environment and climate; Climate finance","","","English","2026-01-08T16:17:00.239243200Z","2026-01-08T16:17:00.292229100Z","","The data are aggregated by country of incorporations, use of proceeds, type of currency and type of issuers (nonfinancial corporations, other financial corporations, banks, state owned entities, sovereign, state and local governments and international organizations). Sovereign green bonds are green bonds issued by central governments and central banks. Compilation of the indicator is based on the methodology used by London Stock Exchange Group, and divergences may be observed when compared to data from other providers. 
The source dataset is based on LSEG (formerly Refinitiv), which contain bond-by-bond issuances for Green Bonds, Social Bonds, Sustainability Bonds, and Sustainability-Linked Bonds starting from 2006 to 2024. Bonds by type encompass investment grade, high-yield, and not-rated bonds, commercial papers, certificates of deposit, and sukuks. By issuer type, bonds encompass government, corporate, agency, non-US munis, and other gov/supra bonds.","Public (Unrestricted)","","Public or Unrestricted","","LSEG. Accessed on 2025-02-24; IMF staff calculations.","© International Monetary Fund Copyright. All Rights Reserved. https://www.imf.org/external/terms.htm","International Monetary Fund. Green Bonds by Type of Currency,  https://data.imf.org/en/datasets/IMF.STA:ESG_FINANCE_CURRENCY. Accessed on [current date].","","","0.00454"
"IMF.STA:ESG_FINANCE_CURRENCY(3.0.3)","G001.CGBI_USD.USD9.A","OBS_VALUE","World","Cumulative Green Bond Issuances, US dollar","US Dollar","Annual","Units","","","","","","","International Monetary Fund (IMF)","Statistics Department (STA)","datahelp@imf.org","","","","","Environment and climate; Climate finance","","","English","2026-01-08T16:17:00.239243200Z","2026-01-08T16:17:00.292229100Z","","The data are aggregated by country of incorporations, use of proceeds, type of currency and type of issuers (nonfinancial corporations, other financial corporations, banks, state owned entities, sovereign, state and local governments and international organizations). Sovereign green bonds are green bonds issued by central governments and central banks. Compilation of the indicator is based on the methodology used by London Stock Exchange Group, and divergences may be observed when compared to data from other providers. 
The source dataset is based on LSEG (formerly Refinitiv), which contain bond-by-bond issuances for Green Bonds, Social Bonds, Sustainability Bonds, and Sustainability-Linked Bonds starting from 2006 to 2024. Bonds by type encompass investment grade, high-yield, and not-rated bonds, commercial papers, certificates of deposit, and sukuks. By issuer type, bonds encompass government, corporate, agency, non-US munis, and other gov/supra bonds.","Public (Unrestricted)","","Public or Unrestricted","","LSEG. Accessed on 2025-02-24; IMF staff calculations.","© International Monetary Fund Copyright. All Rights Reserved. https://www.imf.org/external/terms.htm","International Monetary Fund. Green Bonds by Type of Currency,  https://data.imf.org/en/datasets/IMF.STA:ESG_FINANCE_CURRENCY. Accessed on [current date].","","","790.3276815"
"IMF.STA:ESG_FINANCE_CURRENCY(3.0.3)","G001.CSSLBI_PT.COLO14.A","OBS_VALUE","World","Cumulative Sustainability Linked Bond Issuances, Percent","Colombian Peso","Annual","Units","","","","","","","International Monetary Fund (IMF)","Statistics Department (STA)","datahelp@imf.org","","","","","Environment and climate; Climate finance","","","English","2026-01-08T16:17:00.239243200Z","2026-01-08T16:17:00.292229100Z","","The data are aggregated by country of incorporations, use of proceeds, type of currency and type of issuers (nonfinancial corporations, other financial corporations, banks, state owned entities, sovereign, state and local governments and international organizations). Sovereign green bonds are green bonds issued by central governments and central banks. Compilation of the indicator is based on the methodology used by London Stock Exchange Group, and divergences may be observed when compared to data from other providers. 
The source dataset is based on LSEG (formerly Refinitiv), which contain bond-by-bond issuances for Green Bonds, Social Bonds, Sustainability Bonds, and Sustainability-Linked Bonds starting from 2006 to 2024. Bonds by type encompass investment grade, high-yield, and not-rated bonds, commercial papers, certificates of deposit, and sukuks. By issuer type, bonds encompass government, corporate, agency, non-US munis, and other gov/supra bonds.","Public (Unrestricted)","","Public or Unrestricted","","LSEG. Accessed on 2025-02-24; IMF staff calculations.","© International Monetary Fund Copyright. All Rights Reserved. https://www.imf.org/external/terms.htm","International Monetary Fund. Green Bonds by Type of Currency,  https://data.imf.org/en/datasets/IMF.STA:ESG_FINANCE_CURRENCY. Accessed on [current date].","","","0.00348"
"IMF.STA:ESG_FINANCE_CURRENCY(3.0.3)","G001.CGBI_PT.BRAZ14.A","OBS_VALUE","World","Cumulative Green Bond Issuances, Percent","Brazilian Real","Annual","Units","","","","","","","International Monetary Fund (IMF)","Statistics Department (STA)","datahelp@imf.org","","","","","Environment and climate; Climate finance","","","English","2026-01-08T16:17:00.239243200Z","2026-01-08T16:17:00.292229100Z","","The data are aggregated by country of incorporations, use of proceeds, type of currency and type of issuers (nonfinancial corporations, other financial corporations, banks, state owned entities, sovereign, state and local governments and international organizations). Sovereign green bonds are green bonds issued by central governments and central banks. Compilation of the indicator is based on the methodology used by London Stock Exchange Group, and divergences may be observed when compared to data from other providers. 
The source dataset is based on LSEG (formerly Refinitiv), which contain bond-by-bond issuances for Green Bonds, Social Bonds, Sustainability Bonds, and Sustainability-Linked Bonds starting from 2006 to 2024. Bonds by type encompass investment grade, high-yield, and not-rated bonds, commercial papers, certificates of deposit, and sukuks. By issuer type, bonds encompass government, corporate, agency, non-US munis, and other gov/supra bonds.","Public (Unrestricted)","","Public or Unrestricted","","LSEG. Accessed on 2025-02-24; IMF staff calculations.","© International Monetary Fund Copyright. All Rights Reserved. https://www.imf.org/external/terms.htm","International Monetary Fund. Green Bonds by Type of Currency,  https://data.imf.org/en/datasets/IMF.STA:ESG_FINANCE_CURRENCY. Accessed on [current date].","","","0.373752662"
"IMF.STA:ESG_FINANCE_CURRENCY(3.0.3)","G001.CSBI_PT.NORW15.A","OBS_VALUE","World","Cumulative Social Bond Issuances, Percent","Norwegian Krone","Annual","Units","","","","","","","International Monetary Fund (IMF)","Statistics Department (STA)","datahelp@imf.org","","","","","Environment and climate; Climate finance","","","English","2026-01-08T16:17:00.239243200Z","2026-01-08T16:17:00.292229100Z","","The data are aggregated by country of incorporations, use of proceeds, type of currency and type of issuers (nonfinancial corporations, other financial corporations, banks, state owned entities, sovereign, state and local governments and international organizations). Sovereign green bonds are green bonds issued by central governments and central banks. Compilation of the indicator is based on the methodology used by London Stock Exchange Group, and divergences may be observed when compared to data from other providers. 
The source dataset is based on LSEG (formerly Refinitiv), which contain bond-by-bond issuances for Green Bonds, Social Bonds, Sustainability Bonds, and Sustainability-Linked Bonds starting from 2006 to 2024. Bonds by type encompass investment grade, high-yield, and not-rated bonds, commercial papers, certificates of deposit, and sukuks. By issuer type, bonds encompass government, corporate, agency, non-US munis, and other gov/supra bonds.","Public (Unrestricted)","","Public or Unrestricted","","LSEG. Accessed on 2025-02-24; IMF staff calculations.","© International Monetary Fund Copyright. All Rights Reserved. https://www.imf.org/external/terms.htm","International Monetary Fund. Green Bonds by Type of Currency,  https://data.imf.org/en/datasets/IMF.STA:ESG_FINANCE_CURRENCY. Accessed on [current date].","","","0.138288264"
"IMF.STA:ESG_FINANCE_CURRENCY(3.0.3)","G001.CSBI_USD.SOUT18.A","OBS_VALUE","World","Cumulative Social Bond Issuances, US dollar","South African Rand","Annual","Units","","","","","","","International Monetary Fund (IMF)","Statistics Department (STA)","datahelp@imf.org","","","","","Environment and climate; Climate finance","","","English","2026-01-08T16:17:00.239243200Z","2026-01-08T16:17:00.292229100Z","","The data are aggregated by country of incorporations, use of proceeds, type of currency and type of issuers (nonfinancial corporations, other financial corporations, banks, state owned entities, sovereign, state and local governments and international organizations). Sovereign green bonds are green bonds issued by central governments and central banks. Compilation of the indicator is based on the methodology used by London Stock Exchange Group, and divergences may be observed when compared to data from other providers. 
The source dataset is based on LSEG (formerly Refinitiv), which contain bond-by-bond issuances for Green Bonds, Social Bonds, Sustainability Bonds, and Sustainability-Linked Bonds starting from 2006 to 2024. Bonds by type encompass investment grade, high-yield, and not-rated bonds, commercial papers, certificates of deposit, and sukuks. By issuer type, bonds encompass government, corporate, agency, non-US munis, and other gov/supra bonds.","Public (Unrestricted)","","Public or Unrestricted","","LSEG. Accessed on 2025-02-24; IMF staff calculations.","© International Monetary Fund Copyright. All Rights Reserved. https://www.imf.org/external/terms.htm","International Monetary Fund. Green Bonds by Type of Currency,  https://data.imf.org/en/datasets/IMF.STA:ESG_FINANCE_CURRENCY. Accessed on [current date].","","","0.951600192"
"IMF.STA:ESG_FINANCE_CURRENCY(3.0.3)","G001.CSBI_PT.MOT.A","OBS_VALUE","World","Cumulative Social Bond Issuances, Percent","Mongolian Tugrik","Annual","Units","","","","","","","International Monetary Fund (IMF)","Statistics Department (STA)","datahelp@imf.org","","","","","Environment and climate; Climate finance","","","English","2026-01-08T16:17:00.239243200Z","2026-01-08T16:17:00.292229100Z","","The data are aggregated by country of incorporations, use of proceeds, type of currency and type of issuers (nonfinancial corporations, other financial corporations, banks, state owned entities, sovereign, state and local governments and international organizations). Sovereign green bonds are green bonds issued by central governments and central banks. Compilation of the indicator is based on the methodology used by London Stock Exchange Group, and divergences may be observed when compared to data from other providers. 
The source dataset is based on LSEG (formerly Refinitiv), which contain bond-by-bond issuances for Green Bonds, Social Bonds, Sustainability Bonds, and Sustainability-Linked Bonds starting from 2006 to 2024. Bonds by type encompass investment grade, high-yield, and not-rated bonds, commercial papers, certificates of deposit, and sukuks. By issuer type, bonds encompass government, corporate, agency, non-US munis, and other gov/supra bonds.","Public (Unrestricted)","","Public or Unrestricted","","LSEG. Accessed on 2025-02-24; IMF staff calculations.","© International Monetary Fund Copyright. All Rights Reserved. https://www.imf.org/external/terms.htm","International Monetary Fund. Green Bonds by Type of Currency,  https://data.imf.org/en/datasets/IMF.STA:ESG_FINANCE_CURRENCY. Accessed on [current date].","","","0.00154"
"IMF.STA:ESG_FINANCE_CURRENCY(3.0.3)","G001.CGBI_USD.URP.A","OBS_VALUE","World","Cumulative Green Bond Issuances, US dollar","Uruguayan Peso","Annual","Units","","","","","","","International Monetary Fund (IMF)","Statistics Department (STA)","datahelp@imf.org","","","","","Environment and climate; Climate finance","","","English","2026-01-08T16:17:00.239243200Z","2026-01-08T16:17:00.292229100Z","","The data are aggregated by country of incorporations, use of proceeds, type of currency and type of issuers (nonfinancial corporations, other financial corporations, banks, state owned entities, sovereign, state and local governments and international organizations). Sovereign green bonds are green bonds issued by central governments and central banks. Compilation of the indicator is based on the methodology used by London Stock Exchange Group, and divergences may be observed when compared to data from other providers. 
The source dataset is based on LSEG (formerly Refinitiv), which contain bond-by-bond issuances for Green Bonds, Social Bonds, Sustainability Bonds, and Sustainability-Linked Bonds starting from 2006 to 2024. Bonds by type encompass investment grade, high-yield, and not-rated bonds, commercial papers, certificates of deposit, and sukuks. By issuer type, bonds encompass government, corporate, agency, non-US munis, and other gov/supra bonds.","Public (Unrestricted)","","Public or Unrestricted","","LSEG. Accessed on 2025-02-24; IMF staff calculations.","© International Monetary Fund Copyright. All Rights Reserved. https://www.imf.org/external/terms.htm","International Monetary Fund. Green Bonds by Type of Currency,  https://data.imf.org/en/datasets/IMF.STA:ESG_FINANCE_CURRENCY. Accessed on [current date].","","","0.009044526"
"IMF.STA:ESG_FINANCE_CURRENCY(3.0.3)","G001.CSSLBI_USD.CHIL25.A","OBS_VALUE","World","Cumulative Sustainability Linked Bond Issuances, US dollar","Chilean Unidad de Fomento","Annual","Units","","","","","","","International Monetary Fund (IMF)","Statistics Department (STA)","datahelp@imf.org","","","","","Environment and climate; Climate finance","","","English","2026-01-08T16:17:00.239243200Z","2026-01-08T16:17:00.292229100Z","","The data are aggregated by country of incorporations, use of proceeds, type of currency and type of issuers (nonfinancial corporations, other financial corporations, banks, state owned entities, sovereign, state and local governments and international organizations). Sovereign green bonds are green bonds issued by central governments and central banks. Compilation of the indicator is based on the methodology used by London Stock Exchange Group, and divergences may be observed when compared to data from other providers. 
The source dataset is based on LSEG (formerly Refinitiv), which contain bond-by-bond issuances for Green Bonds, Social Bonds, Sustainability Bonds, and Sustainability-Linked Bonds starting from 2006 to 2024. Bonds by type encompass investment grade, high-yield, and not-rated bonds, commercial papers, certificates of deposit, and sukuks. By issuer type, bonds encompass government, corporate, agency, non-US munis, and other gov/supra bonds.","Public (Unrestricted)","","Public or Unrestricted","","LSEG. Accessed on 2025-02-24; IMF staff calculations.","© International Monetary Fund Copyright. All Rights Reserved. https://www.imf.org/external/terms.htm","International Monetary Fund. Green Bonds by Type of Currency,  https://data.imf.org/en/datasets/IMF.STA:ESG_FINANCE_CURRENCY. Accessed on [current date].","","","0.980736"
"IMF.STA:ESG_FINANCE_CURRENCY(3.0.3)","G001.CGBI_PT.SWIS11.A","OBS_VALUE","World","Cumulative Green Bond Issuances, Percent","Swiss Franc","Annual","Units","","","","","","","International Monetary Fund (IMF)","Statistics Department (STA)","datahelp@imf.org","","","","","Environment and climate; Climate finance","","","English","2026-01-08T16:17:00.239243200Z","2026-01-08T16:17:00.292229100Z","","The data are aggregated by country of incorporations, use of proceeds, type of currency and type of issuers (nonfinancial corporations, other financial corporations, banks, state owned entities, sovereign, state and local governments and international organizations). Sovereign green bonds are green bonds issued by central governments and central banks. Compilation of the indicator is based on the methodology used by London Stock Exchange Group, and divergences may be observed when compared to data from other providers. 
The source dataset is based on LSEG (formerly Refinitiv), which contain bond-by-bond issuances for Green Bonds, Social Bonds, Sustainability Bonds, and Sustainability-Linked Bonds starting from 2006 to 2024. Bonds by type encompass investment grade, high-yield, and not-rated bonds, commercial papers, certificates of deposit, and sukuks. By issuer type, bonds encompass government, corporate, agency, non-US munis, and other gov/supra bonds.","Public (Unrestricted)","","Public or Unrestricted","","LSEG. Accessed on 2025-02-24; IMF staff calculations.","© International Monetary Fund Copyright. All Rights Reserved. https://www.imf.org/external/terms.htm","International Monetary Fund. Green Bonds by Type of Currency,  https://data.imf.org/en/datasets/IMF.STA:ESG_FINANCE_CURRENCY. Accessed on [current date].","","","1.133104911"
"IMF.STA:ESG_FINANCE_CURRENCY(3.0.3)","G001.CSBI_PT.KAZA17.A","OBS_VALUE","World","Cumulative Social Bond Issuances, Percent","Kazakhstani Tenge","Annual","Units","","","","","","","International Monetary Fund (IMF)","Statistics Department (STA)","datahelp@imf.org","","","","","Environment and climate; Climate finance","","","English","2026-01-08T16:17:00.239243200Z","2026-01-08T16:17:00.292229100Z","","The data are aggregated by country of incorporations, use of proceeds, type of currency and type of issuers (nonfinancial corporations, other financial corporations, banks, state owned entities, sovereign, state and local governments and international organizations). Sovereign green bonds are green bonds issued by central governments and central banks. Compilation of the indicator is based on the methodology used by London Stock Exchange Group, and divergences may be observed when compared to data from other providers. 
The source dataset is based on LSEG (formerly Refinitiv), which contain bond-by-bond issuances for Green Bonds, Social Bonds, Sustainability Bonds, and Sustainability-Linked Bonds starting from 2006 to 2024. Bonds by type encompass investment grade, high-yield, and not-rated bonds, commercial papers, certificates of deposit, and sukuks. By issuer type, bonds encompass government, corporate, agency, non-US munis, and other gov/supra bonds.","Public (Unrestricted)","","Public or Unrestricted","","LSEG. Accessed on 2025-02-24; IMF staff calculations.","© International Monetary Fund Copyright. All Rights Reserved. https://www.imf.org/external/terms.htm","International Monetary Fund. Green Bonds by Type of Currency,  https://data.imf.org/en/datasets/IMF.STA:ESG_FINANCE_CURRENCY. Accessed on [current date].","","","0.00823"
"IMF.STA:ESG_FINANCE_CURRENCY(3.0.3)","G001.CGBI_USD.COLUVR.A","OBS_VALUE","World","Cumulative Green Bond Issuances, US dollar","Colombian Unidad de Valor Real","Annual","Units","","","","","","","International Monetary Fund (IMF)","Statistics Department (STA)","datahelp@imf.org","","","","","Environment and climate; Climate finance","","","English","2026-01-08T16:17:00.239243200Z","2026-01-08T16:17:00.292229100Z","","The data are aggregated by country of incorporations, use of proceeds, type of currency and type of issuers (nonfinancial corporations, other financial corporations, banks, state owned entities, sovereign, state and local governments and international organizations). Sovereign green bonds are green bonds issued by central governments and central banks. Compilation of the indicator is based on the methodology used by London Stock Exchange Group, and divergences may be observed when compared to data from other providers. 
The source dataset is based on LSEG (formerly Refinitiv), which contain bond-by-bond issuances for Green Bonds, Social Bonds, Sustainability Bonds, and Sustainability-Linked Bonds starting from 2006 to 2024. Bonds by type encompass investment grade, high-yield, and not-rated bonds, commercial papers, certificates of deposit, and sukuks. By issuer type, bonds encompass government, corporate, agency, non-US munis, and other gov/supra bonds.","Public (Unrestricted)","","Public or Unrestricted","","LSEG. Accessed on 2025-02-24; IMF staff calculations.","© International Monetary Fund Copyright. All Rights Reserved. https://www.imf.org/external/terms.htm","International Monetary Fund. Green Bonds by Type of Currency,  https://data.imf.org/en/datasets/IMF.STA:ESG_FINANCE_CURRENCY. Accessed on [current date].","","","0.046389984"
"IMF.STA:ESG_FINANCE_CURRENCY(3.0.3)","G001.CSBI_PT.MP.A","OBS_VALUE","World","Cumulative Social Bond Issuances, Percent","Macanese Pataca","Annual","Units","","","","","","","International Monetary Fund (IMF)","Statistics Department (STA)","datahelp@imf.org","","","","","Environment and climate; Climate finance","","","English","2026-01-08T16:17:00.239243200Z","2026-01-08T16:17:00.292229100Z","","The data are aggregated by country of incorporations, use of proceeds, type of currency and type of issuers (nonfinancial corporations, other financial corporations, banks, state owned entities, sovereign, state and local governments and international organizations). Sovereign green bonds are green bonds issued by central governments and central banks. Compilation of the indicator is based on the methodology used by London Stock Exchange Group, and divergences may be observed when compared to data from other providers. 
The source dataset is based on LSEG (formerly Refinitiv), which contain bond-by-bond issuances for Green Bonds, Social Bonds, Sustainability Bonds, and Sustainability-Linked Bonds starting from 2006 to 2024. Bonds by type encompass investment grade, high-yield, and not-rated bonds, commercial papers, certificates of deposit, and sukuks. By issuer type, bonds encompass government, corporate, agency, non-US munis, and other gov/supra bonds.","Public (Unrestricted)","","Public or Unrestricted","","LSEG. Accessed on 2025-02-24; IMF staff calculations.","© International Monetary Fund Copyright. All Rights Reserved. https://www.imf.org/external/terms.htm","International Monetary Fund. Green Bonds by Type of Currency,  https://data.imf.org/en/datasets/IMF.STA:ESG_FINANCE_CURRENCY. Accessed on [current date].","","","0.0137"
"IMF.STA:ESG_FINANCE_CURRENCY(3.0.3)","G001.CSSBI_PT.USD9.A","OBS_VALUE","World","Cumulative Sustainability Bond Issuances, Percent","US Dollar","Annual","Units","","","","","","","International Monetary Fund (IMF)","Statistics Department (STA)","datahelp@imf.org","","","","","Environment and climate; Climate finance","","","English","2026-01-08T16:17:00.239243200Z","2026-01-08T16:17:00.292229100Z","","The data are aggregated by country of incorporations, use of proceeds, type of currency and type of issuers (nonfinancial corporations, other financial corporations, banks, state owned entities, sovereign, state and local governments and international organizations). Sovereign green bonds are green bonds issued by central governments and central banks. Compilation of the indicator is based on the methodology used by London Stock Exchange Group, and divergences may be observed when compared to data from other providers. 
The source dataset is based on LSEG (formerly Refinitiv), which contain bond-by-bond issuances for Green Bonds, Social Bonds, Sustainability Bonds, and Sustainability-Linked Bonds starting from 2006 to 2024. Bonds by type encompass investment grade, high-yield, and not-rated bonds, commercial papers, certificates of deposit, and sukuks. By issuer type, bonds encompass government, corporate, agency, non-US munis, and other gov/supra bonds.","Public (Unrestricted)","","Public or Unrestricted","","LSEG. Accessed on 2025-02-24; IMF staff calculations.","© International Monetary Fund Copyright. All Rights Reserved. https://www.imf.org/external/terms.htm","International Monetary Fund. Green Bonds by Type of Currency,  https://data.imf.org/en/datasets/IMF.STA:ESG_FINANCE_CURRENCY. Accessed on [current date].","","","51.5243504"
"IMF.STA:ESG_FINANCE_CURRENCY(3.0.3)","G001.CSSLBI_USD.SWED13.A","OBS_VALUE","World","Cumulative Sustainability Linked Bond Issuances, US dollar","Swedish Krona","Annual","Units","","","","","","","International Monetary Fund (IMF)","Statistics Department (STA)","datahelp@imf.org","","","","","Environment and climate; Climate finance","","","English","2026-01-08T16:17:00.239243200Z","2026-01-08T16:17:00.292229100Z","","The data are aggregated by country of incorporations, use of proceeds, type of currency and type of issuers (nonfinancial corporations, other financial corporations, banks, state owned entities, sovereign, state and local governments and international organizations). Sovereign green bonds are green bonds issued by central governments and central banks. Compilation of the indicator is based on the methodology used by London Stock Exchange Group, and divergences may be observed when compared to data from other providers. 
The source dataset is based on LSEG (formerly Refinitiv), which contain bond-by-bond issuances for Green Bonds, Social Bonds, Sustainability Bonds, and Sustainability-Linked Bonds starting from 2006 to 2024. Bonds by type encompass investment grade, high-yield, and not-rated bonds, commercial papers, certificates of deposit, and sukuks. By issuer type, bonds encompass government, corporate, agency, non-US munis, and other gov/supra bonds.","Public (Unrestricted)","","Public or Unrestricted","","LSEG. Accessed on 2025-02-24; IMF staff calculations.","© International Monetary Fund Copyright. All Rights Reserved. https://www.imf.org/external/terms.htm","International Monetary Fund. Green Bonds by Type of Currency,  https://data.imf.org/en/datasets/IMF.STA:ESG_FINANCE_CURRENCY. Accessed on [current date].","","","2.794345681"
"IMF.STA:ESG_FINANCE_CURRENCY(3.0.3)","G001.CSBI_PT.NIGE14.A","OBS_VALUE","World","Cumulative Social Bond Issuances, Percent","Nigerian Naira","Annual","Units","","","","","","","International Monetary Fund (IMF)","Statistics Department (STA)","datahelp@imf.org","","","","","Environment and climate; Climate finance","","","English","2026-01-08T16:17:00.239243200Z","2026-01-08T16:17:00.292229100Z","","The data are aggregated by country of incorporations, use of proceeds, type of currency and type of issuers (nonfinancial corporations, other financial corporations, banks, state owned entities, sovereign, state and local governments and international organizations). Sovereign green bonds are green bonds issued by central governments and central banks. Compilation of the indicator is based on the methodology used by London Stock Exchange Group, and divergences may be observed when compared to data from other providers. 
The source dataset is based on LSEG (formerly Refinitiv), which contain bond-by-bond issuances for Green Bonds, Social Bonds, Sustainability Bonds, and Sustainability-Linked Bonds starting from 2006 to 2024. Bonds by type encompass investment grade, high-yield, and not-rated bonds, commercial papers, certificates of deposit, and sukuks. By issuer type, bonds encompass government, corporate, agency, non-US munis, and other gov/supra bonds.","Public (Unrestricted)","","Public or Unrestricted","","LSEG. Accessed on 2025-02-24; IMF staff calculations.","© International Monetary Fund Copyright. All Rights Reserved. https://www.imf.org/external/terms.htm","International Monetary Fund. Green Bonds by Type of Currency,  https://data.imf.org/en/datasets/IMF.STA:ESG_FINANCE_CURRENCY. Accessed on [current date].","","","0.000156"
"IMF.STA:ESG_FINANCE_CURRENCY(3.0.3)","G001.CSSBI_PT.SKW.A","OBS_VALUE","World","Cumulative Sustainability Bond Issuances, Percent","South Korean Won","Annual","Units","","","","","","","International Monetary Fund (IMF)","Statistics Department (STA)","datahelp@imf.org","","","","","Environment and climate; Climate finance","","","English","2026-01-08T16:17:00.239243200Z","2026-01-08T16:17:00.292229100Z","","The data are aggregated by country of incorporations, use of proceeds, type of currency and type of issuers (nonfinancial corporations, other financial corporations, banks, state owned entities, sovereign, state and local governments and international organizations). Sovereign green bonds are green bonds issued by central governments and central banks. Compilation of the indicator is based on the methodology used by London Stock Exchange Group, and divergences may be observed when compared to data from other providers. 
The source dataset is based on LSEG (formerly Refinitiv), which contain bond-by-bond issuances for Green Bonds, Social Bonds, Sustainability Bonds, and Sustainability-Linked Bonds starting from 2006 to 2024. Bonds by type encompass investment grade, high-yield, and not-rated bonds, commercial papers, certificates of deposit, and sukuks. By issuer type, bonds encompass government, corporate, agency, non-US munis, and other gov/supra bonds.","Public (Unrestricted)","","Public or Unrestricted","","LSEG. Accessed on 2025-02-24; IMF staff calculations.","© International Monetary Fund Copyright. All Rights Reserved. https://www.imf.org/external/terms.htm","International Monetary Fund. Green Bonds by Type of Currency,  https://data.imf.org/en/datasets/IMF.STA:ESG_FINANCE_CURRENCY. Accessed on [current date].","","","1.969389597"
"IMF.STA:ESG_FINANCE_CURRENCY(3.0.3)","G001.CGBI_USD.GEL.A","OBS_VALUE","World","Cumulative Green Bond Issuances, US dollar","Georgian Lari","Annual","Units","","","","","","","International Monetary Fund (IMF)","Statistics Department (STA)","datahelp@imf.org","","","","","Environment and climate; Climate finance","","","English","2026-01-08T16:17:00.239243200Z","2026-01-08T16:17:00.292229100Z","","The data are aggregated by country of incorporations, use of proceeds, type of currency and type of issuers (nonfinancial corporations, other financial corporations, banks, state owned entities, sovereign, state and local governments and international organizations). Sovereign green bonds are green bonds issued by central governments and central banks. Compilation of the indicator is based on the methodology used by London Stock Exchange Group, and divergences may be observed when compared to data from other providers. 
The source dataset is based on LSEG (formerly Refinitiv), which contain bond-by-bond issuances for Green Bonds, Social Bonds, Sustainability Bonds, and Sustainability-Linked Bonds starting from 2006 to 2024. Bonds by type encompass investment grade, high-yield, and not-rated bonds, commercial papers, certificates of deposit, and sukuks. By issuer type, bonds encompass government, corporate, agency, non-US munis, and other gov/supra bonds.","Public (Unrestricted)","","Public or Unrestricted","","LSEG. Accessed on 2025-02-24; IMF staff calculations.","© International Monetary Fund Copyright. All Rights Reserved. https://www.imf.org/external/terms.htm","International Monetary Fund. Green Bonds by Type of Currency,  https://data.imf.org/en/datasets/IMF.STA:ESG_FINANCE_CURRENCY. Accessed on [current date].","","","0.007207207"
"IMF.STA:ESG_FINANCE_CURRENCY(3.0.3)","G001.CSSBI_PT.PHIL15.A","OBS_VALUE","World","Cumulative Sustainability Bond Issuances, Percent","Philippine Peso","Annual","Units","","","","","","","International Monetary Fund (IMF)","Statistics Department (STA)","datahelp@imf.org","","","","","Environment and climate; Climate finance","","","English","2026-01-08T16:17:00.239243200Z","2026-01-08T16:17:00.292229100Z","","The data are aggregated by country of incorporations, use of proceeds, type of currency and type of issuers (nonfinancial corporations, other financial corporations, banks, state owned entities, sovereign, state and local governments and international organizations). Sovereign green bonds are green bonds issued by central governments and central banks. Compilation of the indicator is based on the methodology used by London Stock Exchange Group, and divergences may be observed when compared to data from other providers. 
The source dataset is based on LSEG (formerly Refinitiv), which contain bond-by-bond issuances for Green Bonds, Social Bonds, Sustainability Bonds, and Sustainability-Linked Bonds starting from 2006 to 2024. Bonds by type encompass investment grade, high-yield, and not-rated bonds, commercial papers, certificates of deposit, and sukuks. By issuer type, bonds encompass government, corporate, agency, non-US munis, and other gov/supra bonds.","Public (Unrestricted)","","Public or Unrestricted","","LSEG. Accessed on 2025-02-24; IMF staff calculations.","© International Monetary Fund Copyright. All Rights Reserved. https://www.imf.org/external/terms.htm","International Monetary Fund. Green Bonds by Type of Currency,  https://data.imf.org/en/datasets/IMF.STA:ESG_FINANCE_CURRENCY. Accessed on [current date].","","","0.40068077"
"IMF.STA:ESG_FINANCE_CURRENCY(3.0.3)","G001.CSBI_USD.SING16.A","OBS_VALUE","World","Cumulative Social Bond Issuances, US dollar","Singapore Dollar","Annual","Units","","","","","","","International Monetary Fund (IMF)","Statistics Department (STA)","datahelp@imf.org","","","","","Environment and climate; Climate finance","","","English","2026-01-08T16:17:00.239243200Z","2026-01-08T16:17:00.292229100Z","","The data are aggregated by country of incorporations, use of proceeds, type of currency and type of issuers (nonfinancial corporations, other financial corporations, banks, state owned entities, sovereign, state and local governments and international organizations). Sovereign green bonds are green bonds issued by central governments and central banks. Compilation of the indicator is based on the methodology used by London Stock Exchange Group, and divergences may be observed when compared to data from other providers. 
The source dataset is based on LSEG (formerly Refinitiv), which contain bond-by-bond issuances for Green Bonds, Social Bonds, Sustainability Bonds, and Sustainability-Linked Bonds starting from 2006 to 2024. Bonds by type encompass investment grade, high-yield, and not-rated bonds, commercial papers, certificates of deposit, and sukuks. By issuer type, bonds encompass government, corporate, agency, non-US munis, and other gov/supra bonds.","Public (Unrestricted)","","Public or Unrestricted","","LSEG. Accessed on 2025-02-24; IMF staff calculations.","© International Monetary Fund Copyright. All Rights Reserved. https://www.imf.org/external/terms.htm","International Monetary Fund. Green Bonds by Type of Currency,  https://data.imf.org/en/datasets/IMF.STA:ESG_FINANCE_CURRENCY. Accessed on [current date].","","","0.299878404"
"IMF.STA:ESG_FINANCE_CURRENCY(3.0.3)","G001.CSBI_PT.RL.A","OBS_VALUE","World","Cumulative Social Bond Issuances, Percent","Romanian Leu","Annual","Units","","","","","","","International Monetary Fund (IMF)","Statistics Department (STA)","datahelp@imf.org","","","","","Environment and climate; Climate finance","","","English","2026-01-08T16:17:00.239243200Z","2026-01-08T16:17:00.292229100Z","","The data are aggregated by country of incorporations, use of proceeds, type of currency and type of issuers (nonfinancial corporations, other financial corporations, banks, state owned entities, sovereign, state and local governments and international organizations). Sovereign green bonds are green bonds issued by central governments and central banks. Compilation of the indicator is based on the methodology used by London Stock Exchange Group, and divergences may be observed when compared to data from other providers. 
The source dataset is based on LSEG (formerly Refinitiv), which contain bond-by-bond issuances for Green Bonds, Social Bonds, Sustainability Bonds, and Sustainability-Linked Bonds starting from 2006 to 2024. Bonds by type encompass investment grade, high-yield, and not-rated bonds, commercial papers, certificates of deposit, and sukuks. By issuer type, bonds encompass government, corporate, agency, non-US munis, and other gov/supra bonds.","Public (Unrestricted)","","Public or Unrestricted","","LSEG. Accessed on 2025-02-24; IMF staff calculations.","© International Monetary Fund Copyright. All Rights Reserved. https://www.imf.org/external/terms.htm","International Monetary Fund. Green Bonds by Type of Currency,  https://data.imf.org/en/datasets/IMF.STA:ESG_FINANCE_CURRENCY. Accessed on [current date].","","","0.000983"
"IMF.STA:ESG_FINANCE_CURRENCY(3.0.3)","G001.CSBI_USD.SWIS11.A","OBS_VALUE","World","Cumulative Social Bond Issuances, US dollar","Swiss Franc","Annual","Units","","","","","","","International Monetary Fund (IMF)","Statistics Department (STA)","datahelp@imf.org","","","","","Environment and climate; Climate finance","","","English","2026-01-08T16:17:00.239243200Z","2026-01-08T16:17:00.292229100Z","","The data are aggregated by country of incorporations, use of proceeds, type of currency and type of issuers (nonfinancial corporations, other financial corporations, banks, state owned entities, sovereign, state and local governments and international organizations). Sovereign green bonds are green bonds issued by central governments and central banks. Compilation of the indicator is based on the methodology used by London Stock Exchange Group, and divergences may be observed when compared to data from other providers. 
The source dataset is based on LSEG (formerly Refinitiv), which contain bond-by-bond issuances for Green Bonds, Social Bonds, Sustainability Bonds, and Sustainability-Linked Bonds starting from 2006 to 2024. Bonds by type encompass investment grade, high-yield, and not-rated bonds, commercial papers, certificates of deposit, and sukuks. By issuer type, bonds encompass government, corporate, agency, non-US munis, and other gov/supra bonds.","Public (Unrestricted)","","Public or Unrestricted","","LSEG. Accessed on 2025-02-24; IMF staff calculations.","© International Monetary Fund Copyright. All Rights Reserved. https://www.imf.org/external/terms.htm","International Monetary Fund. Green Bonds by Type of Currency,  https://data.imf.org/en/datasets/IMF.STA:ESG_FINANCE_CURRENCY. Accessed on [current date].","","","2.116519989"
"IMF.STA:ESG_FINANCE_CURRENCY(3.0.3)","G001.CGBI_PT.SWED13.A","OBS_VALUE","World","Cumulative Green Bond Issuances, Percent","Swedish Krona","Annual","Units","","","","","","","International Monetary Fund (IMF)","Statistics Department (STA)","datahelp@imf.org","","","","","Environment and climate; Climate finance","","","English","2026-01-08T16:17:00.239243200Z","2026-01-08T16:17:00.292229100Z","","The data are aggregated by country of incorporations, use of proceeds, type of currency and type of issuers (nonfinancial corporations, other financial corporations, banks, state owned entities, sovereign, state and local governments and international organizations). Sovereign green bonds are green bonds issued by central governments and central banks. Compilation of the indicator is based on the methodology used by London Stock Exchange Group, and divergences may be observed when compared to data from other providers. 
The source dataset is based on LSEG (formerly Refinitiv), which contain bond-by-bond issuances for Green Bonds, Social Bonds, Sustainability Bonds, and Sustainability-Linked Bonds starting from 2006 to 2024. Bonds by type encompass investment grade, high-yield, and not-rated bonds, commercial papers, certificates of deposit, and sukuks. By issuer type, bonds encompass government, corporate, agency, non-US munis, and other gov/supra bonds.","Public (Unrestricted)","","Public or Unrestricted","","LSEG. Accessed on 2025-02-24; IMF staff calculations.","© International Monetary Fund Copyright. All Rights Reserved. https://www.imf.org/external/terms.htm","International Monetary Fund. Green Bonds by Type of Currency,  https://data.imf.org/en/datasets/IMF.STA:ESG_FINANCE_CURRENCY. Accessed on [current date].","","","3.185813246"
"IMF.STA:ESG_FINANCE_CURRENCY(3.0.3)","G001.CSSBI_USD.HONG16.A","OBS_VALUE","World","Cumulative Sustainability Bond Issuances, US dollar","Hong Kong Dollar","Annual","Units","","","","","","","International Monetary Fund (IMF)","Statistics Department (STA)","datahelp@imf.org","","","","","Environment and climate; Climate finance","","","English","2026-01-08T16:17:00.239243200Z","2026-01-08T16:17:00.292229100Z","","The data are aggregated by country of incorporations, use of proceeds, type of currency and type of issuers (nonfinancial corporations, other financial corporations, banks, state owned entities, sovereign, state and local governments and international organizations). Sovereign green bonds are green bonds issued by central governments and central banks. Compilation of the indicator is based on the methodology used by London Stock Exchange Group, and divergences may be observed when compared to data from other providers. 
The source dataset is based on LSEG (formerly Refinitiv), which contain bond-by-bond issuances for Green Bonds, Social Bonds, Sustainability Bonds, and Sustainability-Linked Bonds starting from 2006 to 2024. Bonds by type encompass investment grade, high-yield, and not-rated bonds, commercial papers, certificates of deposit, and sukuks. By issuer type, bonds encompass government, corporate, agency, non-US munis, and other gov/supra bonds.","Public (Unrestricted)","","Public or Unrestricted","","LSEG. Accessed on 2025-02-24; IMF staff calculations.","© International Monetary Fund Copyright. All Rights Reserved. https://www.imf.org/external/terms.htm","International Monetary Fund. Green Bonds by Type of Currency,  https://data.imf.org/en/datasets/IMF.STA:ESG_FINANCE_CURRENCY. Accessed on [current date].","","","1.947944613"
"IMF.STA:ESG_FINANCE_CURRENCY(3.0.3)","G001.CSSLBI_PT.NEW18.A","OBS_VALUE","World","Cumulative Sustainability Linked Bond Issuances, Percent","New Zealand Dollar","Annual","Units","","","","","","","International Monetary Fund (IMF)","Statistics Department (STA)","datahelp@imf.org","","","","","Environment and climate; Climate finance","","","English","2026-01-08T16:17:00.239243200Z","2026-01-08T16:17:00.292229100Z","","The data are aggregated by country of incorporations, use of proceeds, type of currency and type of issuers (nonfinancial corporations, other financial corporations, banks, state owned entities, sovereign, state and local governments and international organizations). Sovereign green bonds are green bonds issued by central governments and central banks. Compilation of the indicator is based on the methodology used by London Stock Exchange Group, and divergences may be observed when compared to data from other providers. 
The source dataset is based on LSEG (formerly Refinitiv), which contain bond-by-bond issuances for Green Bonds, Social Bonds, Sustainability Bonds, and Sustainability-Linked Bonds starting from 2006 to 2024. Bonds by type encompass investment grade, high-yield, and not-rated bonds, commercial papers, certificates of deposit, and sukuks. By issuer type, bonds encompass government, corporate, agency, non-US munis, and other gov/supra bonds.","Public (Unrestricted)","","Public or Unrestricted","","LSEG. Accessed on 2025-02-24; IMF staff calculations.","© International Monetary Fund Copyright. All Rights Reserved. https://www.imf.org/external/terms.htm","International Monetary Fund. Green Bonds by Type of Currency,  https://data.imf.org/en/datasets/IMF.STA:ESG_FINANCE_CURRENCY. Accessed on [current date].","","","0.0165"
"IMF.STA:ESG_FINANCE_CURRENCY(3.0.3)","G001.CSBI_PT.JD.A","OBS_VALUE","World","Cumulative Social Bond Issuances, Percent","Jamaican Dollar","Annual","Units","","","","","","","International Monetary Fund (IMF)","Statistics Department (STA)","datahelp@imf.org","","","","","Environment and climate; Climate finance","","","English","2026-01-08T16:17:00.239243200Z","2026-01-08T16:17:00.292229100Z","","The data are aggregated by country of incorporations, use of proceeds, type of currency and type of issuers (nonfinancial corporations, other financial corporations, banks, state owned entities, sovereign, state and local governments and international organizations). Sovereign green bonds are green bonds issued by central governments and central banks. Compilation of the indicator is based on the methodology used by London Stock Exchange Group, and divergences may be observed when compared to data from other providers. 
The source dataset is based on LSEG (formerly Refinitiv), which contain bond-by-bond issuances for Green Bonds, Social Bonds, Sustainability Bonds, and Sustainability-Linked Bonds starting from 2006 to 2024. Bonds by type encompass investment grade, high-yield, and not-rated bonds, commercial papers, certificates of deposit, and sukuks. By issuer type, bonds encompass government, corporate, agency, non-US munis, and other gov/supra bonds.","Public (Unrestricted)","","Public or Unrestricted","","LSEG. Accessed on 2025-02-24; IMF staff calculations.","© International Monetary Fund Copyright. All Rights Reserved. https://www.imf.org/external/terms.htm","International Monetary Fund. Green Bonds by Type of Currency,  https://data.imf.org/en/datasets/IMF.STA:ESG_FINANCE_CURRENCY. Accessed on [current date].","","","0.000559"
"IMF.STA:ESG_FINANCE_CURRENCY(3.0.3)","G001.CSBI_PT.JAPA12.A","OBS_VALUE","World","Cumulative Social Bond Issuances, Percent","Japanese Yen","Annual","Units","","","","","","","International Monetary Fund (IMF)","Statistics Department (STA)","datahelp@imf.org","","","","","Environment and climate; Climate finance","","","English","2026-01-08T16:17:00.239243200Z","2026-01-08T16:17:00.292229100Z","","The data are aggregated by country of incorporations, use of proceeds, type of currency and type of issuers (nonfinancial corporations, other financial corporations, banks, state owned entities, sovereign, state and local governments and international organizations). Sovereign green bonds are green bonds issued by central governments and central banks. Compilation of the indicator is based on the methodology used by London Stock Exchange Group, and divergences may be observed when compared to data from other providers. 
The source dataset is based on LSEG (formerly Refinitiv), which contain bond-by-bond issuances for Green Bonds, Social Bonds, Sustainability Bonds, and Sustainability-Linked Bonds starting from 2006 to 2024. Bonds by type encompass investment grade, high-yield, and not-rated bonds, commercial papers, certificates of deposit, and sukuks. By issuer type, bonds encompass government, corporate, agency, non-US munis, and other gov/supra bonds.","Public (Unrestricted)","","Public or Unrestricted","","LSEG. Accessed on 2025-02-24; IMF staff calculations.","© International Monetary Fund Copyright. All Rights Reserved. https://www.imf.org/external/terms.htm","International Monetary Fund. Green Bonds by Type of Currency,  https://data.imf.org/en/datasets/IMF.STA:ESG_FINANCE_CURRENCY. Accessed on [current date].","","","7.833045466"
"IMF.STA:ESG_FINANCE_CURRENCY(3.0.3)","G001.CSBI_USD.AZEM.A","OBS_VALUE","World","Cumulative Social Bond Issuances, US dollar","Azerbaijani Manat","Annual","Units","","","","","","","International Monetary Fund (IMF)","Statistics Department (STA)","datahelp@imf.org","","","","","Environment and climate; Climate finance","","","English","2026-01-08T16:17:00.239243200Z","2026-01-08T16:17:00.292229100Z","","The data are aggregated by country of incorporations, use of proceeds, type of currency and type of issuers (nonfinancial corporations, other financial corporations, banks, state owned entities, sovereign, state and local governments and international organizations). Sovereign green bonds are green bonds issued by central governments and central banks. Compilation of the indicator is based on the methodology used by London Stock Exchange Group, and divergences may be observed when compared to data from other providers. 
The source dataset is based on LSEG (formerly Refinitiv), which contain bond-by-bond issuances for Green Bonds, Social Bonds, Sustainability Bonds, and Sustainability-Linked Bonds starting from 2006 to 2024. Bonds by type encompass investment grade, high-yield, and not-rated bonds, commercial papers, certificates of deposit, and sukuks. By issuer type, bonds encompass government, corporate, agency, non-US munis, and other gov/supra bonds.","Public (Unrestricted)","","Public or Unrestricted","","LSEG. Accessed on 2025-02-24; IMF staff calculations.","© International Monetary Fund Copyright. All Rights Reserved. https://www.imf.org/external/terms.htm","International Monetary Fund. Green Bonds by Type of Currency,  https://data.imf.org/en/datasets/IMF.STA:ESG_FINANCE_CURRENCY. Accessed on [current date].","","","0.020058996"
"IMF.STA:ESG_FINANCE_CURRENCY(3.0.3)","G001.CSSBI_PT.RWF.A","OBS_VALUE","World","Cumulative Sustainability Bond Issuances, Percent","Rwandan Franc","Annual","Units","","","","","","","International Monetary Fund (IMF)","Statistics Department (STA)","datahelp@imf.org","","","","","Environment and climate; Climate finance","","","English","2026-01-08T16:17:00.239243200Z","2026-01-08T16:17:00.292229100Z","","The data are aggregated by country of incorporations, use of proceeds, type of currency and type of issuers (nonfinancial corporations, other financial corporations, banks, state owned entities, sovereign, state and local governments and international organizations). Sovereign green bonds are green bonds issued by central governments and central banks. Compilation of the indicator is based on the methodology used by London Stock Exchange Group, and divergences may be observed when compared to data from other providers. 
The source dataset is based on LSEG (formerly Refinitiv), which contain bond-by-bond issuances for Green Bonds, Social Bonds, Sustainability Bonds, and Sustainability-Linked Bonds starting from 2006 to 2024. Bonds by type encompass investment grade, high-yield, and not-rated bonds, commercial papers, certificates of deposit, and sukuks. By issuer type, bonds encompass government, corporate, agency, non-US munis, and other gov/supra bonds.","Public (Unrestricted)","","Public or Unrestricted","","LSEG. Accessed on 2025-02-24; IMF staff calculations.","© International Monetary Fund Copyright. All Rights Reserved. https://www.imf.org/external/terms.htm","International Monetary Fund. Green Bonds by Type of Currency,  https://data.imf.org/en/datasets/IMF.STA:ESG_FINANCE_CURRENCY. Accessed on [current date].","","","0.00243"
"IMF.STA:ESG_FINANCE_CURRENCY(3.0.3)","G001.CSBI_USD.ARGE16.A","OBS_VALUE","World","Cumulative Social Bond Issuances, US dollar","Argentinian Peso","Annual","Units","","","","","","","International Monetary Fund (IMF)","Statistics Department (STA)","datahelp@imf.org","","","","","Environment and climate; Climate finance","","","English","2026-01-08T16:17:00.239243200Z","2026-01-08T16:17:00.292229100Z","","The data are aggregated by country of incorporations, use of proceeds, type of currency and type of issuers (nonfinancial corporations, other financial corporations, banks, state owned entities, sovereign, state and local governments and international organizations). Sovereign green bonds are green bonds issued by central governments and central banks. Compilation of the indicator is based on the methodology used by London Stock Exchange Group, and divergences may be observed when compared to data from other providers. 
The source dataset is based on LSEG (formerly Refinitiv), which contain bond-by-bond issuances for Green Bonds, Social Bonds, Sustainability Bonds, and Sustainability-Linked Bonds starting from 2006 to 2024. Bonds by type encompass investment grade, high-yield, and not-rated bonds, commercial papers, certificates of deposit, and sukuks. By issuer type, bonds encompass government, corporate, agency, non-US munis, and other gov/supra bonds.","Public (Unrestricted)","","Public or Unrestricted","","LSEG. Accessed on 2025-02-24; IMF staff calculations.","© International Monetary Fund Copyright. All Rights Reserved. https://www.imf.org/external/terms.htm","International Monetary Fund. Green Bonds by Type of Currency,  https://data.imf.org/en/datasets/IMF.STA:ESG_FINANCE_CURRENCY. Accessed on [current date].","","","0.084057378"
"IMF.STA:ESG_FINANCE_CURRENCY(3.0.3)","G001.CSSBI_USD.CHIN12.A","OBS_VALUE","World","Cumulative Sustainability Bond Issuances, US dollar","Chinese Yuan","Annual","Units","","","","","","","International Monetary Fund (IMF)","Statistics Department (STA)","datahelp@imf.org","","","","","Environment and climate; Climate finance","","","English","2026-01-08T16:17:00.239243200Z","2026-01-08T16:17:00.292229100Z","","The data are aggregated by country of incorporations, use of proceeds, type of currency and type of issuers (nonfinancial corporations, other financial corporations, banks, state owned entities, sovereign, state and local governments and international organizations). Sovereign green bonds are green bonds issued by central governments and central banks. Compilation of the indicator is based on the methodology used by London Stock Exchange Group, and divergences may be observed when compared to data from other providers. 
The source dataset is based on LSEG (formerly Refinitiv), which contain bond-by-bond issuances for Green Bonds, Social Bonds, Sustainability Bonds, and Sustainability-Linked Bonds starting from 2006 to 2024. Bonds by type encompass investment grade, high-yield, and not-rated bonds, commercial papers, certificates of deposit, and sukuks. By issuer type, bonds encompass government, corporate, agency, non-US munis, and other gov/supra bonds.","Public (Unrestricted)","","Public or Unrestricted","","LSEG. Accessed on 2025-02-24; IMF staff calculations.","© International Monetary Fund Copyright. All Rights Reserved. https://www.imf.org/external/terms.htm","International Monetary Fund. Green Bonds by Type of Currency,  https://data.imf.org/en/datasets/IMF.STA:ESG_FINANCE_CURRENCY. Accessed on [current date].","","","10.9444262"
"IMF.STA:ESG_FINANCE_CURRENCY(3.0.3)","G001.CSSLBI_PT.SWIS11.A","OBS_VALUE","World","Cumulative Sustainability Linked Bond Issuances, Percent","Swiss Franc","Annual","Units","","","","","","","International Monetary Fund (IMF)","Statistics Department (STA)","datahelp@imf.org","","","","","Environment and climate; Climate finance","","","English","2026-01-08T16:17:00.239243200Z","2026-01-08T16:17:00.292229100Z","","The data are aggregated by country of incorporations, use of proceeds, type of currency and type of issuers (nonfinancial corporations, other financial corporations, banks, state owned entities, sovereign, state and local governments and international organizations). Sovereign green bonds are green bonds issued by central governments and central banks. Compilation of the indicator is based on the methodology used by London Stock Exchange Group, and divergences may be observed when compared to data from other providers. 
The source dataset is based on LSEG (formerly Refinitiv), which contain bond-by-bond issuances for Green Bonds, Social Bonds, Sustainability Bonds, and Sustainability-Linked Bonds starting from 2006 to 2024. Bonds by type encompass investment grade, high-yield, and not-rated bonds, commercial papers, certificates of deposit, and sukuks. By issuer type, bonds encompass government, corporate, agency, non-US munis, and other gov/supra bonds.","Public (Unrestricted)","","Public or Unrestricted","","LSEG. Accessed on 2025-02-24; IMF staff calculations.","© International Monetary Fund Copyright. All Rights Reserved. https://www.imf.org/external/terms.htm","International Monetary Fund. Green Bonds by Type of Currency,  https://data.imf.org/en/datasets/IMF.STA:ESG_FINANCE_CURRENCY. Accessed on [current date].","","","0.525847477"
"IMF.STA:ESG_FINANCE_CURRENCY(3.0.3)","G001.CSSBI_USD.INDI12.A","OBS_VALUE","World","Cumulative Sustainability Bond Issuances, US dollar","Indian Rupee","Annual","Units","","","","","","","International Monetary Fund (IMF)","Statistics Department (STA)","datahelp@imf.org","","","","","Environment and climate; Climate finance","","","English","2026-01-08T16:17:00.239243200Z","2026-01-08T16:17:00.292229100Z","","The data are aggregated by country of incorporations, use of proceeds, type of currency and type of issuers (nonfinancial corporations, other financial corporations, banks, state owned entities, sovereign, state and local governments and international organizations). Sovereign green bonds are green bonds issued by central governments and central banks. Compilation of the indicator is based on the methodology used by London Stock Exchange Group, and divergences may be observed when compared to data from other providers. 
The source dataset is based on LSEG (formerly Refinitiv), which contain bond-by-bond issuances for Green Bonds, Social Bonds, Sustainability Bonds, and Sustainability-Linked Bonds starting from 2006 to 2024. Bonds by type encompass investment grade, high-yield, and not-rated bonds, commercial papers, certificates of deposit, and sukuks. By issuer type, bonds encompass government, corporate, agency, non-US munis, and other gov/supra bonds.","Public (Unrestricted)","","Public or Unrestricted","","LSEG. Accessed on 2025-02-24; IMF staff calculations.","© International Monetary Fund Copyright. All Rights Reserved. https://www.imf.org/external/terms.htm","International Monetary Fund. Green Bonds by Type of Currency,  https://data.imf.org/en/datasets/IMF.STA:ESG_FINANCE_CURRENCY. Accessed on [current date].","","","1.702399988"
"IMF.STA:ESG_FINANCE_CURRENCY(3.0.3)","G001.CSSLBI_PT.SING16.A","OBS_VALUE","World","Cumulative Sustainability Linked Bond Issuances, Percent","Singapore Dollar","Annual","Units","","","","","","","International Monetary Fund (IMF)","Statistics Department (STA)","datahelp@imf.org","","","","","Environment and climate; Climate finance","","","English","2026-01-08T16:17:00.239243200Z","2026-01-08T16:17:00.292229100Z","","The data are aggregated by country of incorporations, use of proceeds, type of currency and type of issuers (nonfinancial corporations, other financial corporations, banks, state owned entities, sovereign, state and local governments and international organizations). Sovereign green bonds are green bonds issued by central governments and central banks. Compilation of the indicator is based on the methodology used by London Stock Exchange Group, and divergences may be observed when compared to data from other providers. 
The source dataset is based on LSEG (formerly Refinitiv), which contain bond-by-bond issuances for Green Bonds, Social Bonds, Sustainability Bonds, and Sustainability-Linked Bonds starting from 2006 to 2024. Bonds by type encompass investment grade, high-yield, and not-rated bonds, commercial papers, certificates of deposit, and sukuks. By issuer type, bonds encompass government, corporate, agency, non-US munis, and other gov/supra bonds.","Public (Unrestricted)","","Public or Unrestricted","","LSEG. Accessed on 2025-02-24; IMF staff calculations.","© International Monetary Fund Copyright. All Rights Reserved. https://www.imf.org/external/terms.htm","International Monetary Fund. Green Bonds by Type of Currency,  https://data.imf.org/en/datasets/IMF.STA:ESG_FINANCE_CURRENCY. Accessed on [current date].","","","0.553998081"
"IMF.STA:ESG_FINANCE_CURRENCY(3.0.3)","G001.CSSLBI_PT.SOUT18.A","OBS_VALUE","World","Cumulative Sustainability Linked Bond Issuances, Percent","South African Rand","Annual","Units","","","","","","","International Monetary Fund (IMF)","Statistics Department (STA)","datahelp@imf.org","","","","","Environment and climate; Climate finance","","","English","2026-01-08T16:17:00.239243200Z","2026-01-08T16:17:00.292229100Z","","The data are aggregated by country of incorporations, use of proceeds, type of currency and type of issuers (nonfinancial corporations, other financial corporations, banks, state owned entities, sovereign, state and local governments and international organizations). Sovereign green bonds are green bonds issued by central governments and central banks. Compilation of the indicator is based on the methodology used by London Stock Exchange Group, and divergences may be observed when compared to data from other providers. 
The source dataset is based on LSEG (formerly Refinitiv), which contain bond-by-bond issuances for Green Bonds, Social Bonds, Sustainability Bonds, and Sustainability-Linked Bonds starting from 2006 to 2024. Bonds by type encompass investment grade, high-yield, and not-rated bonds, commercial papers, certificates of deposit, and sukuks. By issuer type, bonds encompass government, corporate, agency, non-US munis, and other gov/supra bonds.","Public (Unrestricted)","","Public or Unrestricted","","LSEG. Accessed on 2025-02-24; IMF staff calculations.","© International Monetary Fund Copyright. All Rights Reserved. https://www.imf.org/external/terms.htm","International Monetary Fund. Green Bonds by Type of Currency,  https://data.imf.org/en/datasets/IMF.STA:ESG_FINANCE_CURRENCY. Accessed on [current date].","","","0.0872"
"IMF.STA:ESG_FINANCE_CURRENCY(3.0.3)","G001.CSSBI_PT.TURK12.A","OBS_VALUE","World","Cumulative Sustainability Bond Issuances, Percent","Turkish Lira","Annual","Units","","","","","","","International Monetary Fund (IMF)","Statistics Department (STA)","datahelp@imf.org","","","","","Environment and climate; Climate finance","","","English","2026-01-08T16:17:00.239243200Z","2026-01-08T16:17:00.292229100Z","","The data are aggregated by country of incorporations, use of proceeds, type of currency and type of issuers (nonfinancial corporations, other financial corporations, banks, state owned entities, sovereign, state and local governments and international organizations). Sovereign green bonds are green bonds issued by central governments and central banks. Compilation of the indicator is based on the methodology used by London Stock Exchange Group, and divergences may be observed when compared to data from other providers. 
The source dataset is based on LSEG (formerly Refinitiv), which contain bond-by-bond issuances for Green Bonds, Social Bonds, Sustainability Bonds, and Sustainability-Linked Bonds starting from 2006 to 2024. Bonds by type encompass investment grade, high-yield, and not-rated bonds, commercial papers, certificates of deposit, and sukuks. By issuer type, bonds encompass government, corporate, agency, non-US munis, and other gov/supra bonds.","Public (Unrestricted)","","Public or Unrestricted","","LSEG. Accessed on 2025-02-24; IMF staff calculations.","© International Monetary Fund Copyright. All Rights Reserved. https://www.imf.org/external/terms.htm","International Monetary Fund. Green Bonds by Type of Currency,  https://data.imf.org/en/datasets/IMF.STA:ESG_FINANCE_CURRENCY. Accessed on [current date].","","","0.029074764"
"IMF.STA:ESG_FINANCE_CURRENCY(3.0.3)","G001.CGBI_PT.TAIW16.A","OBS_VALUE","World","Cumulative Green Bond Issuances, Percent","Taiwanese Dollar","Annual","Units","","","","","","","International Monetary Fund (IMF)","Statistics Department (STA)","datahelp@imf.org","","","","","Environment and climate; Climate finance","","","English","2026-01-08T16:17:00.239243200Z","2026-01-08T16:17:00.292229100Z","","The data are aggregated by country of incorporations, use of proceeds, type of currency and type of issuers (nonfinancial corporations, other financial corporations, banks, state owned entities, sovereign, state and local governments and international organizations). Sovereign green bonds are green bonds issued by central governments and central banks. Compilation of the indicator is based on the methodology used by London Stock Exchange Group, and divergences may be observed when compared to data from other providers. 
The source dataset is based on LSEG (formerly Refinitiv), which contain bond-by-bond issuances for Green Bonds, Social Bonds, Sustainability Bonds, and Sustainability-Linked Bonds starting from 2006 to 2024. Bonds by type encompass investment grade, high-yield, and not-rated bonds, commercial papers, certificates of deposit, and sukuks. By issuer type, bonds encompass government, corporate, agency, non-US munis, and other gov/supra bonds.","Public (Unrestricted)","","Public or Unrestricted","","LSEG. Accessed on 2025-02-24; IMF staff calculations.","© International Monetary Fund Copyright. All Rights Reserved. https://www.imf.org/external/terms.htm","International Monetary Fund. Green Bonds by Type of Currency,  https://data.imf.org/en/datasets/IMF.STA:ESG_FINANCE_CURRENCY. Accessed on [current date].","","","0.344484845"
"IMF.STA:ESG_FINANCE_CURRENCY(3.0.3)","G001.CGBI_USD.UZS.A","OBS_VALUE","World","Cumulative Green Bond Issuances, US dollar","Uzbekistani Sum","Annual","Units","","","","","","","International Monetary Fund (IMF)","Statistics Department (STA)","datahelp@imf.org","","","","","Environment and climate; Climate finance","","","English","2026-01-08T16:17:00.239243200Z","2026-01-08T16:17:00.292229100Z","","The data are aggregated by country of incorporations, use of proceeds, type of currency and type of issuers (nonfinancial corporations, other financial corporations, banks, state owned entities, sovereign, state and local governments and international organizations). Sovereign green bonds are green bonds issued by central governments and central banks. Compilation of the indicator is based on the methodology used by London Stock Exchange Group, and divergences may be observed when compared to data from other providers. 
The source dataset is based on LSEG (formerly Refinitiv), which contain bond-by-bond issuances for Green Bonds, Social Bonds, Sustainability Bonds, and Sustainability-Linked Bonds starting from 2006 to 2024. Bonds by type encompass investment grade, high-yield, and not-rated bonds, commercial papers, certificates of deposit, and sukuks. By issuer type, bonds encompass government, corporate, agency, non-US munis, and other gov/supra bonds.","Public (Unrestricted)","","Public or Unrestricted","","LSEG. Accessed on 2025-02-24; IMF staff calculations.","© International Monetary Fund Copyright. All Rights Reserved. https://www.imf.org/external/terms.htm","International Monetary Fund. Green Bonds by Type of Currency,  https://data.imf.org/en/datasets/IMF.STA:ESG_FINANCE_CURRENCY. Accessed on [current date].","","","0.785202357"
"IMF.STA:ESG_FINANCE_CURRENCY(3.0.3)","G001.CSSLBI_PT.THAI9.A","OBS_VALUE","World","Cumulative Sustainability Linked Bond Issuances, Percent","Thai Baht","Annual","Units","","","","","","","International Monetary Fund (IMF)","Statistics Department (STA)","datahelp@imf.org","","","","","Environment and climate; Climate finance","","","English","2026-01-08T16:17:00.239243200Z","2026-01-08T16:17:00.292229100Z","","The data are aggregated by country of incorporations, use of proceeds, type of currency and type of issuers (nonfinancial corporations, other financial corporations, banks, state owned entities, sovereign, state and local governments and international organizations). Sovereign green bonds are green bonds issued by central governments and central banks. Compilation of the indicator is based on the methodology used by London Stock Exchange Group, and divergences may be observed when compared to data from other providers. 
The source dataset is based on LSEG (formerly Refinitiv), which contain bond-by-bond issuances for Green Bonds, Social Bonds, Sustainability Bonds, and Sustainability-Linked Bonds starting from 2006 to 2024. Bonds by type encompass investment grade, high-yield, and not-rated bonds, commercial papers, certificates of deposit, and sukuks. By issuer type, bonds encompass government, corporate, agency, non-US munis, and other gov/supra bonds.","Public (Unrestricted)","","Public or Unrestricted","","LSEG. Accessed on 2025-02-24; IMF staff calculations.","© International Monetary Fund Copyright. All Rights Reserved. https://www.imf.org/external/terms.htm","International Monetary Fund. Green Bonds by Type of Currency,  https://data.imf.org/en/datasets/IMF.STA:ESG_FINANCE_CURRENCY. Accessed on [current date].","","","1.090853325"
"IMF.STA:ESG_FINANCE_CURRENCY(3.0.3)","G001.CSSLBI_USD.JAPA12.A","OBS_VALUE","World","Cumulative Sustainability Linked Bond Issuances, US dollar","Japanese Yen","Annual","Units","","","","","","","International Monetary Fund (IMF)","Statistics Department (STA)","datahelp@imf.org","","","","","Environment and climate; Climate finance","","","English","2026-01-08T16:17:00.239243200Z","2026-01-08T16:17:00.292229100Z","","The data are aggregated by country of incorporations, use of proceeds, type of currency and type of issuers (nonfinancial corporations, other financial corporations, banks, state owned entities, sovereign, state and local governments and international organizations). Sovereign green bonds are green bonds issued by central governments and central banks. Compilation of the indicator is based on the methodology used by London Stock Exchange Group, and divergences may be observed when compared to data from other providers. 
The source dataset is based on LSEG (formerly Refinitiv), which contain bond-by-bond issuances for Green Bonds, Social Bonds, Sustainability Bonds, and Sustainability-Linked Bonds starting from 2006 to 2024. Bonds by type encompass investment grade, high-yield, and not-rated bonds, commercial papers, certificates of deposit, and sukuks. By issuer type, bonds encompass government, corporate, agency, non-US munis, and other gov/supra bonds.","Public (Unrestricted)","","Public or Unrestricted","","LSEG. Accessed on 2025-02-24; IMF staff calculations.","© International Monetary Fund Copyright. All Rights Reserved. https://www.imf.org/external/terms.htm","International Monetary Fund. Green Bonds by Type of Currency,  https://data.imf.org/en/datasets/IMF.STA:ESG_FINANCE_CURRENCY. Accessed on [current date].","","","11.13655594"
"IMF.STA:ESG_FINANCE_CURRENCY(3.0.3)","G001.CSSLBI_PT.NORW15.A","OBS_VALUE","World","Cumulative Sustainability Linked Bond Issuances, Percent","Norwegian Krone","Annual","Units","","","","","","","International Monetary Fund (IMF)","Statistics Department (STA)","datahelp@imf.org","","","","","Environment and climate; Climate finance","","","English","2026-01-08T16:17:00.239243200Z","2026-01-08T16:17:00.292229100Z","","The data are aggregated by country of incorporations, use of proceeds, type of currency and type of issuers (nonfinancial corporations, other financial corporations, banks, state owned entities, sovereign, state and local governments and international organizations). Sovereign green bonds are green bonds issued by central governments and central banks. Compilation of the indicator is based on the methodology used by London Stock Exchange Group, and divergences may be observed when compared to data from other providers. 
The source dataset is based on LSEG (formerly Refinitiv), which contain bond-by-bond issuances for Green Bonds, Social Bonds, Sustainability Bonds, and Sustainability-Linked Bonds starting from 2006 to 2024. Bonds by type encompass investment grade, high-yield, and not-rated bonds, commercial papers, certificates of deposit, and sukuks. By issuer type, bonds encompass government, corporate, agency, non-US munis, and other gov/supra bonds.","Public (Unrestricted)","","Public or Unrestricted","","LSEG. Accessed on 2025-02-24; IMF staff calculations.","© International Monetary Fund Copyright. All Rights Reserved. https://www.imf.org/external/terms.htm","International Monetary Fund. Green Bonds by Type of Currency,  https://data.imf.org/en/datasets/IMF.STA:ESG_FINANCE_CURRENCY. Accessed on [current date].","","","0.335471441"
"IMF.STA:ESG_FINANCE_CURRENCY(3.0.3)","G001.CSSBI_PT.RUSS13.A","OBS_VALUE","World","Cumulative Sustainability Bond Issuances, Percent","Russian Ruble","Annual","Units","","","","","","","International Monetary Fund (IMF)","Statistics Department (STA)","datahelp@imf.org","","","","","Environment and climate; Climate finance","","","English","2026-01-08T16:17:00.239243200Z","2026-01-08T16:17:00.292229100Z","","The data are aggregated by country of incorporations, use of proceeds, type of currency and type of issuers (nonfinancial corporations, other financial corporations, banks, state owned entities, sovereign, state and local governments and international organizations). Sovereign green bonds are green bonds issued by central governments and central banks. Compilation of the indicator is based on the methodology used by London Stock Exchange Group, and divergences may be observed when compared to data from other providers. 
The source dataset is based on LSEG (formerly Refinitiv), which contain bond-by-bond issuances for Green Bonds, Social Bonds, Sustainability Bonds, and Sustainability-Linked Bonds starting from 2006 to 2024. Bonds by type encompass investment grade, high-yield, and not-rated bonds, commercial papers, certificates of deposit, and sukuks. By issuer type, bonds encompass government, corporate, agency, non-US munis, and other gov/supra bonds.","Public (Unrestricted)","","Public or Unrestricted","","LSEG. Accessed on 2025-02-24; IMF staff calculations.","© International Monetary Fund Copyright. All Rights Reserved. https://www.imf.org/external/terms.htm","International Monetary Fund. Green Bonds by Type of Currency,  https://data.imf.org/en/datasets/IMF.STA:ESG_FINANCE_CURRENCY. Accessed on [current date].","","","0.0328"
"IMF.STA:ESG_FINANCE_CURRENCY(3.0.3)","G001.CSSLBI_USD.CANA15.A","OBS_VALUE","World","Cumulative Sustainability Linked Bond Issuances, US dollar","Canadian Dollar","Annual","Units","","","","","","","International Monetary Fund (IMF)","Statistics Department (STA)","datahelp@imf.org","","","","","Environment and climate; Climate finance","","","English","2026-01-08T16:17:00.239243200Z","2026-01-08T16:17:00.292229100Z","","The data are aggregated by country of incorporations, use of proceeds, type of currency and type of issuers (nonfinancial corporations, other financial corporations, banks, state owned entities, sovereign, state and local governments and international organizations). Sovereign green bonds are green bonds issued by central governments and central banks. Compilation of the indicator is based on the methodology used by London Stock Exchange Group, and divergences may be observed when compared to data from other providers. 
The source dataset is based on LSEG (formerly Refinitiv), which contain bond-by-bond issuances for Green Bonds, Social Bonds, Sustainability Bonds, and Sustainability-Linked Bonds starting from 2006 to 2024. Bonds by type encompass investment grade, high-yield, and not-rated bonds, commercial papers, certificates of deposit, and sukuks. By issuer type, bonds encompass government, corporate, agency, non-US munis, and other gov/supra bonds.","Public (Unrestricted)","","Public or Unrestricted","","LSEG. Accessed on 2025-02-24; IMF staff calculations.","© International Monetary Fund Copyright. All Rights Reserved. https://www.imf.org/external/terms.htm","International Monetary Fund. Green Bonds by Type of Currency,  https://data.imf.org/en/datasets/IMF.STA:ESG_FINANCE_CURRENCY. Accessed on [current date].","","","4.289732768"
"IMF.STA:ESG_FINANCE_CURRENCY(3.0.3)","G001.CSSBI_PT.SWIS11.A","OBS_VALUE","World","Cumulative Sustainability Bond Issuances, Percent","Swiss Franc","Annual","Units","","","","","","","International Monetary Fund (IMF)","Statistics Department (STA)","datahelp@imf.org","","","","","Environment and climate; Climate finance","","","English","2026-01-08T16:17:00.239243200Z","2026-01-08T16:17:00.292229100Z","","The data are aggregated by country of incorporations, use of proceeds, type of currency and type of issuers (nonfinancial corporations, other financial corporations, banks, state owned entities, sovereign, state and local governments and international organizations). Sovereign green bonds are green bonds issued by central governments and central banks. Compilation of the indicator is based on the methodology used by London Stock Exchange Group, and divergences may be observed when compared to data from other providers. 
The source dataset is based on LSEG (formerly Refinitiv), which contain bond-by-bond issuances for Green Bonds, Social Bonds, Sustainability Bonds, and Sustainability-Linked Bonds starting from 2006 to 2024. Bonds by type encompass investment grade, high-yield, and not-rated bonds, commercial papers, certificates of deposit, and sukuks. By issuer type, bonds encompass government, corporate, agency, non-US munis, and other gov/supra bonds.","Public (Unrestricted)","","Public or Unrestricted","","LSEG. Accessed on 2025-02-24; IMF staff calculations.","© International Monetary Fund Copyright. All Rights Reserved. https://www.imf.org/external/terms.htm","International Monetary Fund. Green Bonds by Type of Currency,  https://data.imf.org/en/datasets/IMF.STA:ESG_FINANCE_CURRENCY. Accessed on [current date].","","","0.150689309"
"IMF.STA:ESG_FINANCE_CURRENCY(3.0.3)","G001.CGBI_USD.UAED.A","OBS_VALUE","World","Cumulative Green Bond Issuances, US dollar","UAE Dirham","Annual","Units","","","","","","","International Monetary Fund (IMF)","Statistics Department (STA)","datahelp@imf.org","","","","","Environment and climate; Climate finance","","","English","2026-01-08T16:17:00.239243200Z","2026-01-08T16:17:00.292229100Z","","The data are aggregated by country of incorporations, use of proceeds, type of currency and type of issuers (nonfinancial corporations, other financial corporations, banks, state owned entities, sovereign, state and local governments and international organizations). Sovereign green bonds are green bonds issued by central governments and central banks. Compilation of the indicator is based on the methodology used by London Stock Exchange Group, and divergences may be observed when compared to data from other providers. 
The source dataset is based on LSEG (formerly Refinitiv), which contain bond-by-bond issuances for Green Bonds, Social Bonds, Sustainability Bonds, and Sustainability-Linked Bonds starting from 2006 to 2024. Bonds by type encompass investment grade, high-yield, and not-rated bonds, commercial papers, certificates of deposit, and sukuks. By issuer type, bonds encompass government, corporate, agency, non-US munis, and other gov/supra bonds.","Public (Unrestricted)","","Public or Unrestricted","","LSEG. Accessed on 2025-02-24; IMF staff calculations.","© International Monetary Fund Copyright. All Rights Reserved. https://www.imf.org/external/terms.htm","International Monetary Fund. Green Bonds by Type of Currency,  https://data.imf.org/en/datasets/IMF.STA:ESG_FINANCE_CURRENCY. Accessed on [current date].","","","0.35394375"
"IMF.STA:ESG_FINANCE_CURRENCY(3.0.3)","G001.CSSBI_USD.INDO17.A","OBS_VALUE","World","Cumulative Sustainability Bond Issuances, US dollar","Indonesian Rupiah","Annual","Units","","","","","","","International Monetary Fund (IMF)","Statistics Department (STA)","datahelp@imf.org","","","","","Environment and climate; Climate finance","","","English","2026-01-08T16:17:00.239243200Z","2026-01-08T16:17:00.292229100Z","","The data are aggregated by country of incorporations, use of proceeds, type of currency and type of issuers (nonfinancial corporations, other financial corporations, banks, state owned entities, sovereign, state and local governments and international organizations). Sovereign green bonds are green bonds issued by central governments and central banks. Compilation of the indicator is based on the methodology used by London Stock Exchange Group, and divergences may be observed when compared to data from other providers. 
The source dataset is based on LSEG (formerly Refinitiv), which contain bond-by-bond issuances for Green Bonds, Social Bonds, Sustainability Bonds, and Sustainability-Linked Bonds starting from 2006 to 2024. Bonds by type encompass investment grade, high-yield, and not-rated bonds, commercial papers, certificates of deposit, and sukuks. By issuer type, bonds encompass government, corporate, agency, non-US munis, and other gov/supra bonds.","Public (Unrestricted)","","Public or Unrestricted","","LSEG. Accessed on 2025-02-24; IMF staff calculations.","© International Monetary Fund Copyright. All Rights Reserved. https://www.imf.org/external/terms.htm","International Monetary Fund. Green Bonds by Type of Currency,  https://data.imf.org/en/datasets/IMF.STA:ESG_FINANCE_CURRENCY. Accessed on [current date].","","","0.791483591"
"IMF.STA:ESG_FINANCE_CURRENCY(3.0.3)","G001.CGBI_PT.TURK12.A","OBS_VALUE","World","Cumulative Green Bond Issuances, Percent","Turkish Lira","Annual","Units","","","","","","","International Monetary Fund (IMF)","Statistics Department (STA)","datahelp@imf.org","","","","","Environment and climate; Climate finance","","","English","2026-01-08T16:17:00.239243200Z","2026-01-08T16:17:00.292229100Z","","The data are aggregated by country of incorporations, use of proceeds, type of currency and type of issuers (nonfinancial corporations, other financial corporations, banks, state owned entities, sovereign, state and local governments and international organizations). Sovereign green bonds are green bonds issued by central governments and central banks. Compilation of the indicator is based on the methodology used by London Stock Exchange Group, and divergences may be observed when compared to data from other providers. 
The source dataset is based on LSEG (formerly Refinitiv), which contain bond-by-bond issuances for Green Bonds, Social Bonds, Sustainability Bonds, and Sustainability-Linked Bonds starting from 2006 to 2024. Bonds by type encompass investment grade, high-yield, and not-rated bonds, commercial papers, certificates of deposit, and sukuks. By issuer type, bonds encompass government, corporate, agency, non-US munis, and other gov/supra bonds.","Public (Unrestricted)","","Public or Unrestricted","","LSEG. Accessed on 2025-02-24; IMF staff calculations.","© International Monetary Fund Copyright. All Rights Reserved. https://www.imf.org/external/terms.htm","International Monetary Fund. Green Bonds by Type of Currency,  https://data.imf.org/en/datasets/IMF.STA:ESG_FINANCE_CURRENCY. Accessed on [current date].","","","0.00697"
"IMF.STA:ESG_FINANCE_CURRENCY(3.0.3)","G001.CSSBI_USD.EURO4.A","OBS_VALUE","World","Cumulative Sustainability Bond Issuances, US dollar","Euro","Annual","Units","","","","","","","International Monetary Fund (IMF)","Statistics Department (STA)","datahelp@imf.org","","","","","Environment and climate; Climate finance","","","English","2026-01-08T16:17:00.239243200Z","2026-01-08T16:17:00.292229100Z","","The data are aggregated by country of incorporations, use of proceeds, type of currency and type of issuers (nonfinancial corporations, other financial corporations, banks, state owned entities, sovereign, state and local governments and international organizations). Sovereign green bonds are green bonds issued by central governments and central banks. Compilation of the indicator is based on the methodology used by London Stock Exchange Group, and divergences may be observed when compared to data from other providers. 
The source dataset is based on LSEG (formerly Refinitiv), which contain bond-by-bond issuances for Green Bonds, Social Bonds, Sustainability Bonds, and Sustainability-Linked Bonds starting from 2006 to 2024. Bonds by type encompass investment grade, high-yield, and not-rated bonds, commercial papers, certificates of deposit, and sukuks. By issuer type, bonds encompass government, corporate, agency, non-US munis, and other gov/supra bonds.","Public (Unrestricted)","","Public or Unrestricted","","LSEG. Accessed on 2025-02-24; IMF staff calculations.","© International Monetary Fund Copyright. All Rights Reserved. https://www.imf.org/external/terms.htm","International Monetary Fund. Green Bonds by Type of Currency,  https://data.imf.org/en/datasets/IMF.STA:ESG_FINANCE_CURRENCY. Accessed on [current date].","","","234.5192889"
"IMF.STA:ESG_FINANCE_CURRENCY(3.0.3)","G001.CSSLBI_PT.TAIW16.A","OBS_VALUE","World","Cumulative Sustainability Linked Bond Issuances, Percent","Taiwanese Dollar","Annual","Units","","","","","","","International Monetary Fund (IMF)","Statistics Department (STA)","datahelp@imf.org","","","","","Environment and climate; Climate finance","","","English","2026-01-08T16:17:00.239243200Z","2026-01-08T16:17:00.292229100Z","","The data are aggregated by country of incorporations, use of proceeds, type of currency and type of issuers (nonfinancial corporations, other financial corporations, banks, state owned entities, sovereign, state and local governments and international organizations). Sovereign green bonds are green bonds issued by central governments and central banks. Compilation of the indicator is based on the methodology used by London Stock Exchange Group, and divergences may be observed when compared to data from other providers. 
The source dataset is based on LSEG (formerly Refinitiv), which contain bond-by-bond issuances for Green Bonds, Social Bonds, Sustainability Bonds, and Sustainability-Linked Bonds starting from 2006 to 2024. Bonds by type encompass investment grade, high-yield, and not-rated bonds, commercial papers, certificates of deposit, and sukuks. By issuer type, bonds encompass government, corporate, agency, non-US munis, and other gov/supra bonds.","Public (Unrestricted)","","Public or Unrestricted","","LSEG. Accessed on 2025-02-24; IMF staff calculations.","© International Monetary Fund Copyright. All Rights Reserved. https://www.imf.org/external/terms.htm","International Monetary Fund. Green Bonds by Type of Currency,  https://data.imf.org/en/datasets/IMF.STA:ESG_FINANCE_CURRENCY. Accessed on [current date].","","","0.0694"
"IMF.STA:ESG_FINANCE_CURRENCY(3.0.3)","G001.CSBI_PT.NEW18.A","OBS_VALUE","World","Cumulative Social Bond Issuances, Percent","New Zealand Dollar","Annual","Units","","","","","","","International Monetary Fund (IMF)","Statistics Department (STA)","datahelp@imf.org","","","","","Environment and climate; Climate finance","","","English","2026-01-08T16:17:00.239243200Z","2026-01-08T16:17:00.292229100Z","","The data are aggregated by country of incorporations, use of proceeds, type of currency and type of issuers (nonfinancial corporations, other financial corporations, banks, state owned entities, sovereign, state and local governments and international organizations). Sovereign green bonds are green bonds issued by central governments and central banks. Compilation of the indicator is based on the methodology used by London Stock Exchange Group, and divergences may be observed when compared to data from other providers. 
The source dataset is based on LSEG (formerly Refinitiv), which contain bond-by-bond issuances for Green Bonds, Social Bonds, Sustainability Bonds, and Sustainability-Linked Bonds starting from 2006 to 2024. Bonds by type encompass investment grade, high-yield, and not-rated bonds, commercial papers, certificates of deposit, and sukuks. By issuer type, bonds encompass government, corporate, agency, non-US munis, and other gov/supra bonds.","Public (Unrestricted)","","Public or Unrestricted","","LSEG. Accessed on 2025-02-24; IMF staff calculations.","© International Monetary Fund Copyright. All Rights Reserved. https://www.imf.org/external/terms.htm","International Monetary Fund. Green Bonds by Type of Currency,  https://data.imf.org/en/datasets/IMF.STA:ESG_FINANCE_CURRENCY. Accessed on [current date].","","","0.347478274"
"IMF.STA:ESG_FINANCE_CURRENCY(3.0.3)","G001.CSSBI_PT.PERU12.A","OBS_VALUE","World","Cumulative Sustainability Bond Issuances, Percent","Peruvian Sol","Annual","Units","","","","","","","International Monetary Fund (IMF)","Statistics Department (STA)","datahelp@imf.org","","","","","Environment and climate; Climate finance","","","English","2026-01-08T16:17:00.239243200Z","2026-01-08T16:17:00.292229100Z","","The data are aggregated by country of incorporations, use of proceeds, type of currency and type of issuers (nonfinancial corporations, other financial corporations, banks, state owned entities, sovereign, state and local governments and international organizations). Sovereign green bonds are green bonds issued by central governments and central banks. Compilation of the indicator is based on the methodology used by London Stock Exchange Group, and divergences may be observed when compared to data from other providers. 
The source dataset is based on LSEG (formerly Refinitiv), which contain bond-by-bond issuances for Green Bonds, Social Bonds, Sustainability Bonds, and Sustainability-Linked Bonds starting from 2006 to 2024. Bonds by type encompass investment grade, high-yield, and not-rated bonds, commercial papers, certificates of deposit, and sukuks. By issuer type, bonds encompass government, corporate, agency, non-US munis, and other gov/supra bonds.","Public (Unrestricted)","","Public or Unrestricted","","LSEG. Accessed on 2025-02-24; IMF staff calculations.","© International Monetary Fund Copyright. All Rights Reserved. https://www.imf.org/external/terms.htm","International Monetary Fund. Green Bonds by Type of Currency,  https://data.imf.org/en/datasets/IMF.STA:ESG_FINANCE_CURRENCY. Accessed on [current date].","","","0.994836882"
"IMF.STA:ESG_FINANCE_CURRENCY(3.0.3)","G001.CSSLBI_USD.THAI9.A","OBS_VALUE","World","Cumulative Sustainability Linked Bond Issuances, US dollar","Thai Baht","Annual","Units","","","","","","","International Monetary Fund (IMF)","Statistics Department (STA)","datahelp@imf.org","","","","","Environment and climate; Climate finance","","","English","2026-01-08T16:17:00.239243200Z","2026-01-08T16:17:00.292229100Z","","The data are aggregated by country of incorporations, use of proceeds, type of currency and type of issuers (nonfinancial corporations, other financial corporations, banks, state owned entities, sovereign, state and local governments and international organizations). Sovereign green bonds are green bonds issued by central governments and central banks. Compilation of the indicator is based on the methodology used by London Stock Exchange Group, and divergences may be observed when compared to data from other providers. 
The source dataset is based on LSEG (formerly Refinitiv), which contain bond-by-bond issuances for Green Bonds, Social Bonds, Sustainability Bonds, and Sustainability-Linked Bonds starting from 2006 to 2024. Bonds by type encompass investment grade, high-yield, and not-rated bonds, commercial papers, certificates of deposit, and sukuks. By issuer type, bonds encompass government, corporate, agency, non-US munis, and other gov/supra bonds.","Public (Unrestricted)","","Public or Unrestricted","","LSEG. Accessed on 2025-02-24; IMF staff calculations.","© International Monetary Fund Copyright. All Rights Reserved. https://www.imf.org/external/terms.htm","International Monetary Fund. Green Bonds by Type of Currency,  https://data.imf.org/en/datasets/IMF.STA:ESG_FINANCE_CURRENCY. Accessed on [current date].","","","3.795433461"
"IMF.STA:ESG_FINANCE_CURRENCY(3.0.3)","G001.CSSLBI_USD.USD9.A","OBS_VALUE","World","Cumulative Sustainability Linked Bond Issuances, US dollar","US Dollar","Annual","Units","","","","","","","International Monetary Fund (IMF)","Statistics Department (STA)","datahelp@imf.org","","","","","Environment and climate; Climate finance","","","English","2026-01-08T16:17:00.239243200Z","2026-01-08T16:17:00.292229100Z","","The data are aggregated by country of incorporations, use of proceeds, type of currency and type of issuers (nonfinancial corporations, other financial corporations, banks, state owned entities, sovereign, state and local governments and international organizations). Sovereign green bonds are green bonds issued by central governments and central banks. Compilation of the indicator is based on the methodology used by London Stock Exchange Group, and divergences may be observed when compared to data from other providers. 
The source dataset is based on LSEG (formerly Refinitiv), which contain bond-by-bond issuances for Green Bonds, Social Bonds, Sustainability Bonds, and Sustainability-Linked Bonds starting from 2006 to 2024. Bonds by type encompass investment grade, high-yield, and not-rated bonds, commercial papers, certificates of deposit, and sukuks. By issuer type, bonds encompass government, corporate, agency, non-US munis, and other gov/supra bonds.","Public (Unrestricted)","","Public or Unrestricted","","LSEG. Accessed on 2025-02-24; IMF staff calculations.","© International Monetary Fund Copyright. All Rights Reserved. https://www.imf.org/external/terms.htm","International Monetary Fund. Green Bonds by Type of Currency,  https://data.imf.org/en/datasets/IMF.STA:ESG_FINANCE_CURRENCY. Accessed on [current date].","","","133.5213469"
"IMF.STA:ESG_FINANCE_CURRENCY(3.0.3)","G001.CSSLBI_PT.EURO4.A","OBS_VALUE","World","Cumulative Sustainability Linked Bond Issuances, Percent","Euro","Annual","Units","","","","","","","International Monetary Fund (IMF)","Statistics Department (STA)","datahelp@imf.org","","","","","Environment and climate; Climate finance","","","English","2026-01-08T16:17:00.239243200Z","2026-01-08T16:17:00.292229100Z","","The data are aggregated by country of incorporations, use of proceeds, type of currency and type of issuers (nonfinancial corporations, other financial corporations, banks, state owned entities, sovereign, state and local governments and international organizations). Sovereign green bonds are green bonds issued by central governments and central banks. Compilation of the indicator is based on the methodology used by London Stock Exchange Group, and divergences may be observed when compared to data from other providers. 
The source dataset is based on LSEG (formerly Refinitiv), which contain bond-by-bond issuances for Green Bonds, Social Bonds, Sustainability Bonds, and Sustainability-Linked Bonds starting from 2006 to 2024. Bonds by type encompass investment grade, high-yield, and not-rated bonds, commercial papers, certificates of deposit, and sukuks. By issuer type, bonds encompass government, corporate, agency, non-US munis, and other gov/supra bonds.","Public (Unrestricted)","","Public or Unrestricted","","LSEG. Accessed on 2025-02-24; IMF staff calculations.","© International Monetary Fund Copyright. All Rights Reserved. https://www.imf.org/external/terms.htm","International Monetary Fund. Green Bonds by Type of Currency,  https://data.imf.org/en/datasets/IMF.STA:ESG_FINANCE_CURRENCY. Accessed on [current date].","","","40.6165775"
"IMF.STA:ESG_FINANCE_CURRENCY(3.0.3)","G001.CSSLBI_USD.BRAZ14.A","OBS_VALUE","World","Cumulative Sustainability Linked Bond Issuances, US dollar","Brazilian Real","Annual","Units","","","","","","","International Monetary Fund (IMF)","Statistics Department (STA)","datahelp@imf.org","","","","","Environment and climate; Climate finance","","","English","2026-01-08T16:17:00.239243200Z","2026-01-08T16:17:00.292229100Z","","The data are aggregated by country of incorporations, use of proceeds, type of currency and type of issuers (nonfinancial corporations, other financial corporations, banks, state owned entities, sovereign, state and local governments and international organizations). Sovereign green bonds are green bonds issued by central governments and central banks. Compilation of the indicator is based on the methodology used by London Stock Exchange Group, and divergences may be observed when compared to data from other providers. 
The source dataset is based on LSEG (formerly Refinitiv), which contain bond-by-bond issuances for Green Bonds, Social Bonds, Sustainability Bonds, and Sustainability-Linked Bonds starting from 2006 to 2024. Bonds by type encompass investment grade, high-yield, and not-rated bonds, commercial papers, certificates of deposit, and sukuks. By issuer type, bonds encompass government, corporate, agency, non-US munis, and other gov/supra bonds.","Public (Unrestricted)","","Public or Unrestricted","","LSEG. Accessed on 2025-02-24; IMF staff calculations.","© International Monetary Fund Copyright. All Rights Reserved. https://www.imf.org/external/terms.htm","International Monetary Fund. Green Bonds by Type of Currency,  https://data.imf.org/en/datasets/IMF.STA:ESG_FINANCE_CURRENCY. Accessed on [current date].","","","2.345497548"
"IMF.STA:ESG_FINANCE_CURRENCY(3.0.3)","G001.CGBI_USD.CRC.A","OBS_VALUE","World","Cumulative Green Bond Issuances, US dollar","Costa Rican Colon","Annual","Units","","","","","","","International Monetary Fund (IMF)","Statistics Department (STA)","datahelp@imf.org","","","","","Environment and climate; Climate finance","","","English","2026-01-08T16:17:00.239243200Z","2026-01-08T16:17:00.292229100Z","","The data are aggregated by country of incorporations, use of proceeds, type of currency and type of issuers (nonfinancial corporations, other financial corporations, banks, state owned entities, sovereign, state and local governments and international organizations). Sovereign green bonds are green bonds issued by central governments and central banks. Compilation of the indicator is based on the methodology used by London Stock Exchange Group, and divergences may be observed when compared to data from other providers. 
The source dataset is based on LSEG (formerly Refinitiv), which contain bond-by-bond issuances for Green Bonds, Social Bonds, Sustainability Bonds, and Sustainability-Linked Bonds starting from 2006 to 2024. Bonds by type encompass investment grade, high-yield, and not-rated bonds, commercial papers, certificates of deposit, and sukuks. By issuer type, bonds encompass government, corporate, agency, non-US munis, and other gov/supra bonds.","Public (Unrestricted)","","Public or Unrestricted","","LSEG. Accessed on 2025-02-24; IMF staff calculations.","© International Monetary Fund Copyright. All Rights Reserved. https://www.imf.org/external/terms.htm","International Monetary Fund. Green Bonds by Type of Currency,  https://data.imf.org/en/datasets/IMF.STA:ESG_FINANCE_CURRENCY. Accessed on [current date].","","","0.0080522"
"IMF.STA:ESG_FINANCE_CURRENCY(3.0.3)","G001.CSBI_USD.TAIW16.A","OBS_VALUE","World","Cumulative Social Bond Issuances, US dollar","Taiwanese Dollar","Annual","Units","","","","","","","International Monetary Fund (IMF)","Statistics Department (STA)","datahelp@imf.org","","","","","Environment and climate; Climate finance","","","English","2026-01-08T16:17:00.239243200Z","2026-01-08T16:17:00.292229100Z","","The data are aggregated by country of incorporations, use of proceeds, type of currency and type of issuers (nonfinancial corporations, other financial corporations, banks, state owned entities, sovereign, state and local governments and international organizations). Sovereign green bonds are green bonds issued by central governments and central banks. Compilation of the indicator is based on the methodology used by London Stock Exchange Group, and divergences may be observed when compared to data from other providers. 
The source dataset is based on LSEG (formerly Refinitiv), which contain bond-by-bond issuances for Green Bonds, Social Bonds, Sustainability Bonds, and Sustainability-Linked Bonds starting from 2006 to 2024. Bonds by type encompass investment grade, high-yield, and not-rated bonds, commercial papers, certificates of deposit, and sukuks. By issuer type, bonds encompass government, corporate, agency, non-US munis, and other gov/supra bonds.","Public (Unrestricted)","","Public or Unrestricted","","LSEG. Accessed on 2025-02-24; IMF staff calculations.","© International Monetary Fund Copyright. All Rights Reserved. https://www.imf.org/external/terms.htm","International Monetary Fund. Green Bonds by Type of Currency,  https://data.imf.org/en/datasets/IMF.STA:ESG_FINANCE_CURRENCY. Accessed on [current date].","","","1.370496322"
"IMF.STA:ESG_FINANCE_CURRENCY(3.0.3)","G001.CGBI_PT.BT.A","OBS_VALUE","World","Cumulative Green Bond Issuances, Percent","Bangladeshi Taka","Annual","Units","","","","","","","International Monetary Fund (IMF)","Statistics Department (STA)","datahelp@imf.org","","","","","Environment and climate; Climate finance","","","English","2026-01-08T16:17:00.239243200Z","2026-01-08T16:17:00.292229100Z","","The data are aggregated by country of incorporations, use of proceeds, type of currency and type of issuers (nonfinancial corporations, other financial corporations, banks, state owned entities, sovereign, state and local governments and international organizations). Sovereign green bonds are green bonds issued by central governments and central banks. Compilation of the indicator is based on the methodology used by London Stock Exchange Group, and divergences may be observed when compared to data from other providers. 
The source dataset is based on LSEG (formerly Refinitiv), which contain bond-by-bond issuances for Green Bonds, Social Bonds, Sustainability Bonds, and Sustainability-Linked Bonds starting from 2006 to 2024. Bonds by type encompass investment grade, high-yield, and not-rated bonds, commercial papers, certificates of deposit, and sukuks. By issuer type, bonds encompass government, corporate, agency, non-US munis, and other gov/supra bonds.","Public (Unrestricted)","","Public or Unrestricted","","LSEG. Accessed on 2025-02-24; IMF staff calculations.","© International Monetary Fund Copyright. All Rights Reserved. https://www.imf.org/external/terms.htm","International Monetary Fund. Green Bonds by Type of Currency,  https://data.imf.org/en/datasets/IMF.STA:ESG_FINANCE_CURRENCY. Accessed on [current date].","","","0.00695"
"IMF.STA:ESG_FINANCE_CURRENCY(3.0.3)","G001.CSSBI_USD.COLO14.A","OBS_VALUE","World","Cumulative Sustainability Bond Issuances, US dollar","Colombian Peso","Annual","Units","","","","","","","International Monetary Fund (IMF)","Statistics Department (STA)","datahelp@imf.org","","","","","Environment and climate; Climate finance","","","English","2026-01-08T16:17:00.239243200Z","2026-01-08T16:17:00.292229100Z","","The data are aggregated by country of incorporations, use of proceeds, type of currency and type of issuers (nonfinancial corporations, other financial corporations, banks, state owned entities, sovereign, state and local governments and international organizations). Sovereign green bonds are green bonds issued by central governments and central banks. Compilation of the indicator is based on the methodology used by London Stock Exchange Group, and divergences may be observed when compared to data from other providers. 
The source dataset is based on LSEG (formerly Refinitiv), which contain bond-by-bond issuances for Green Bonds, Social Bonds, Sustainability Bonds, and Sustainability-Linked Bonds starting from 2006 to 2024. Bonds by type encompass investment grade, high-yield, and not-rated bonds, commercial papers, certificates of deposit, and sukuks. By issuer type, bonds encompass government, corporate, agency, non-US munis, and other gov/supra bonds.","Public (Unrestricted)","","Public or Unrestricted","","LSEG. Accessed on 2025-02-24; IMF staff calculations.","© International Monetary Fund Copyright. All Rights Reserved. https://www.imf.org/external/terms.htm","International Monetary Fund. Green Bonds by Type of Currency,  https://data.imf.org/en/datasets/IMF.STA:ESG_FINANCE_CURRENCY. Accessed on [current date].","","","0.457257416"
"IMF.STA:ESG_FINANCE_CURRENCY(3.0.3)","G001.CSSLBI_PT.USD9.A","OBS_VALUE","World","Cumulative Sustainability Linked Bond Issuances, Percent","US Dollar","Annual","Units","","","","","","","International Monetary Fund (IMF)","Statistics Department (STA)","datahelp@imf.org","","","","","Environment and climate; Climate finance","","","English","2026-01-08T16:17:00.239243200Z","2026-01-08T16:17:00.292229100Z","","The data are aggregated by country of incorporations, use of proceeds, type of currency and type of issuers (nonfinancial corporations, other financial corporations, banks, state owned entities, sovereign, state and local governments and international organizations). Sovereign green bonds are green bonds issued by central governments and central banks. Compilation of the indicator is based on the methodology used by London Stock Exchange Group, and divergences may be observed when compared to data from other providers. 
The source dataset is based on LSEG (formerly Refinitiv), which contain bond-by-bond issuances for Green Bonds, Social Bonds, Sustainability Bonds, and Sustainability-Linked Bonds starting from 2006 to 2024. Bonds by type encompass investment grade, high-yield, and not-rated bonds, commercial papers, certificates of deposit, and sukuks. By issuer type, bonds encompass government, corporate, agency, non-US munis, and other gov/supra bonds.","Public (Unrestricted)","","Public or Unrestricted","","LSEG. Accessed on 2025-02-24; IMF staff calculations.","© International Monetary Fund Copyright. All Rights Reserved. https://www.imf.org/external/terms.htm","International Monetary Fund. Green Bonds by Type of Currency,  https://data.imf.org/en/datasets/IMF.STA:ESG_FINANCE_CURRENCY. Accessed on [current date].","","","38.37564448"
"IMF.STA:ESG_FINANCE_CURRENCY(3.0.3)","G001.CSBI_USD.RL.A","OBS_VALUE","World","Cumulative Social Bond Issuances, US dollar","Romanian Leu","Annual","Units","","","","","","","International Monetary Fund (IMF)","Statistics Department (STA)","datahelp@imf.org","","","","","Environment and climate; Climate finance","","","English","2026-01-08T16:17:00.239243200Z","2026-01-08T16:17:00.292229100Z","","The data are aggregated by country of incorporations, use of proceeds, type of currency and type of issuers (nonfinancial corporations, other financial corporations, banks, state owned entities, sovereign, state and local governments and international organizations). Sovereign green bonds are green bonds issued by central governments and central banks. Compilation of the indicator is based on the methodology used by London Stock Exchange Group, and divergences may be observed when compared to data from other providers. 
The source dataset is based on LSEG (formerly Refinitiv), which contain bond-by-bond issuances for Green Bonds, Social Bonds, Sustainability Bonds, and Sustainability-Linked Bonds starting from 2006 to 2024. Bonds by type encompass investment grade, high-yield, and not-rated bonds, commercial papers, certificates of deposit, and sukuks. By issuer type, bonds encompass government, corporate, agency, non-US munis, and other gov/supra bonds.","Public (Unrestricted)","","Public or Unrestricted","","LSEG. Accessed on 2025-02-24; IMF staff calculations.","© International Monetary Fund Copyright. All Rights Reserved. https://www.imf.org/external/terms.htm","International Monetary Fund. Green Bonds by Type of Currency,  https://data.imf.org/en/datasets/IMF.STA:ESG_FINANCE_CURRENCY. Accessed on [current date].","","","0.008963219"
"IMF.STA:ESG_FINANCE_CURRENCY(3.0.3)","G001.CGBI_USD.DP.A","OBS_VALUE","World","Cumulative Green Bond Issuances, US dollar","Dominican Peso","Annual","Units","","","","","","","International Monetary Fund (IMF)","Statistics Department (STA)","datahelp@imf.org","","","","","Environment and climate; Climate finance","","","English","2026-01-08T16:17:00.239243200Z","2026-01-08T16:17:00.292229100Z","","The data are aggregated by country of incorporations, use of proceeds, type of currency and type of issuers (nonfinancial corporations, other financial corporations, banks, state owned entities, sovereign, state and local governments and international organizations). Sovereign green bonds are green bonds issued by central governments and central banks. Compilation of the indicator is based on the methodology used by London Stock Exchange Group, and divergences may be observed when compared to data from other providers. 
The source dataset is based on LSEG (formerly Refinitiv), which contain bond-by-bond issuances for Green Bonds, Social Bonds, Sustainability Bonds, and Sustainability-Linked Bonds starting from 2006 to 2024. Bonds by type encompass investment grade, high-yield, and not-rated bonds, commercial papers, certificates of deposit, and sukuks. By issuer type, bonds encompass government, corporate, agency, non-US munis, and other gov/supra bonds.","Public (Unrestricted)","","Public or Unrestricted","","LSEG. Accessed on 2025-02-24; IMF staff calculations.","© International Monetary Fund Copyright. All Rights Reserved. https://www.imf.org/external/terms.htm","International Monetary Fund. Green Bonds by Type of Currency,  https://data.imf.org/en/datasets/IMF.STA:ESG_FINANCE_CURRENCY. Accessed on [current date].","","","0.013400124"
"IMF.STA:ESG_FINANCE_CURRENCY(3.0.3)","G001.CGBI_PT.AUST17.A","OBS_VALUE","World","Cumulative Green Bond Issuances, Percent","Australian Dollar","Annual","Units","","","","","","","International Monetary Fund (IMF)","Statistics Department (STA)","datahelp@imf.org","","","","","Environment and climate; Climate finance","","","English","2026-01-08T16:17:00.239243200Z","2026-01-08T16:17:00.292229100Z","","The data are aggregated by country of incorporations, use of proceeds, type of currency and type of issuers (nonfinancial corporations, other financial corporations, banks, state owned entities, sovereign, state and local governments and international organizations). Sovereign green bonds are green bonds issued by central governments and central banks. Compilation of the indicator is based on the methodology used by London Stock Exchange Group, and divergences may be observed when compared to data from other providers. 
The source dataset is based on LSEG (formerly Refinitiv), which contain bond-by-bond issuances for Green Bonds, Social Bonds, Sustainability Bonds, and Sustainability-Linked Bonds starting from 2006 to 2024. Bonds by type encompass investment grade, high-yield, and not-rated bonds, commercial papers, certificates of deposit, and sukuks. By issuer type, bonds encompass government, corporate, agency, non-US munis, and other gov/supra bonds.","Public (Unrestricted)","","Public or Unrestricted","","LSEG. Accessed on 2025-02-24; IMF staff calculations.","© International Monetary Fund Copyright. All Rights Reserved. https://www.imf.org/external/terms.htm","International Monetary Fund. Green Bonds by Type of Currency,  https://data.imf.org/en/datasets/IMF.STA:ESG_FINANCE_CURRENCY. Accessed on [current date].","","","1.400427361"
"IMF.STA:ESG_FINANCE_CURRENCY(3.0.3)","G001.CGBI_PT.BRIT13.A","OBS_VALUE","World","Cumulative Green Bond Issuances, Percent","British Pound","Annual","Units","","","","","","","International Monetary Fund (IMF)","Statistics Department (STA)","datahelp@imf.org","","","","","Environment and climate; Climate finance","","","English","2026-01-08T16:17:00.239243200Z","2026-01-08T16:17:00.292229100Z","","The data are aggregated by country of incorporations, use of proceeds, type of currency and type of issuers (nonfinancial corporations, other financial corporations, banks, state owned entities, sovereign, state and local governments and international organizations). Sovereign green bonds are green bonds issued by central governments and central banks. Compilation of the indicator is based on the methodology used by London Stock Exchange Group, and divergences may be observed when compared to data from other providers. 
The source dataset is based on LSEG (formerly Refinitiv), which contain bond-by-bond issuances for Green Bonds, Social Bonds, Sustainability Bonds, and Sustainability-Linked Bonds starting from 2006 to 2024. Bonds by type encompass investment grade, high-yield, and not-rated bonds, commercial papers, certificates of deposit, and sukuks. By issuer type, bonds encompass government, corporate, agency, non-US munis, and other gov/supra bonds.","Public (Unrestricted)","","Public or Unrestricted","","LSEG. Accessed on 2025-02-24; IMF staff calculations.","© International Monetary Fund Copyright. All Rights Reserved. https://www.imf.org/external/terms.htm","International Monetary Fund. Green Bonds by Type of Currency,  https://data.imf.org/en/datasets/IMF.STA:ESG_FINANCE_CURRENCY. Accessed on [current date].","","","3.814717963"
"IMF.STA:ESG_FINANCE_CURRENCY(3.0.3)","G001.CGBI_USD.FJD3.A","OBS_VALUE","World","Cumulative Green Bond Issuances, US dollar","Fijian Dollar","Annual","Units","","","","","","","International Monetary Fund (IMF)","Statistics Department (STA)","datahelp@imf.org","","","","","Environment and climate; Climate finance","","","English","2026-01-08T16:17:00.239243200Z","2026-01-08T16:17:00.292229100Z","","The data are aggregated by country of incorporations, use of proceeds, type of currency and type of issuers (nonfinancial corporations, other financial corporations, banks, state owned entities, sovereign, state and local governments and international organizations). Sovereign green bonds are green bonds issued by central governments and central banks. Compilation of the indicator is based on the methodology used by London Stock Exchange Group, and divergences may be observed when compared to data from other providers. 
The source dataset is based on LSEG (formerly Refinitiv), which contain bond-by-bond issuances for Green Bonds, Social Bonds, Sustainability Bonds, and Sustainability-Linked Bonds starting from 2006 to 2024. Bonds by type encompass investment grade, high-yield, and not-rated bonds, commercial papers, certificates of deposit, and sukuks. By issuer type, bonds encompass government, corporate, agency, non-US munis, and other gov/supra bonds.","Public (Unrestricted)","","Public or Unrestricted","","LSEG. Accessed on 2025-02-24; IMF staff calculations.","© International Monetary Fund Copyright. All Rights Reserved. https://www.imf.org/external/terms.htm","International Monetary Fund. Green Bonds by Type of Currency,  https://data.imf.org/en/datasets/IMF.STA:ESG_FINANCE_CURRENCY. Accessed on [current date].","","","0.051528034"
"IMF.STA:ESG_FINANCE_CURRENCY(3.0.3)","G001.CSSLBI_USD.SWIS11.A","OBS_VALUE","World","Cumulative Sustainability Linked Bond Issuances, US dollar","Swiss Franc","Annual","Units","","","","","","","International Monetary Fund (IMF)","Statistics Department (STA)","datahelp@imf.org","","","","","Environment and climate; Climate finance","","","English","2026-01-08T16:17:00.239243200Z","2026-01-08T16:17:00.292229100Z","","The data are aggregated by country of incorporations, use of proceeds, type of currency and type of issuers (nonfinancial corporations, other financial corporations, banks, state owned entities, sovereign, state and local governments and international organizations). Sovereign green bonds are green bonds issued by central governments and central banks. Compilation of the indicator is based on the methodology used by London Stock Exchange Group, and divergences may be observed when compared to data from other providers. 
The source dataset is based on LSEG (formerly Refinitiv), which contain bond-by-bond issuances for Green Bonds, Social Bonds, Sustainability Bonds, and Sustainability-Linked Bonds starting from 2006 to 2024. Bonds by type encompass investment grade, high-yield, and not-rated bonds, commercial papers, certificates of deposit, and sukuks. By issuer type, bonds encompass government, corporate, agency, non-US munis, and other gov/supra bonds.","Public (Unrestricted)","","Public or Unrestricted","","LSEG. Accessed on 2025-02-24; IMF staff calculations.","© International Monetary Fund Copyright. All Rights Reserved. https://www.imf.org/external/terms.htm","International Monetary Fund. Green Bonds by Type of Currency,  https://data.imf.org/en/datasets/IMF.STA:ESG_FINANCE_CURRENCY. Accessed on [current date].","","","1.829594377"
"IMF.STA:ESG_FINANCE_CURRENCY(3.0.3)","G001.CSBI_USD.THAI9.A","OBS_VALUE","World","Cumulative Social Bond Issuances, US dollar","Thai Baht","Annual","Units","","","","","","","International Monetary Fund (IMF)","Statistics Department (STA)","datahelp@imf.org","","","","","Environment and climate; Climate finance","","","English","2026-01-08T16:17:00.239243200Z","2026-01-08T16:17:00.292229100Z","","The data are aggregated by country of incorporations, use of proceeds, type of currency and type of issuers (nonfinancial corporations, other financial corporations, banks, state owned entities, sovereign, state and local governments and international organizations). Sovereign green bonds are green bonds issued by central governments and central banks. Compilation of the indicator is based on the methodology used by London Stock Exchange Group, and divergences may be observed when compared to data from other providers. 
The source dataset is based on LSEG (formerly Refinitiv), which contain bond-by-bond issuances for Green Bonds, Social Bonds, Sustainability Bonds, and Sustainability-Linked Bonds starting from 2006 to 2024. Bonds by type encompass investment grade, high-yield, and not-rated bonds, commercial papers, certificates of deposit, and sukuks. By issuer type, bonds encompass government, corporate, agency, non-US munis, and other gov/supra bonds.","Public (Unrestricted)","","Public or Unrestricted","","LSEG. Accessed on 2025-02-24; IMF staff calculations.","© International Monetary Fund Copyright. All Rights Reserved. https://www.imf.org/external/terms.htm","International Monetary Fund. Green Bonds by Type of Currency,  https://data.imf.org/en/datasets/IMF.STA:ESG_FINANCE_CURRENCY. Accessed on [current date].","","","0.875531321"
"IMF.STA:ESG_FINANCE_CURRENCY(3.0.3)","G001.CSSBI_USD.CP.A","OBS_VALUE","World","Cumulative Sustainability Bond Issuances, US dollar","Chilean Peso","Annual","Units","","","","","","","International Monetary Fund (IMF)","Statistics Department (STA)","datahelp@imf.org","","","","","Environment and climate; Climate finance","","","English","2026-01-08T16:17:00.239243200Z","2026-01-08T16:17:00.292229100Z","","The data are aggregated by country of incorporations, use of proceeds, type of currency and type of issuers (nonfinancial corporations, other financial corporations, banks, state owned entities, sovereign, state and local governments and international organizations). Sovereign green bonds are green bonds issued by central governments and central banks. Compilation of the indicator is based on the methodology used by London Stock Exchange Group, and divergences may be observed when compared to data from other providers. 
The source dataset is based on LSEG (formerly Refinitiv), which contain bond-by-bond issuances for Green Bonds, Social Bonds, Sustainability Bonds, and Sustainability-Linked Bonds starting from 2006 to 2024. Bonds by type encompass investment grade, high-yield, and not-rated bonds, commercial papers, certificates of deposit, and sukuks. By issuer type, bonds encompass government, corporate, agency, non-US munis, and other gov/supra bonds.","Public (Unrestricted)","","Public or Unrestricted","","LSEG. Accessed on 2025-02-24; IMF staff calculations.","© International Monetary Fund Copyright. All Rights Reserved. https://www.imf.org/external/terms.htm","International Monetary Fund. Green Bonds by Type of Currency,  https://data.imf.org/en/datasets/IMF.STA:ESG_FINANCE_CURRENCY. Accessed on [current date].","","","2.705277284"
"IMF.STA:ESG_FINANCE_CURRENCY(3.0.3)","G001.CGBI_PT.USD9.A","OBS_VALUE","World","Cumulative Green Bond Issuances, Percent","US Dollar","Annual","Units","","","","","","","International Monetary Fund (IMF)","Statistics Department (STA)","datahelp@imf.org","","","","","Environment and climate; Climate finance","","","English","2026-01-08T16:17:00.239243200Z","2026-01-08T16:17:00.292229100Z","","The data are aggregated by country of incorporations, use of proceeds, type of currency and type of issuers (nonfinancial corporations, other financial corporations, banks, state owned entities, sovereign, state and local governments and international organizations). Sovereign green bonds are green bonds issued by central governments and central banks. Compilation of the indicator is based on the methodology used by London Stock Exchange Group, and divergences may be observed when compared to data from other providers. 
The source dataset is based on LSEG (formerly Refinitiv), which contain bond-by-bond issuances for Green Bonds, Social Bonds, Sustainability Bonds, and Sustainability-Linked Bonds starting from 2006 to 2024. Bonds by type encompass investment grade, high-yield, and not-rated bonds, commercial papers, certificates of deposit, and sukuks. By issuer type, bonds encompass government, corporate, agency, non-US munis, and other gov/supra bonds.","Public (Unrestricted)","","Public or Unrestricted","","LSEG. Accessed on 2025-02-24; IMF staff calculations.","© International Monetary Fund Copyright. All Rights Reserved. https://www.imf.org/external/terms.htm","International Monetary Fund. Green Bonds by Type of Currency,  https://data.imf.org/en/datasets/IMF.STA:ESG_FINANCE_CURRENCY. Accessed on [current date].","","","22.305787"
"IMF.STA:ESG_FINANCE_CURRENCY(3.0.3)","G001.CSSBI_PT.NEW18.A","OBS_VALUE","World","Cumulative Sustainability Bond Issuances, Percent","New Zealand Dollar","Annual","Units","","","","","","","International Monetary Fund (IMF)","Statistics Department (STA)","datahelp@imf.org","","","","","Environment and climate; Climate finance","","","English","2026-01-08T16:17:00.239243200Z","2026-01-08T16:17:00.292229100Z","","The data are aggregated by country of incorporations, use of proceeds, type of currency and type of issuers (nonfinancial corporations, other financial corporations, banks, state owned entities, sovereign, state and local governments and international organizations). Sovereign green bonds are green bonds issued by central governments and central banks. Compilation of the indicator is based on the methodology used by London Stock Exchange Group, and divergences may be observed when compared to data from other providers. 
The source dataset is based on LSEG (formerly Refinitiv), which contain bond-by-bond issuances for Green Bonds, Social Bonds, Sustainability Bonds, and Sustainability-Linked Bonds starting from 2006 to 2024. Bonds by type encompass investment grade, high-yield, and not-rated bonds, commercial papers, certificates of deposit, and sukuks. By issuer type, bonds encompass government, corporate, agency, non-US munis, and other gov/supra bonds.","Public (Unrestricted)","","Public or Unrestricted","","LSEG. Accessed on 2025-02-24; IMF staff calculations.","© International Monetary Fund Copyright. All Rights Reserved. https://www.imf.org/external/terms.htm","International Monetary Fund. Green Bonds by Type of Currency,  https://data.imf.org/en/datasets/IMF.STA:ESG_FINANCE_CURRENCY. Accessed on [current date].","","","1.078349275"
"IMF.STA:ESG_FINANCE_CURRENCY(3.0.3)","G001.CSSBI_USD.JAPA12.A","OBS_VALUE","World","Cumulative Sustainability Bond Issuances, US dollar","Japanese Yen","Annual","Units","","","","","","","International Monetary Fund (IMF)","Statistics Department (STA)","datahelp@imf.org","","","","","Environment and climate; Climate finance","","","English","2026-01-08T16:17:00.239243200Z","2026-01-08T16:17:00.292229100Z","","The data are aggregated by country of incorporations, use of proceeds, type of currency and type of issuers (nonfinancial corporations, other financial corporations, banks, state owned entities, sovereign, state and local governments and international organizations). Sovereign green bonds are green bonds issued by central governments and central banks. Compilation of the indicator is based on the methodology used by London Stock Exchange Group, and divergences may be observed when compared to data from other providers. 
The source dataset is based on LSEG (formerly Refinitiv), which contain bond-by-bond issuances for Green Bonds, Social Bonds, Sustainability Bonds, and Sustainability-Linked Bonds starting from 2006 to 2024. Bonds by type encompass investment grade, high-yield, and not-rated bonds, commercial papers, certificates of deposit, and sukuks. By issuer type, bonds encompass government, corporate, agency, non-US munis, and other gov/supra bonds.","Public (Unrestricted)","","Public or Unrestricted","","LSEG. Accessed on 2025-02-24; IMF staff calculations.","© International Monetary Fund Copyright. All Rights Reserved. https://www.imf.org/external/terms.htm","International Monetary Fund. Green Bonds by Type of Currency,  https://data.imf.org/en/datasets/IMF.STA:ESG_FINANCE_CURRENCY. Accessed on [current date].","","","22.21434068"
"IMF.STA:ESG_FINANCE_CURRENCY(3.0.3)","G001.CSSBI_PT.PG.A","OBS_VALUE","World","Cumulative Sustainability Bond Issuances, Percent","Paraguayan Guarani","Annual","Units","","","","","","","International Monetary Fund (IMF)","Statistics Department (STA)","datahelp@imf.org","","","","","Environment and climate; Climate finance","","","English","2026-01-08T16:17:00.239243200Z","2026-01-08T16:17:00.292229100Z","","The data are aggregated by country of incorporations, use of proceeds, type of currency and type of issuers (nonfinancial corporations, other financial corporations, banks, state owned entities, sovereign, state and local governments and international organizations). Sovereign green bonds are green bonds issued by central governments and central banks. Compilation of the indicator is based on the methodology used by London Stock Exchange Group, and divergences may be observed when compared to data from other providers. 
The source dataset is based on LSEG (formerly Refinitiv), which contain bond-by-bond issuances for Green Bonds, Social Bonds, Sustainability Bonds, and Sustainability-Linked Bonds starting from 2006 to 2024. Bonds by type encompass investment grade, high-yield, and not-rated bonds, commercial papers, certificates of deposit, and sukuks. By issuer type, bonds encompass government, corporate, agency, non-US munis, and other gov/supra bonds.","Public (Unrestricted)","","Public or Unrestricted","","LSEG. Accessed on 2025-02-24; IMF staff calculations.","© International Monetary Fund Copyright. All Rights Reserved. https://www.imf.org/external/terms.htm","International Monetary Fund. Green Bonds by Type of Currency,  https://data.imf.org/en/datasets/IMF.STA:ESG_FINANCE_CURRENCY. Accessed on [current date].","","","0.00228"
"IMF.STA:ESG_FINANCE_CURRENCY(3.0.3)","G001.CSSLBI_USD.PHIL15.A","OBS_VALUE","World","Cumulative Sustainability Linked Bond Issuances, US dollar","Philippine Peso","Annual","Units","","","","","","","International Monetary Fund (IMF)","Statistics Department (STA)","datahelp@imf.org","","","","","Environment and climate; Climate finance","","","English","2026-01-08T16:17:00.239243200Z","2026-01-08T16:17:00.292229100Z","","The data are aggregated by country of incorporations, use of proceeds, type of currency and type of issuers (nonfinancial corporations, other financial corporations, banks, state owned entities, sovereign, state and local governments and international organizations). Sovereign green bonds are green bonds issued by central governments and central banks. Compilation of the indicator is based on the methodology used by London Stock Exchange Group, and divergences may be observed when compared to data from other providers. 
The source dataset is based on LSEG (formerly Refinitiv), which contain bond-by-bond issuances for Green Bonds, Social Bonds, Sustainability Bonds, and Sustainability-Linked Bonds starting from 2006 to 2024. Bonds by type encompass investment grade, high-yield, and not-rated bonds, commercial papers, certificates of deposit, and sukuks. By issuer type, bonds encompass government, corporate, agency, non-US munis, and other gov/supra bonds.","Public (Unrestricted)","","Public or Unrestricted","","LSEG. Accessed on 2025-02-24; IMF staff calculations.","© International Monetary Fund Copyright. All Rights Reserved. https://www.imf.org/external/terms.htm","International Monetary Fund. Green Bonds by Type of Currency,  https://data.imf.org/en/datasets/IMF.STA:ESG_FINANCE_CURRENCY. Accessed on [current date].","","","1.074785733"
"IMF.STA:ESG_FINANCE_CURRENCY(3.0.3)","G001.CGBI_USD.SING16.A","OBS_VALUE","World","Cumulative Green Bond Issuances, US dollar","Singapore Dollar","Annual","Units","","","","","","","International Monetary Fund (IMF)","Statistics Department (STA)","datahelp@imf.org","","","","","Environment and climate; Climate finance","","","English","2026-01-08T16:17:00.239243200Z","2026-01-08T16:17:00.292229100Z","","The data are aggregated by country of incorporations, use of proceeds, type of currency and type of issuers (nonfinancial corporations, other financial corporations, banks, state owned entities, sovereign, state and local governments and international organizations). Sovereign green bonds are green bonds issued by central governments and central banks. Compilation of the indicator is based on the methodology used by London Stock Exchange Group, and divergences may be observed when compared to data from other providers. 
The source dataset is based on LSEG (formerly Refinitiv), which contain bond-by-bond issuances for Green Bonds, Social Bonds, Sustainability Bonds, and Sustainability-Linked Bonds starting from 2006 to 2024. Bonds by type encompass investment grade, high-yield, and not-rated bonds, commercial papers, certificates of deposit, and sukuks. By issuer type, bonds encompass government, corporate, agency, non-US munis, and other gov/supra bonds.","Public (Unrestricted)","","Public or Unrestricted","","LSEG. Accessed on 2025-02-24; IMF staff calculations.","© International Monetary Fund Copyright. All Rights Reserved. https://www.imf.org/external/terms.htm","International Monetary Fund. Green Bonds by Type of Currency,  https://data.imf.org/en/datasets/IMF.STA:ESG_FINANCE_CURRENCY. Accessed on [current date].","","","17.31388205"
"IMF.STA:ESG_FINANCE_CURRENCY(3.0.3)","G001.CSSLBI_USD.AUST17.A","OBS_VALUE","World","Cumulative Sustainability Linked Bond Issuances, US dollar","Australian Dollar","Annual","Units","","","","","","","International Monetary Fund (IMF)","Statistics Department (STA)","datahelp@imf.org","","","","","Environment and climate; Climate finance","","","English","2026-01-08T16:17:00.239243200Z","2026-01-08T16:17:00.292229100Z","","The data are aggregated by country of incorporations, use of proceeds, type of currency and type of issuers (nonfinancial corporations, other financial corporations, banks, state owned entities, sovereign, state and local governments and international organizations). Sovereign green bonds are green bonds issued by central governments and central banks. Compilation of the indicator is based on the methodology used by London Stock Exchange Group, and divergences may be observed when compared to data from other providers. 
The source dataset is based on LSEG (formerly Refinitiv), which contain bond-by-bond issuances for Green Bonds, Social Bonds, Sustainability Bonds, and Sustainability-Linked Bonds starting from 2006 to 2024. Bonds by type encompass investment grade, high-yield, and not-rated bonds, commercial papers, certificates of deposit, and sukuks. By issuer type, bonds encompass government, corporate, agency, non-US munis, and other gov/supra bonds.","Public (Unrestricted)","","Public or Unrestricted","","LSEG. Accessed on 2025-02-24; IMF staff calculations.","© International Monetary Fund Copyright. All Rights Reserved. https://www.imf.org/external/terms.htm","International Monetary Fund. Green Bonds by Type of Currency,  https://data.imf.org/en/datasets/IMF.STA:ESG_FINANCE_CURRENCY. Accessed on [current date].","","","1.754027567"
"IMF.STA:ESG_FINANCE_CURRENCY(3.0.3)","G001.CGBI_USD.SWIS11.A","OBS_VALUE","World","Cumulative Green Bond Issuances, US dollar","Swiss Franc","Annual","Units","","","","","","","International Monetary Fund (IMF)","Statistics Department (STA)","datahelp@imf.org","","","","","Environment and climate; Climate finance","","","English","2026-01-08T16:17:00.239243200Z","2026-01-08T16:17:00.292229100Z","","The data are aggregated by country of incorporations, use of proceeds, type of currency and type of issuers (nonfinancial corporations, other financial corporations, banks, state owned entities, sovereign, state and local governments and international organizations). Sovereign green bonds are green bonds issued by central governments and central banks. Compilation of the indicator is based on the methodology used by London Stock Exchange Group, and divergences may be observed when compared to data from other providers. 
The source dataset is based on LSEG (formerly Refinitiv), which contain bond-by-bond issuances for Green Bonds, Social Bonds, Sustainability Bonds, and Sustainability-Linked Bonds starting from 2006 to 2024. Bonds by type encompass investment grade, high-yield, and not-rated bonds, commercial papers, certificates of deposit, and sukuks. By issuer type, bonds encompass government, corporate, agency, non-US munis, and other gov/supra bonds.","Public (Unrestricted)","","Public or Unrestricted","","LSEG. Accessed on 2025-02-24; IMF staff calculations.","© International Monetary Fund Copyright. All Rights Reserved. https://www.imf.org/external/terms.htm","International Monetary Fund. Green Bonds by Type of Currency,  https://data.imf.org/en/datasets/IMF.STA:ESG_FINANCE_CURRENCY. Accessed on [current date].","","","40.1476163"
"IMF.STA:ESG_FINANCE_CURRENCY(3.0.3)","G001.CSSBI_USD.NEW18.A","OBS_VALUE","World","Cumulative Sustainability Bond Issuances, US dollar","New Zealand Dollar","Annual","Units","","","","","","","International Monetary Fund (IMF)","Statistics Department (STA)","datahelp@imf.org","","","","","Environment and climate; Climate finance","","","English","2026-01-08T16:17:00.239243200Z","2026-01-08T16:17:00.292229100Z","","The data are aggregated by country of incorporations, use of proceeds, type of currency and type of issuers (nonfinancial corporations, other financial corporations, banks, state owned entities, sovereign, state and local governments and international organizations). Sovereign green bonds are green bonds issued by central governments and central banks. Compilation of the indicator is based on the methodology used by London Stock Exchange Group, and divergences may be observed when compared to data from other providers. 
The source dataset is based on LSEG (formerly Refinitiv), which contain bond-by-bond issuances for Green Bonds, Social Bonds, Sustainability Bonds, and Sustainability-Linked Bonds starting from 2006 to 2024. Bonds by type encompass investment grade, high-yield, and not-rated bonds, commercial papers, certificates of deposit, and sukuks. By issuer type, bonds encompass government, corporate, agency, non-US munis, and other gov/supra bonds.","Public (Unrestricted)","","Public or Unrestricted","","LSEG. Accessed on 2025-02-24; IMF staff calculations.","© International Monetary Fund Copyright. All Rights Reserved. https://www.imf.org/external/terms.htm","International Monetary Fund. Green Bonds by Type of Currency,  https://data.imf.org/en/datasets/IMF.STA:ESG_FINANCE_CURRENCY. Accessed on [current date].","","","11.97079324"
"IMF.STA:ESG_FINANCE_CURRENCY(3.0.3)","G001.CSSBI_PT.CP.A","OBS_VALUE","World","Cumulative Sustainability Bond Issuances, Percent","Chilean Peso","Annual","Units","","","","","","","International Monetary Fund (IMF)","Statistics Department (STA)","datahelp@imf.org","","","","","Environment and climate; Climate finance","","","English","2026-01-08T16:17:00.239243200Z","2026-01-08T16:17:00.292229100Z","","The data are aggregated by country of incorporations, use of proceeds, type of currency and type of issuers (nonfinancial corporations, other financial corporations, banks, state owned entities, sovereign, state and local governments and international organizations). Sovereign green bonds are green bonds issued by central governments and central banks. Compilation of the indicator is based on the methodology used by London Stock Exchange Group, and divergences may be observed when compared to data from other providers. 
The source dataset is based on LSEG (formerly Refinitiv), which contain bond-by-bond issuances for Green Bonds, Social Bonds, Sustainability Bonds, and Sustainability-Linked Bonds starting from 2006 to 2024. Bonds by type encompass investment grade, high-yield, and not-rated bonds, commercial papers, certificates of deposit, and sukuks. By issuer type, bonds encompass government, corporate, agency, non-US munis, and other gov/supra bonds.","Public (Unrestricted)","","Public or Unrestricted","","LSEG. Accessed on 2025-02-24; IMF staff calculations.","© International Monetary Fund Copyright. All Rights Reserved. https://www.imf.org/external/terms.htm","International Monetary Fund. Green Bonds by Type of Currency,  https://data.imf.org/en/datasets/IMF.STA:ESG_FINANCE_CURRENCY. Accessed on [current date].","","","0.243695947"
"IMF.STA:ESG_FINANCE_CURRENCY(3.0.3)","G001.CGBI_USD.CHIL25.A","OBS_VALUE","World","Cumulative Green Bond Issuances, US dollar","Chilean Unidad de Fomento","Annual","Units","","","","","","","International Monetary Fund (IMF)","Statistics Department (STA)","datahelp@imf.org","","","","","Environment and climate; Climate finance","","","English","2026-01-08T16:17:00.239243200Z","2026-01-08T16:17:00.292229100Z","","The data are aggregated by country of incorporations, use of proceeds, type of currency and type of issuers (nonfinancial corporations, other financial corporations, banks, state owned entities, sovereign, state and local governments and international organizations). Sovereign green bonds are green bonds issued by central governments and central banks. Compilation of the indicator is based on the methodology used by London Stock Exchange Group, and divergences may be observed when compared to data from other providers. 
The source dataset is based on LSEG (formerly Refinitiv), which contain bond-by-bond issuances for Green Bonds, Social Bonds, Sustainability Bonds, and Sustainability-Linked Bonds starting from 2006 to 2024. Bonds by type encompass investment grade, high-yield, and not-rated bonds, commercial papers, certificates of deposit, and sukuks. By issuer type, bonds encompass government, corporate, agency, non-US munis, and other gov/supra bonds.","Public (Unrestricted)","","Public or Unrestricted","","LSEG. Accessed on 2025-02-24; IMF staff calculations.","© International Monetary Fund Copyright. All Rights Reserved. https://www.imf.org/external/terms.htm","International Monetary Fund. Green Bonds by Type of Currency,  https://data.imf.org/en/datasets/IMF.STA:ESG_FINANCE_CURRENCY. Accessed on [current date].","","","0.569774"
"IMF.STA:ESG_FINANCE_CURRENCY(3.0.3)","G001.CSSBI_USD.UZS.A","OBS_VALUE","World","Cumulative Sustainability Bond Issuances, US dollar","Uzbekistani Sum","Annual","Units","","","","","","","International Monetary Fund (IMF)","Statistics Department (STA)","datahelp@imf.org","","","","","Environment and climate; Climate finance","","","English","2026-01-08T16:17:00.239243200Z","2026-01-08T16:17:00.292229100Z","","The data are aggregated by country of incorporations, use of proceeds, type of currency and type of issuers (nonfinancial corporations, other financial corporations, banks, state owned entities, sovereign, state and local governments and international organizations). Sovereign green bonds are green bonds issued by central governments and central banks. Compilation of the indicator is based on the methodology used by London Stock Exchange Group, and divergences may be observed when compared to data from other providers. 
The source dataset is based on LSEG (formerly Refinitiv), which contain bond-by-bond issuances for Green Bonds, Social Bonds, Sustainability Bonds, and Sustainability-Linked Bonds starting from 2006 to 2024. Bonds by type encompass investment grade, high-yield, and not-rated bonds, commercial papers, certificates of deposit, and sukuks. By issuer type, bonds encompass government, corporate, agency, non-US munis, and other gov/supra bonds.","Public (Unrestricted)","","Public or Unrestricted","","LSEG. Accessed on 2025-02-24; IMF staff calculations.","© International Monetary Fund Copyright. All Rights Reserved. https://www.imf.org/external/terms.htm","International Monetary Fund. Green Bonds by Type of Currency,  https://data.imf.org/en/datasets/IMF.STA:ESG_FINANCE_CURRENCY. Accessed on [current date].","","","0.736615558"
"IMF.STA:ESG_FINANCE_CURRENCY(3.0.3)","G001.CSBI_PT.GEL.A","OBS_VALUE","World","Cumulative Social Bond Issuances, Percent","Georgian Lari","Annual","Units","","","","","","","International Monetary Fund (IMF)","Statistics Department (STA)","datahelp@imf.org","","","","","Environment and climate; Climate finance","","","English","2026-01-08T16:17:00.239243200Z","2026-01-08T16:17:00.292229100Z","","The data are aggregated by country of incorporations, use of proceeds, type of currency and type of issuers (nonfinancial corporations, other financial corporations, banks, state owned entities, sovereign, state and local governments and international organizations). Sovereign green bonds are green bonds issued by central governments and central banks. Compilation of the indicator is based on the methodology used by London Stock Exchange Group, and divergences may be observed when compared to data from other providers. 
The source dataset is based on LSEG (formerly Refinitiv), which contain bond-by-bond issuances for Green Bonds, Social Bonds, Sustainability Bonds, and Sustainability-Linked Bonds starting from 2006 to 2024. Bonds by type encompass investment grade, high-yield, and not-rated bonds, commercial papers, certificates of deposit, and sukuks. By issuer type, bonds encompass government, corporate, agency, non-US munis, and other gov/supra bonds.","Public (Unrestricted)","","Public or Unrestricted","","LSEG. Accessed on 2025-02-24; IMF staff calculations.","© International Monetary Fund Copyright. All Rights Reserved. https://www.imf.org/external/terms.htm","International Monetary Fund. Green Bonds by Type of Currency,  https://data.imf.org/en/datasets/IMF.STA:ESG_FINANCE_CURRENCY. Accessed on [current date].","","","0.00167"
"IMF.STA:ESG_FINANCE_CURRENCY(3.0.3)","G001.CSBI_USD.CHIN12.A","OBS_VALUE","World","Cumulative Social Bond Issuances, US dollar","Chinese Yuan","Annual","Units","","","","","","","International Monetary Fund (IMF)","Statistics Department (STA)","datahelp@imf.org","","","","","Environment and climate; Climate finance","","","English","2026-01-08T16:17:00.239243200Z","2026-01-08T16:17:00.292229100Z","","The data are aggregated by country of incorporations, use of proceeds, type of currency and type of issuers (nonfinancial corporations, other financial corporations, banks, state owned entities, sovereign, state and local governments and international organizations). Sovereign green bonds are green bonds issued by central governments and central banks. Compilation of the indicator is based on the methodology used by London Stock Exchange Group, and divergences may be observed when compared to data from other providers. 
The source dataset is based on LSEG (formerly Refinitiv), which contain bond-by-bond issuances for Green Bonds, Social Bonds, Sustainability Bonds, and Sustainability-Linked Bonds starting from 2006 to 2024. Bonds by type encompass investment grade, high-yield, and not-rated bonds, commercial papers, certificates of deposit, and sukuks. By issuer type, bonds encompass government, corporate, agency, non-US munis, and other gov/supra bonds.","Public (Unrestricted)","","Public or Unrestricted","","LSEG. Accessed on 2025-02-24; IMF staff calculations.","© International Monetary Fund Copyright. All Rights Reserved. https://www.imf.org/external/terms.htm","International Monetary Fund. Green Bonds by Type of Currency,  https://data.imf.org/en/datasets/IMF.STA:ESG_FINANCE_CURRENCY. Accessed on [current date].","","","6.286410783"
"IMF.STA:ESG_FINANCE_CURRENCY(3.0.3)","G001.CGBI_PT.KES.A","OBS_VALUE","World","Cumulative Green Bond Issuances, Percent","Kenyan Shilling","Annual","Units","","","","","","","International Monetary Fund (IMF)","Statistics Department (STA)","datahelp@imf.org","","","","","Environment and climate; Climate finance","","","English","2026-01-08T16:17:00.239243200Z","2026-01-08T16:17:00.292229100Z","","The data are aggregated by country of incorporations, use of proceeds, type of currency and type of issuers (nonfinancial corporations, other financial corporations, banks, state owned entities, sovereign, state and local governments and international organizations). Sovereign green bonds are green bonds issued by central governments and central banks. Compilation of the indicator is based on the methodology used by London Stock Exchange Group, and divergences may be observed when compared to data from other providers. 
The source dataset is based on LSEG (formerly Refinitiv), which contain bond-by-bond issuances for Green Bonds, Social Bonds, Sustainability Bonds, and Sustainability-Linked Bonds starting from 2006 to 2024. Bonds by type encompass investment grade, high-yield, and not-rated bonds, commercial papers, certificates of deposit, and sukuks. By issuer type, bonds encompass government, corporate, agency, non-US munis, and other gov/supra bonds.","Public (Unrestricted)","","Public or Unrestricted","","LSEG. Accessed on 2025-02-24; IMF staff calculations.","© International Monetary Fund Copyright. All Rights Reserved. https://www.imf.org/external/terms.htm","International Monetary Fund. Green Bonds by Type of Currency,  https://data.imf.org/en/datasets/IMF.STA:ESG_FINANCE_CURRENCY. Accessed on [current date].","","","0.000172"
"IMF.STA:ESG_FINANCE_CURRENCY(3.0.3)","G001.CSSBI_USD.UH.A","OBS_VALUE","World","Cumulative Sustainability Bond Issuances, US dollar","Ukrainian Hryvnia","Annual","Units","","","","","","","International Monetary Fund (IMF)","Statistics Department (STA)","datahelp@imf.org","","","","","Environment and climate; Climate finance","","","English","2026-01-08T16:17:00.239243200Z","2026-01-08T16:17:00.292229100Z","","The data are aggregated by country of incorporations, use of proceeds, type of currency and type of issuers (nonfinancial corporations, other financial corporations, banks, state owned entities, sovereign, state and local governments and international organizations). Sovereign green bonds are green bonds issued by central governments and central banks. Compilation of the indicator is based on the methodology used by London Stock Exchange Group, and divergences may be observed when compared to data from other providers. 
The source dataset is based on LSEG (formerly Refinitiv), which contain bond-by-bond issuances for Green Bonds, Social Bonds, Sustainability Bonds, and Sustainability-Linked Bonds starting from 2006 to 2024. Bonds by type encompass investment grade, high-yield, and not-rated bonds, commercial papers, certificates of deposit, and sukuks. By issuer type, bonds encompass government, corporate, agency, non-US munis, and other gov/supra bonds.","Public (Unrestricted)","","Public or Unrestricted","","LSEG. Accessed on 2025-02-24; IMF staff calculations.","© International Monetary Fund Copyright. All Rights Reserved. https://www.imf.org/external/terms.htm","International Monetary Fund. Green Bonds by Type of Currency,  https://data.imf.org/en/datasets/IMF.STA:ESG_FINANCE_CURRENCY. Accessed on [current date].","","","0.008347856"
"IMF.STA:ESG_FINANCE_CURRENCY(3.0.3)","G001.CSSLBI_USD.SKW.A","OBS_VALUE","World","Cumulative Sustainability Linked Bond Issuances, US dollar","South Korean Won","Annual","Units","","","","","","","International Monetary Fund (IMF)","Statistics Department (STA)","datahelp@imf.org","","","","","Environment and climate; Climate finance","","","English","2026-01-08T16:17:00.239243200Z","2026-01-08T16:17:00.292229100Z","","The data are aggregated by country of incorporations, use of proceeds, type of currency and type of issuers (nonfinancial corporations, other financial corporations, banks, state owned entities, sovereign, state and local governments and international organizations). Sovereign green bonds are green bonds issued by central governments and central banks. Compilation of the indicator is based on the methodology used by London Stock Exchange Group, and divergences may be observed when compared to data from other providers. 
The source dataset is based on LSEG (formerly Refinitiv), which contain bond-by-bond issuances for Green Bonds, Social Bonds, Sustainability Bonds, and Sustainability-Linked Bonds starting from 2006 to 2024. Bonds by type encompass investment grade, high-yield, and not-rated bonds, commercial papers, certificates of deposit, and sukuks. By issuer type, bonds encompass government, corporate, agency, non-US munis, and other gov/supra bonds.","Public (Unrestricted)","","Public or Unrestricted","","LSEG. Accessed on 2025-02-24; IMF staff calculations.","© International Monetary Fund Copyright. All Rights Reserved. https://www.imf.org/external/terms.htm","International Monetary Fund. Green Bonds by Type of Currency,  https://data.imf.org/en/datasets/IMF.STA:ESG_FINANCE_CURRENCY. Accessed on [current date].","","","0.258236048"
"IMF.STA:ESG_FINANCE_CURRENCY(3.0.3)","G001.CSBI_PT.EURO4.A","OBS_VALUE","World","Cumulative Social Bond Issuances, Percent","Euro","Annual","Units","","","","","","","International Monetary Fund (IMF)","Statistics Department (STA)","datahelp@imf.org","","","","","Environment and climate; Climate finance","","","English","2026-01-08T16:17:00.239243200Z","2026-01-08T16:17:00.292229100Z","","The data are aggregated by country of incorporations, use of proceeds, type of currency and type of issuers (nonfinancial corporations, other financial corporations, banks, state owned entities, sovereign, state and local governments and international organizations). Sovereign green bonds are green bonds issued by central governments and central banks. Compilation of the indicator is based on the methodology used by London Stock Exchange Group, and divergences may be observed when compared to data from other providers. 
The source dataset is based on LSEG (formerly Refinitiv), which contain bond-by-bond issuances for Green Bonds, Social Bonds, Sustainability Bonds, and Sustainability-Linked Bonds starting from 2006 to 2024. Bonds by type encompass investment grade, high-yield, and not-rated bonds, commercial papers, certificates of deposit, and sukuks. By issuer type, bonds encompass government, corporate, agency, non-US munis, and other gov/supra bonds.","Public (Unrestricted)","","Public or Unrestricted","","LSEG. Accessed on 2025-02-24; IMF staff calculations.","© International Monetary Fund Copyright. All Rights Reserved. https://www.imf.org/external/terms.htm","International Monetary Fund. Green Bonds by Type of Currency,  https://data.imf.org/en/datasets/IMF.STA:ESG_FINANCE_CURRENCY. Accessed on [current date].","","","45.69158674"
"IMF.STA:ESG_FINANCE_CURRENCY(3.0.3)","G001.CSBI_USD.COLUVR.A","OBS_VALUE","World","Cumulative Social Bond Issuances, US dollar","Colombian Unidad de Valor Real","Annual","Units","","","","","","","International Monetary Fund (IMF)","Statistics Department (STA)","datahelp@imf.org","","","","","Environment and climate; Climate finance","","","English","2026-01-08T16:17:00.239243200Z","2026-01-08T16:17:00.292229100Z","","The data are aggregated by country of incorporations, use of proceeds, type of currency and type of issuers (nonfinancial corporations, other financial corporations, banks, state owned entities, sovereign, state and local governments and international organizations). Sovereign green bonds are green bonds issued by central governments and central banks. Compilation of the indicator is based on the methodology used by London Stock Exchange Group, and divergences may be observed when compared to data from other providers. 
The source dataset is based on LSEG (formerly Refinitiv), which contain bond-by-bond issuances for Green Bonds, Social Bonds, Sustainability Bonds, and Sustainability-Linked Bonds starting from 2006 to 2024. Bonds by type encompass investment grade, high-yield, and not-rated bonds, commercial papers, certificates of deposit, and sukuks. By issuer type, bonds encompass government, corporate, agency, non-US munis, and other gov/supra bonds.","Public (Unrestricted)","","Public or Unrestricted","","LSEG. Accessed on 2025-02-24; IMF staff calculations.","© International Monetary Fund Copyright. All Rights Reserved. https://www.imf.org/external/terms.htm","International Monetary Fund. Green Bonds by Type of Currency,  https://data.imf.org/en/datasets/IMF.STA:ESG_FINANCE_CURRENCY. Accessed on [current date].","","","0.030780752"
"IMF.STA:ESG_FINANCE_CURRENCY(3.0.3)","G001.CSSBI_PT.CHIL25.A","OBS_VALUE","World","Cumulative Sustainability Bond Issuances, Percent","Chilean Unidad de Fomento","Annual","Units","","","","","","","International Monetary Fund (IMF)","Statistics Department (STA)","datahelp@imf.org","","","","","Environment and climate; Climate finance","","","English","2026-01-08T16:17:00.239243200Z","2026-01-08T16:17:00.292229100Z","","The data are aggregated by country of incorporations, use of proceeds, type of currency and type of issuers (nonfinancial corporations, other financial corporations, banks, state owned entities, sovereign, state and local governments and international organizations). Sovereign green bonds are green bonds issued by central governments and central banks. Compilation of the indicator is based on the methodology used by London Stock Exchange Group, and divergences may be observed when compared to data from other providers. 
The source dataset is based on LSEG (formerly Refinitiv), which contain bond-by-bond issuances for Green Bonds, Social Bonds, Sustainability Bonds, and Sustainability-Linked Bonds starting from 2006 to 2024. Bonds by type encompass investment grade, high-yield, and not-rated bonds, commercial papers, certificates of deposit, and sukuks. By issuer type, bonds encompass government, corporate, agency, non-US munis, and other gov/supra bonds.","Public (Unrestricted)","","Public or Unrestricted","","LSEG. Accessed on 2025-02-24; IMF staff calculations.","© International Monetary Fund Copyright. All Rights Reserved. https://www.imf.org/external/terms.htm","International Monetary Fund. Green Bonds by Type of Currency,  https://data.imf.org/en/datasets/IMF.STA:ESG_FINANCE_CURRENCY. Accessed on [current date].","","","0.0534"
"IMF.STA:ESG_FINANCE_CURRENCY(3.0.3)","G001.CGBI_USD.CANA15.A","OBS_VALUE","World","Cumulative Green Bond Issuances, US dollar","Canadian Dollar","Annual","Units","","","","","","","International Monetary Fund (IMF)","Statistics Department (STA)","datahelp@imf.org","","","","","Environment and climate; Climate finance","","","English","2026-01-08T16:17:00.239243200Z","2026-01-08T16:17:00.292229100Z","","The data are aggregated by country of incorporations, use of proceeds, type of currency and type of issuers (nonfinancial corporations, other financial corporations, banks, state owned entities, sovereign, state and local governments and international organizations). Sovereign green bonds are green bonds issued by central governments and central banks. Compilation of the indicator is based on the methodology used by London Stock Exchange Group, and divergences may be observed when compared to data from other providers. 
The source dataset is based on LSEG (formerly Refinitiv), which contain bond-by-bond issuances for Green Bonds, Social Bonds, Sustainability Bonds, and Sustainability-Linked Bonds starting from 2006 to 2024. Bonds by type encompass investment grade, high-yield, and not-rated bonds, commercial papers, certificates of deposit, and sukuks. By issuer type, bonds encompass government, corporate, agency, non-US munis, and other gov/supra bonds.","Public (Unrestricted)","","Public or Unrestricted","","LSEG. Accessed on 2025-02-24; IMF staff calculations.","© International Monetary Fund Copyright. All Rights Reserved. https://www.imf.org/external/terms.htm","International Monetary Fund. Green Bonds by Type of Currency,  https://data.imf.org/en/datasets/IMF.STA:ESG_FINANCE_CURRENCY. Accessed on [current date].","","","72.51430037"
"IMF.STA:ESG_FINANCE_CURRENCY(3.0.3)","G001.CGBI_PT.MEXI12.A","OBS_VALUE","World","Cumulative Green Bond Issuances, Percent","Mexican Peso","Annual","Units","","","","","","","International Monetary Fund (IMF)","Statistics Department (STA)","datahelp@imf.org","","","","","Environment and climate; Climate finance","","","English","2026-01-08T16:17:00.239243200Z","2026-01-08T16:17:00.292229100Z","","The data are aggregated by country of incorporations, use of proceeds, type of currency and type of issuers (nonfinancial corporations, other financial corporations, banks, state owned entities, sovereign, state and local governments and international organizations). Sovereign green bonds are green bonds issued by central governments and central banks. Compilation of the indicator is based on the methodology used by London Stock Exchange Group, and divergences may be observed when compared to data from other providers. 
The source dataset is based on LSEG (formerly Refinitiv), which contain bond-by-bond issuances for Green Bonds, Social Bonds, Sustainability Bonds, and Sustainability-Linked Bonds starting from 2006 to 2024. Bonds by type encompass investment grade, high-yield, and not-rated bonds, commercial papers, certificates of deposit, and sukuks. By issuer type, bonds encompass government, corporate, agency, non-US munis, and other gov/supra bonds.","Public (Unrestricted)","","Public or Unrestricted","","LSEG. Accessed on 2025-02-24; IMF staff calculations.","© International Monetary Fund Copyright. All Rights Reserved. https://www.imf.org/external/terms.htm","International Monetary Fund. Green Bonds by Type of Currency,  https://data.imf.org/en/datasets/IMF.STA:ESG_FINANCE_CURRENCY. Accessed on [current date].","","","0.153933924"
"IMF.STA:ESG_FINANCE_CURRENCY(3.0.3)","G001.CSSBI_PT.CHIN12.A","OBS_VALUE","World","Cumulative Sustainability Bond Issuances, Percent","Chinese Yuan","Annual","Units","","","","","","","International Monetary Fund (IMF)","Statistics Department (STA)","datahelp@imf.org","","","","","Environment and climate; Climate finance","","","English","2026-01-08T16:17:00.239243200Z","2026-01-08T16:17:00.292229100Z","","The data are aggregated by country of incorporations, use of proceeds, type of currency and type of issuers (nonfinancial corporations, other financial corporations, banks, state owned entities, sovereign, state and local governments and international organizations). Sovereign green bonds are green bonds issued by central governments and central banks. Compilation of the indicator is based on the methodology used by London Stock Exchange Group, and divergences may be observed when compared to data from other providers. 
The source dataset is based on LSEG (formerly Refinitiv), which contain bond-by-bond issuances for Green Bonds, Social Bonds, Sustainability Bonds, and Sustainability-Linked Bonds starting from 2006 to 2024. Bonds by type encompass investment grade, high-yield, and not-rated bonds, commercial papers, certificates of deposit, and sukuks. By issuer type, bonds encompass government, corporate, agency, non-US munis, and other gov/supra bonds.","Public (Unrestricted)","","Public or Unrestricted","","LSEG. Accessed on 2025-02-24; IMF staff calculations.","© International Monetary Fund Copyright. All Rights Reserved. https://www.imf.org/external/terms.htm","International Monetary Fund. Green Bonds by Type of Currency,  https://data.imf.org/en/datasets/IMF.STA:ESG_FINANCE_CURRENCY. Accessed on [current date].","","","0.985892399"
"IMF.STA:ESG_FINANCE_CURRENCY(3.0.3)","G001.CSSBI_USD.USD9.A","OBS_VALUE","World","Cumulative Sustainability Bond Issuances, US dollar","US Dollar","Annual","Units","","","","","","","International Monetary Fund (IMF)","Statistics Department (STA)","datahelp@imf.org","","","","","Environment and climate; Climate finance","","","English","2026-01-08T16:17:00.239243200Z","2026-01-08T16:17:00.292229100Z","","The data are aggregated by country of incorporations, use of proceeds, type of currency and type of issuers (nonfinancial corporations, other financial corporations, banks, state owned entities, sovereign, state and local governments and international organizations). Sovereign green bonds are green bonds issued by central governments and central banks. Compilation of the indicator is based on the methodology used by London Stock Exchange Group, and divergences may be observed when compared to data from other providers. 
The source dataset is based on LSEG (formerly Refinitiv), which contain bond-by-bond issuances for Green Bonds, Social Bonds, Sustainability Bonds, and Sustainability-Linked Bonds starting from 2006 to 2024. Bonds by type encompass investment grade, high-yield, and not-rated bonds, commercial papers, certificates of deposit, and sukuks. By issuer type, bonds encompass government, corporate, agency, non-US munis, and other gov/supra bonds.","Public (Unrestricted)","","Public or Unrestricted","","LSEG. Accessed on 2025-02-24; IMF staff calculations.","© International Monetary Fund Copyright. All Rights Reserved. https://www.imf.org/external/terms.htm","International Monetary Fund. Green Bonds by Type of Currency,  https://data.imf.org/en/datasets/IMF.STA:ESG_FINANCE_CURRENCY. Accessed on [current date].","","","571.9736266"
"IMF.STA:ESG_FINANCE_CURRENCY(3.0.3)","G001.CSSBI_PT.UZS.A","OBS_VALUE","World","Cumulative Sustainability Bond Issuances, Percent","Uzbekistani Sum","Annual","Units","","","","","","","International Monetary Fund (IMF)","Statistics Department (STA)","datahelp@imf.org","","","","","Environment and climate; Climate finance","","","English","2026-01-08T16:17:00.239243200Z","2026-01-08T16:17:00.292229100Z","","The data are aggregated by country of incorporations, use of proceeds, type of currency and type of issuers (nonfinancial corporations, other financial corporations, banks, state owned entities, sovereign, state and local governments and international organizations). Sovereign green bonds are green bonds issued by central governments and central banks. Compilation of the indicator is based on the methodology used by London Stock Exchange Group, and divergences may be observed when compared to data from other providers. 
The source dataset is based on LSEG (formerly Refinitiv), which contain bond-by-bond issuances for Green Bonds, Social Bonds, Sustainability Bonds, and Sustainability-Linked Bonds starting from 2006 to 2024. Bonds by type encompass investment grade, high-yield, and not-rated bonds, commercial papers, certificates of deposit, and sukuks. By issuer type, bonds encompass government, corporate, agency, non-US munis, and other gov/supra bonds.","Public (Unrestricted)","","Public or Unrestricted","","LSEG. Accessed on 2025-02-24; IMF staff calculations.","© International Monetary Fund Copyright. All Rights Reserved. https://www.imf.org/external/terms.htm","International Monetary Fund. Green Bonds by Type of Currency,  https://data.imf.org/en/datasets/IMF.STA:ESG_FINANCE_CURRENCY. Accessed on [current date].","","","0.0664"
"IMF.STA:ESG_FINANCE_CURRENCY(3.0.3)","G001.CSSLBI_USD.MEXI12.A","OBS_VALUE","World","Cumulative Sustainability Linked Bond Issuances, US dollar","Mexican Peso","Annual","Units","","","","","","","International Monetary Fund (IMF)","Statistics Department (STA)","datahelp@imf.org","","","","","Environment and climate; Climate finance","","","English","2026-01-08T16:17:00.239243200Z","2026-01-08T16:17:00.292229100Z","","The data are aggregated by country of incorporations, use of proceeds, type of currency and type of issuers (nonfinancial corporations, other financial corporations, banks, state owned entities, sovereign, state and local governments and international organizations). Sovereign green bonds are green bonds issued by central governments and central banks. Compilation of the indicator is based on the methodology used by London Stock Exchange Group, and divergences may be observed when compared to data from other providers. 
The source dataset is based on LSEG (formerly Refinitiv), which contain bond-by-bond issuances for Green Bonds, Social Bonds, Sustainability Bonds, and Sustainability-Linked Bonds starting from 2006 to 2024. Bonds by type encompass investment grade, high-yield, and not-rated bonds, commercial papers, certificates of deposit, and sukuks. By issuer type, bonds encompass government, corporate, agency, non-US munis, and other gov/supra bonds.","Public (Unrestricted)","","Public or Unrestricted","","LSEG. Accessed on 2025-02-24; IMF staff calculations.","© International Monetary Fund Copyright. All Rights Reserved. https://www.imf.org/external/terms.htm","International Monetary Fund. Green Bonds by Type of Currency,  https://data.imf.org/en/datasets/IMF.STA:ESG_FINANCE_CURRENCY. Accessed on [current date].","","","6.901008126"
"IMF.STA:ESG_FINANCE_CURRENCY(3.0.3)","G001.CGBI_USD.INDO17.A","OBS_VALUE","World","Cumulative Green Bond Issuances, US dollar","Indonesian Rupiah","Annual","Units","","","","","","","International Monetary Fund (IMF)","Statistics Department (STA)","datahelp@imf.org","","","","","Environment and climate; Climate finance","","","English","2026-01-08T16:17:00.239243200Z","2026-01-08T16:17:00.292229100Z","","The data are aggregated by country of incorporations, use of proceeds, type of currency and type of issuers (nonfinancial corporations, other financial corporations, banks, state owned entities, sovereign, state and local governments and international organizations). Sovereign green bonds are green bonds issued by central governments and central banks. Compilation of the indicator is based on the methodology used by London Stock Exchange Group, and divergences may be observed when compared to data from other providers. 
The source dataset is based on LSEG (formerly Refinitiv), which contain bond-by-bond issuances for Green Bonds, Social Bonds, Sustainability Bonds, and Sustainability-Linked Bonds starting from 2006 to 2024. Bonds by type encompass investment grade, high-yield, and not-rated bonds, commercial papers, certificates of deposit, and sukuks. By issuer type, bonds encompass government, corporate, agency, non-US munis, and other gov/supra bonds.","Public (Unrestricted)","","Public or Unrestricted","","LSEG. Accessed on 2025-02-24; IMF staff calculations.","© International Monetary Fund Copyright. All Rights Reserved. https://www.imf.org/external/terms.htm","International Monetary Fund. Green Bonds by Type of Currency,  https://data.imf.org/en/datasets/IMF.STA:ESG_FINANCE_CURRENCY. Accessed on [current date].","","","6.117580813"
"IMF.STA:ESG_FINANCE_CURRENCY(3.0.3)","G001.CSBI_USD.MEXI17.A","OBS_VALUE","World","Cumulative Social Bond Issuances, US dollar","Mexican Unidad de Inversion","Annual","Units","","","","","","","International Monetary Fund (IMF)","Statistics Department (STA)","datahelp@imf.org","","","","","Environment and climate; Climate finance","","","English","2026-01-08T16:17:00.239243200Z","2026-01-08T16:17:00.292229100Z","","The data are aggregated by country of incorporations, use of proceeds, type of currency and type of issuers (nonfinancial corporations, other financial corporations, banks, state owned entities, sovereign, state and local governments and international organizations). Sovereign green bonds are green bonds issued by central governments and central banks. Compilation of the indicator is based on the methodology used by London Stock Exchange Group, and divergences may be observed when compared to data from other providers. 
The source dataset is based on LSEG (formerly Refinitiv), which contain bond-by-bond issuances for Green Bonds, Social Bonds, Sustainability Bonds, and Sustainability-Linked Bonds starting from 2006 to 2024. Bonds by type encompass investment grade, high-yield, and not-rated bonds, commercial papers, certificates of deposit, and sukuks. By issuer type, bonds encompass government, corporate, agency, non-US munis, and other gov/supra bonds.","Public (Unrestricted)","","Public or Unrestricted","","LSEG. Accessed on 2025-02-24; IMF staff calculations.","© International Monetary Fund Copyright. All Rights Reserved. https://www.imf.org/external/terms.htm","International Monetary Fund. Green Bonds by Type of Currency,  https://data.imf.org/en/datasets/IMF.STA:ESG_FINANCE_CURRENCY. Accessed on [current date].","","","0.138777566"
"IMF.STA:ESG_FINANCE_CURRENCY(3.0.3)","G001.CSSBI_USD.TURK12.A","OBS_VALUE","World","Cumulative Sustainability Bond Issuances, US dollar","Turkish Lira","Annual","Units","","","","","","","International Monetary Fund (IMF)","Statistics Department (STA)","datahelp@imf.org","","","","","Environment and climate; Climate finance","","","English","2026-01-08T16:17:00.239243200Z","2026-01-08T16:17:00.292229100Z","","The data are aggregated by country of incorporations, use of proceeds, type of currency and type of issuers (nonfinancial corporations, other financial corporations, banks, state owned entities, sovereign, state and local governments and international organizations). Sovereign green bonds are green bonds issued by central governments and central banks. Compilation of the indicator is based on the methodology used by London Stock Exchange Group, and divergences may be observed when compared to data from other providers. 
The source dataset is based on LSEG (formerly Refinitiv), which contain bond-by-bond issuances for Green Bonds, Social Bonds, Sustainability Bonds, and Sustainability-Linked Bonds starting from 2006 to 2024. Bonds by type encompass investment grade, high-yield, and not-rated bonds, commercial papers, certificates of deposit, and sukuks. By issuer type, bonds encompass government, corporate, agency, non-US munis, and other gov/supra bonds.","Public (Unrestricted)","","Public or Unrestricted","","LSEG. Accessed on 2025-02-24; IMF staff calculations.","© International Monetary Fund Copyright. All Rights Reserved. https://www.imf.org/external/terms.htm","International Monetary Fund. Green Bonds by Type of Currency,  https://data.imf.org/en/datasets/IMF.STA:ESG_FINANCE_CURRENCY. Accessed on [current date].","","","0.322759977"
"IMF.STA:ESG_FINANCE_CURRENCY(3.0.3)","G001.CSBI_USD.BRIT13.A","OBS_VALUE","World","Cumulative Social Bond Issuances, US dollar","British Pound","Annual","Units","","","","","","","International Monetary Fund (IMF)","Statistics Department (STA)","datahelp@imf.org","","","","","Environment and climate; Climate finance","","","English","2026-01-08T16:17:00.239243200Z","2026-01-08T16:17:00.292229100Z","","The data are aggregated by country of incorporations, use of proceeds, type of currency and type of issuers (nonfinancial corporations, other financial corporations, banks, state owned entities, sovereign, state and local governments and international organizations). Sovereign green bonds are green bonds issued by central governments and central banks. Compilation of the indicator is based on the methodology used by London Stock Exchange Group, and divergences may be observed when compared to data from other providers. 
The source dataset is based on LSEG (formerly Refinitiv), which contain bond-by-bond issuances for Green Bonds, Social Bonds, Sustainability Bonds, and Sustainability-Linked Bonds starting from 2006 to 2024. Bonds by type encompass investment grade, high-yield, and not-rated bonds, commercial papers, certificates of deposit, and sukuks. By issuer type, bonds encompass government, corporate, agency, non-US munis, and other gov/supra bonds.","Public (Unrestricted)","","Public or Unrestricted","","LSEG. Accessed on 2025-02-24; IMF staff calculations.","© International Monetary Fund Copyright. All Rights Reserved. https://www.imf.org/external/terms.htm","International Monetary Fund. Green Bonds by Type of Currency,  https://data.imf.org/en/datasets/IMF.STA:ESG_FINANCE_CURRENCY. Accessed on [current date].","","","14.39229996"
"IMF.STA:ESG_FINANCE_CURRENCY(3.0.3)","G001.CSBI_USD.PHIL15.A","OBS_VALUE","World","Cumulative Social Bond Issuances, US dollar","Philippine Peso","Annual","Units","","","","","","","International Monetary Fund (IMF)","Statistics Department (STA)","datahelp@imf.org","","","","","Environment and climate; Climate finance","","","English","2026-01-08T16:17:00.239243200Z","2026-01-08T16:17:00.292229100Z","","The data are aggregated by country of incorporations, use of proceeds, type of currency and type of issuers (nonfinancial corporations, other financial corporations, banks, state owned entities, sovereign, state and local governments and international organizations). Sovereign green bonds are green bonds issued by central governments and central banks. Compilation of the indicator is based on the methodology used by London Stock Exchange Group, and divergences may be observed when compared to data from other providers. 
The source dataset is based on LSEG (formerly Refinitiv), which contain bond-by-bond issuances for Green Bonds, Social Bonds, Sustainability Bonds, and Sustainability-Linked Bonds starting from 2006 to 2024. Bonds by type encompass investment grade, high-yield, and not-rated bonds, commercial papers, certificates of deposit, and sukuks. By issuer type, bonds encompass government, corporate, agency, non-US munis, and other gov/supra bonds.","Public (Unrestricted)","","Public or Unrestricted","","LSEG. Accessed on 2025-02-24; IMF staff calculations.","© International Monetary Fund Copyright. All Rights Reserved. https://www.imf.org/external/terms.htm","International Monetary Fund. Green Bonds by Type of Currency,  https://data.imf.org/en/datasets/IMF.STA:ESG_FINANCE_CURRENCY. Accessed on [current date].","","","0.715765378"
"IMF.STA:ESG_FINANCE_CURRENCY(3.0.3)","G001.CSSLBI_PT.AUST17.A","OBS_VALUE","World","Cumulative Sustainability Linked Bond Issuances, Percent","Australian Dollar","Annual","Units","","","","","","","International Monetary Fund (IMF)","Statistics Department (STA)","datahelp@imf.org","","","","","Environment and climate; Climate finance","","","English","2026-01-08T16:17:00.239243200Z","2026-01-08T16:17:00.292229100Z","","The data are aggregated by country of incorporations, use of proceeds, type of currency and type of issuers (nonfinancial corporations, other financial corporations, banks, state owned entities, sovereign, state and local governments and international organizations). Sovereign green bonds are green bonds issued by central governments and central banks. Compilation of the indicator is based on the methodology used by London Stock Exchange Group, and divergences may be observed when compared to data from other providers. 
The source dataset is based on LSEG (formerly Refinitiv), which contain bond-by-bond issuances for Green Bonds, Social Bonds, Sustainability Bonds, and Sustainability-Linked Bonds starting from 2006 to 2024. Bonds by type encompass investment grade, high-yield, and not-rated bonds, commercial papers, certificates of deposit, and sukuks. By issuer type, bonds encompass government, corporate, agency, non-US munis, and other gov/supra bonds.","Public (Unrestricted)","","Public or Unrestricted","","LSEG. Accessed on 2025-02-24; IMF staff calculations.","© International Monetary Fund Copyright. All Rights Reserved. https://www.imf.org/external/terms.htm","International Monetary Fund. Green Bonds by Type of Currency,  https://data.imf.org/en/datasets/IMF.STA:ESG_FINANCE_CURRENCY. Accessed on [current date].","","","0.504128665"
"IMF.STA:ESG_FINANCE_CURRENCY(3.0.3)","G001.CGBI_USD.SWED13.A","OBS_VALUE","World","Cumulative Green Bond Issuances, US dollar","Swedish Krona","Annual","Units","","","","","","","International Monetary Fund (IMF)","Statistics Department (STA)","datahelp@imf.org","","","","","Environment and climate; Climate finance","","","English","2026-01-08T16:17:00.239243200Z","2026-01-08T16:17:00.292229100Z","","The data are aggregated by country of incorporations, use of proceeds, type of currency and type of issuers (nonfinancial corporations, other financial corporations, banks, state owned entities, sovereign, state and local governments and international organizations). Sovereign green bonds are green bonds issued by central governments and central banks. Compilation of the indicator is based on the methodology used by London Stock Exchange Group, and divergences may be observed when compared to data from other providers. 
The source dataset is based on LSEG (formerly Refinitiv), which contain bond-by-bond issuances for Green Bonds, Social Bonds, Sustainability Bonds, and Sustainability-Linked Bonds starting from 2006 to 2024. Bonds by type encompass investment grade, high-yield, and not-rated bonds, commercial papers, certificates of deposit, and sukuks. By issuer type, bonds encompass government, corporate, agency, non-US munis, and other gov/supra bonds.","Public (Unrestricted)","","Public or Unrestricted","","LSEG. Accessed on 2025-02-24; IMF staff calculations.","© International Monetary Fund Copyright. All Rights Reserved. https://www.imf.org/external/terms.htm","International Monetary Fund. Green Bonds by Type of Currency,  https://data.imf.org/en/datasets/IMF.STA:ESG_FINANCE_CURRENCY. Accessed on [current date].","","","112.8781691"
"IMF.STA:ESG_FINANCE_CURRENCY(3.0.3)","G001.CSSLBI_PT.BRIT13.A","OBS_VALUE","World","Cumulative Sustainability Linked Bond Issuances, Percent","British Pound","Annual","Units","","","","","","","International Monetary Fund (IMF)","Statistics Department (STA)","datahelp@imf.org","","","","","Environment and climate; Climate finance","","","English","2026-01-08T16:17:00.239243200Z","2026-01-08T16:17:00.292229100Z","","The data are aggregated by country of incorporations, use of proceeds, type of currency and type of issuers (nonfinancial corporations, other financial corporations, banks, state owned entities, sovereign, state and local governments and international organizations). Sovereign green bonds are green bonds issued by central governments and central banks. Compilation of the indicator is based on the methodology used by London Stock Exchange Group, and divergences may be observed when compared to data from other providers. 
The source dataset is based on LSEG (formerly Refinitiv), which contain bond-by-bond issuances for Green Bonds, Social Bonds, Sustainability Bonds, and Sustainability-Linked Bonds starting from 2006 to 2024. Bonds by type encompass investment grade, high-yield, and not-rated bonds, commercial papers, certificates of deposit, and sukuks. By issuer type, bonds encompass government, corporate, agency, non-US munis, and other gov/supra bonds.","Public (Unrestricted)","","Public or Unrestricted","","LSEG. Accessed on 2025-02-24; IMF staff calculations.","© International Monetary Fund Copyright. All Rights Reserved. https://www.imf.org/external/terms.htm","International Monetary Fund. Green Bonds by Type of Currency,  https://data.imf.org/en/datasets/IMF.STA:ESG_FINANCE_CURRENCY. Accessed on [current date].","","","1.451997692"
"IMF.STA:ESG_FINANCE_CURRENCY(3.0.3)","G001.CSSLBI_PT.BRAZ14.A","OBS_VALUE","World","Cumulative Sustainability Linked Bond Issuances, Percent","Brazilian Real","Annual","Units","","","","","","","International Monetary Fund (IMF)","Statistics Department (STA)","datahelp@imf.org","","","","","Environment and climate; Climate finance","","","English","2026-01-08T16:17:00.239243200Z","2026-01-08T16:17:00.292229100Z","","The data are aggregated by country of incorporations, use of proceeds, type of currency and type of issuers (nonfinancial corporations, other financial corporations, banks, state owned entities, sovereign, state and local governments and international organizations). Sovereign green bonds are green bonds issued by central governments and central banks. Compilation of the indicator is based on the methodology used by London Stock Exchange Group, and divergences may be observed when compared to data from other providers. 
The source dataset is based on LSEG (formerly Refinitiv), which contain bond-by-bond issuances for Green Bonds, Social Bonds, Sustainability Bonds, and Sustainability-Linked Bonds starting from 2006 to 2024. Bonds by type encompass investment grade, high-yield, and not-rated bonds, commercial papers, certificates of deposit, and sukuks. By issuer type, bonds encompass government, corporate, agency, non-US munis, and other gov/supra bonds.","Public (Unrestricted)","","Public or Unrestricted","","LSEG. Accessed on 2025-02-24; IMF staff calculations.","© International Monetary Fund Copyright. All Rights Reserved. https://www.imf.org/external/terms.htm","International Monetary Fund. Green Bonds by Type of Currency,  https://data.imf.org/en/datasets/IMF.STA:ESG_FINANCE_CURRENCY. Accessed on [current date].","","","0.674124267"
"IMF.STA:ESG_FINANCE_CURRENCY(3.0.3)","G001.CGBI_PT.COLO14.A","OBS_VALUE","World","Cumulative Green Bond Issuances, Percent","Colombian Peso","Annual","Units","","","","","","","International Monetary Fund (IMF)","Statistics Department (STA)","datahelp@imf.org","","","","","Environment and climate; Climate finance","","","English","2026-01-08T16:17:00.239243200Z","2026-01-08T16:17:00.292229100Z","","The data are aggregated by country of incorporations, use of proceeds, type of currency and type of issuers (nonfinancial corporations, other financial corporations, banks, state owned entities, sovereign, state and local governments and international organizations). Sovereign green bonds are green bonds issued by central governments and central banks. Compilation of the indicator is based on the methodology used by London Stock Exchange Group, and divergences may be observed when compared to data from other providers. 
The source dataset is based on LSEG (formerly Refinitiv), which contain bond-by-bond issuances for Green Bonds, Social Bonds, Sustainability Bonds, and Sustainability-Linked Bonds starting from 2006 to 2024. Bonds by type encompass investment grade, high-yield, and not-rated bonds, commercial papers, certificates of deposit, and sukuks. By issuer type, bonds encompass government, corporate, agency, non-US munis, and other gov/supra bonds.","Public (Unrestricted)","","Public or Unrestricted","","LSEG. Accessed on 2025-02-24; IMF staff calculations.","© International Monetary Fund Copyright. All Rights Reserved. https://www.imf.org/external/terms.htm","International Monetary Fund. Green Bonds by Type of Currency,  https://data.imf.org/en/datasets/IMF.STA:ESG_FINANCE_CURRENCY. Accessed on [current date].","","","0.117482231"
"IMF.STA:ESG_FINANCE_CURRENCY(3.0.3)","G001.CGBI_USD.CP.A","OBS_VALUE","World","Cumulative Green Bond Issuances, US dollar","Chilean Peso","Annual","Units","","","","","","","International Monetary Fund (IMF)","Statistics Department (STA)","datahelp@imf.org","","","","","Environment and climate; Climate finance","","","English","2026-01-08T16:17:00.239243200Z","2026-01-08T16:17:00.292229100Z","","The data are aggregated by country of incorporations, use of proceeds, type of currency and type of issuers (nonfinancial corporations, other financial corporations, banks, state owned entities, sovereign, state and local governments and international organizations). Sovereign green bonds are green bonds issued by central governments and central banks. Compilation of the indicator is based on the methodology used by London Stock Exchange Group, and divergences may be observed when compared to data from other providers. 
The source dataset is based on LSEG (formerly Refinitiv), which contain bond-by-bond issuances for Green Bonds, Social Bonds, Sustainability Bonds, and Sustainability-Linked Bonds starting from 2006 to 2024. Bonds by type encompass investment grade, high-yield, and not-rated bonds, commercial papers, certificates of deposit, and sukuks. By issuer type, bonds encompass government, corporate, agency, non-US munis, and other gov/supra bonds.","Public (Unrestricted)","","Public or Unrestricted","","LSEG. Accessed on 2025-02-24; IMF staff calculations.","© International Monetary Fund Copyright. All Rights Reserved. https://www.imf.org/external/terms.htm","International Monetary Fund. Green Bonds by Type of Currency,  https://data.imf.org/en/datasets/IMF.STA:ESG_FINANCE_CURRENCY. Accessed on [current date].","","","0.02653111"
"IMF.STA:ESG_FINANCE_CURRENCY(3.0.3)","G001.CSBI_PT.COLO14.A","OBS_VALUE","World","Cumulative Social Bond Issuances, Percent","Colombian Peso","Annual","Units","","","","","","","International Monetary Fund (IMF)","Statistics Department (STA)","datahelp@imf.org","","","","","Environment and climate; Climate finance","","","English","2026-01-08T16:17:00.239243200Z","2026-01-08T16:17:00.292229100Z","","The data are aggregated by country of incorporations, use of proceeds, type of currency and type of issuers (nonfinancial corporations, other financial corporations, banks, state owned entities, sovereign, state and local governments and international organizations). Sovereign green bonds are green bonds issued by central governments and central banks. Compilation of the indicator is based on the methodology used by London Stock Exchange Group, and divergences may be observed when compared to data from other providers. 
The source dataset is based on LSEG (formerly Refinitiv), which contain bond-by-bond issuances for Green Bonds, Social Bonds, Sustainability Bonds, and Sustainability-Linked Bonds starting from 2006 to 2024. Bonds by type encompass investment grade, high-yield, and not-rated bonds, commercial papers, certificates of deposit, and sukuks. By issuer type, bonds encompass government, corporate, agency, non-US munis, and other gov/supra bonds.","Public (Unrestricted)","","Public or Unrestricted","","LSEG. Accessed on 2025-02-24; IMF staff calculations.","© International Monetary Fund Copyright. All Rights Reserved. https://www.imf.org/external/terms.htm","International Monetary Fund. Green Bonds by Type of Currency,  https://data.imf.org/en/datasets/IMF.STA:ESG_FINANCE_CURRENCY. Accessed on [current date].","","","0.109360862"
"IMF.STA:ESG_FINANCE_CURRENCY(3.0.3)","G001.CSBI_PT.COLUVR.A","OBS_VALUE","World","Cumulative Social Bond Issuances, Percent","Colombian Unidad de Valor Real","Annual","Units","","","","","","","International Monetary Fund (IMF)","Statistics Department (STA)","datahelp@imf.org","","","","","Environment and climate; Climate finance","","","English","2026-01-08T16:17:00.239243200Z","2026-01-08T16:17:00.292229100Z","","The data are aggregated by country of incorporations, use of proceeds, type of currency and type of issuers (nonfinancial corporations, other financial corporations, banks, state owned entities, sovereign, state and local governments and international organizations). Sovereign green bonds are green bonds issued by central governments and central banks. Compilation of the indicator is based on the methodology used by London Stock Exchange Group, and divergences may be observed when compared to data from other providers. 
The source dataset is based on LSEG (formerly Refinitiv), which contain bond-by-bond issuances for Green Bonds, Social Bonds, Sustainability Bonds, and Sustainability-Linked Bonds starting from 2006 to 2024. Bonds by type encompass investment grade, high-yield, and not-rated bonds, commercial papers, certificates of deposit, and sukuks. By issuer type, bonds encompass government, corporate, agency, non-US munis, and other gov/supra bonds.","Public (Unrestricted)","","Public or Unrestricted","","LSEG. Accessed on 2025-02-24; IMF staff calculations.","© International Monetary Fund Copyright. All Rights Reserved. https://www.imf.org/external/terms.htm","International Monetary Fund. Green Bonds by Type of Currency,  https://data.imf.org/en/datasets/IMF.STA:ESG_FINANCE_CURRENCY. Accessed on [current date].","","","0.00337"
"IMF.STA:ESG_FINANCE_CURRENCY(3.0.3)","G001.CSBI_USD.MOT.A","OBS_VALUE","World","Cumulative Social Bond Issuances, US dollar","Mongolian Tugrik","Annual","Units","","","","","","","International Monetary Fund (IMF)","Statistics Department (STA)","datahelp@imf.org","","","","","Environment and climate; Climate finance","","","English","2026-01-08T16:17:00.239243200Z","2026-01-08T16:17:00.292229100Z","","The data are aggregated by country of incorporations, use of proceeds, type of currency and type of issuers (nonfinancial corporations, other financial corporations, banks, state owned entities, sovereign, state and local governments and international organizations). Sovereign green bonds are green bonds issued by central governments and central banks. Compilation of the indicator is based on the methodology used by London Stock Exchange Group, and divergences may be observed when compared to data from other providers. 
The source dataset is based on LSEG (formerly Refinitiv), which contain bond-by-bond issuances for Green Bonds, Social Bonds, Sustainability Bonds, and Sustainability-Linked Bonds starting from 2006 to 2024. Bonds by type encompass investment grade, high-yield, and not-rated bonds, commercial papers, certificates of deposit, and sukuks. By issuer type, bonds encompass government, corporate, agency, non-US munis, and other gov/supra bonds.","Public (Unrestricted)","","Public or Unrestricted","","LSEG. Accessed on 2025-02-24; IMF staff calculations.","© International Monetary Fund Copyright. All Rights Reserved. https://www.imf.org/external/terms.htm","International Monetary Fund. Green Bonds by Type of Currency,  https://data.imf.org/en/datasets/IMF.STA:ESG_FINANCE_CURRENCY. Accessed on [current date].","","","0.014075143"
"IMF.STA:ESG_FINANCE_CURRENCY(3.0.3)","G001.CSSLBI_USD.NEW18.A","OBS_VALUE","World","Cumulative Sustainability Linked Bond Issuances, US dollar","New Zealand Dollar","Annual","Units","","","","","","","International Monetary Fund (IMF)","Statistics Department (STA)","datahelp@imf.org","","","","","Environment and climate; Climate finance","","","English","2026-01-08T16:17:00.239243200Z","2026-01-08T16:17:00.292229100Z","","The data are aggregated by country of incorporations, use of proceeds, type of currency and type of issuers (nonfinancial corporations, other financial corporations, banks, state owned entities, sovereign, state and local governments and international organizations). Sovereign green bonds are green bonds issued by central governments and central banks. Compilation of the indicator is based on the methodology used by London Stock Exchange Group, and divergences may be observed when compared to data from other providers. 
The source dataset is based on LSEG (formerly Refinitiv), which contain bond-by-bond issuances for Green Bonds, Social Bonds, Sustainability Bonds, and Sustainability-Linked Bonds starting from 2006 to 2024. Bonds by type encompass investment grade, high-yield, and not-rated bonds, commercial papers, certificates of deposit, and sukuks. By issuer type, bonds encompass government, corporate, agency, non-US munis, and other gov/supra bonds.","Public (Unrestricted)","","Public or Unrestricted","","LSEG. Accessed on 2025-02-24; IMF staff calculations.","© International Monetary Fund Copyright. All Rights Reserved. https://www.imf.org/external/terms.htm","International Monetary Fund. Green Bonds by Type of Currency,  https://data.imf.org/en/datasets/IMF.STA:ESG_FINANCE_CURRENCY. Accessed on [current date].","","","0.057400009"
"IMF.STA:ESG_FINANCE_CURRENCY(3.0.3)","G001.CGBI_PT.CRC.A","OBS_VALUE","World","Cumulative Green Bond Issuances, Percent","Costa Rican Colon","Annual","Units","","","","","","","International Monetary Fund (IMF)","Statistics Department (STA)","datahelp@imf.org","","","","","Environment and climate; Climate finance","","","English","2026-01-08T16:17:00.239243200Z","2026-01-08T16:17:00.292229100Z","","The data are aggregated by country of incorporations, use of proceeds, type of currency and type of issuers (nonfinancial corporations, other financial corporations, banks, state owned entities, sovereign, state and local governments and international organizations). Sovereign green bonds are green bonds issued by central governments and central banks. Compilation of the indicator is based on the methodology used by London Stock Exchange Group, and divergences may be observed when compared to data from other providers. 
The source dataset is based on LSEG (formerly Refinitiv), which contain bond-by-bond issuances for Green Bonds, Social Bonds, Sustainability Bonds, and Sustainability-Linked Bonds starting from 2006 to 2024. Bonds by type encompass investment grade, high-yield, and not-rated bonds, commercial papers, certificates of deposit, and sukuks. By issuer type, bonds encompass government, corporate, agency, non-US munis, and other gov/supra bonds.","Public (Unrestricted)","","Public or Unrestricted","","LSEG. Accessed on 2025-02-24; IMF staff calculations.","© International Monetary Fund Copyright. All Rights Reserved. https://www.imf.org/external/terms.htm","International Monetary Fund. Green Bonds by Type of Currency,  https://data.imf.org/en/datasets/IMF.STA:ESG_FINANCE_CURRENCY. Accessed on [current date].","","","0.000227"
"IMF.STA:ESG_FINANCE_CURRENCY(3.0.3)","G001.CGBI_USD.SKW.A","OBS_VALUE","World","Cumulative Green Bond Issuances, US dollar","South Korean Won","Annual","Units","","","","","","","International Monetary Fund (IMF)","Statistics Department (STA)","datahelp@imf.org","","","","","Environment and climate; Climate finance","","","English","2026-01-08T16:17:00.239243200Z","2026-01-08T16:17:00.292229100Z","","The data are aggregated by country of incorporations, use of proceeds, type of currency and type of issuers (nonfinancial corporations, other financial corporations, banks, state owned entities, sovereign, state and local governments and international organizations). Sovereign green bonds are green bonds issued by central governments and central banks. Compilation of the indicator is based on the methodology used by London Stock Exchange Group, and divergences may be observed when compared to data from other providers. 
The source dataset is based on LSEG (formerly Refinitiv), which contain bond-by-bond issuances for Green Bonds, Social Bonds, Sustainability Bonds, and Sustainability-Linked Bonds starting from 2006 to 2024. Bonds by type encompass investment grade, high-yield, and not-rated bonds, commercial papers, certificates of deposit, and sukuks. By issuer type, bonds encompass government, corporate, agency, non-US munis, and other gov/supra bonds.","Public (Unrestricted)","","Public or Unrestricted","","LSEG. Accessed on 2025-02-24; IMF staff calculations.","© International Monetary Fund Copyright. All Rights Reserved. https://www.imf.org/external/terms.htm","International Monetary Fund. Green Bonds by Type of Currency,  https://data.imf.org/en/datasets/IMF.STA:ESG_FINANCE_CURRENCY. Accessed on [current date].","","","26.21591467"
"IMF.STA:ESG_FINANCE_CURRENCY(3.0.3)","G001.CGBI_USD.THAI9.A","OBS_VALUE","World","Cumulative Green Bond Issuances, US dollar","Thai Baht","Annual","Units","","","","","","","International Monetary Fund (IMF)","Statistics Department (STA)","datahelp@imf.org","","","","","Environment and climate; Climate finance","","","English","2026-01-08T16:17:00.239243200Z","2026-01-08T16:17:00.292229100Z","","The data are aggregated by country of incorporations, use of proceeds, type of currency and type of issuers (nonfinancial corporations, other financial corporations, banks, state owned entities, sovereign, state and local governments and international organizations). Sovereign green bonds are green bonds issued by central governments and central banks. Compilation of the indicator is based on the methodology used by London Stock Exchange Group, and divergences may be observed when compared to data from other providers. 
The source dataset is based on LSEG (formerly Refinitiv), which contain bond-by-bond issuances for Green Bonds, Social Bonds, Sustainability Bonds, and Sustainability-Linked Bonds starting from 2006 to 2024. Bonds by type encompass investment grade, high-yield, and not-rated bonds, commercial papers, certificates of deposit, and sukuks. By issuer type, bonds encompass government, corporate, agency, non-US munis, and other gov/supra bonds.","Public (Unrestricted)","","Public or Unrestricted","","LSEG. Accessed on 2025-02-24; IMF staff calculations.","© International Monetary Fund Copyright. All Rights Reserved. https://www.imf.org/external/terms.htm","International Monetary Fund. Green Bonds by Type of Currency,  https://data.imf.org/en/datasets/IMF.STA:ESG_FINANCE_CURRENCY. Accessed on [current date].","","","4.713642951"
"IMF.STA:ESG_FINANCE_CURRENCY(3.0.3)","G001.CSSBI_USD.AUST17.A","OBS_VALUE","World","Cumulative Sustainability Bond Issuances, US dollar","Australian Dollar","Annual","Units","","","","","","","International Monetary Fund (IMF)","Statistics Department (STA)","datahelp@imf.org","","","","","Environment and climate; Climate finance","","","English","2026-01-08T16:17:00.239243200Z","2026-01-08T16:17:00.292229100Z","","The data are aggregated by country of incorporations, use of proceeds, type of currency and type of issuers (nonfinancial corporations, other financial corporations, banks, state owned entities, sovereign, state and local governments and international organizations). Sovereign green bonds are green bonds issued by central governments and central banks. Compilation of the indicator is based on the methodology used by London Stock Exchange Group, and divergences may be observed when compared to data from other providers. 
The source dataset is based on LSEG (formerly Refinitiv), which contain bond-by-bond issuances for Green Bonds, Social Bonds, Sustainability Bonds, and Sustainability-Linked Bonds starting from 2006 to 2024. Bonds by type encompass investment grade, high-yield, and not-rated bonds, commercial papers, certificates of deposit, and sukuks. By issuer type, bonds encompass government, corporate, agency, non-US munis, and other gov/supra bonds.","Public (Unrestricted)","","Public or Unrestricted","","LSEG. Accessed on 2025-02-24; IMF staff calculations.","© International Monetary Fund Copyright. All Rights Reserved. https://www.imf.org/external/terms.htm","International Monetary Fund. Green Bonds by Type of Currency,  https://data.imf.org/en/datasets/IMF.STA:ESG_FINANCE_CURRENCY. Accessed on [current date].","","","36.60746353"
"IMF.STA:ESG_FINANCE_CURRENCY(3.0.3)","G001.CSBI_PT.DP.A","OBS_VALUE","World","Cumulative Social Bond Issuances, Percent","Dominican Peso","Annual","Units","","","","","","","International Monetary Fund (IMF)","Statistics Department (STA)","datahelp@imf.org","","","","","Environment and climate; Climate finance","","","English","2026-01-08T16:17:00.239243200Z","2026-01-08T16:17:00.292229100Z","","The data are aggregated by country of incorporations, use of proceeds, type of currency and type of issuers (nonfinancial corporations, other financial corporations, banks, state owned entities, sovereign, state and local governments and international organizations). Sovereign green bonds are green bonds issued by central governments and central banks. Compilation of the indicator is based on the methodology used by London Stock Exchange Group, and divergences may be observed when compared to data from other providers. 
The source dataset is based on LSEG (formerly Refinitiv), which contain bond-by-bond issuances for Green Bonds, Social Bonds, Sustainability Bonds, and Sustainability-Linked Bonds starting from 2006 to 2024. Bonds by type encompass investment grade, high-yield, and not-rated bonds, commercial papers, certificates of deposit, and sukuks. By issuer type, bonds encompass government, corporate, agency, non-US munis, and other gov/supra bonds.","Public (Unrestricted)","","Public or Unrestricted","","LSEG. Accessed on 2025-02-24; IMF staff calculations.","© International Monetary Fund Copyright. All Rights Reserved. https://www.imf.org/external/terms.htm","International Monetary Fund. Green Bonds by Type of Currency,  https://data.imf.org/en/datasets/IMF.STA:ESG_FINANCE_CURRENCY. Accessed on [current date].","","","0.000353"
"IMF.STA:ESG_FINANCE_CURRENCY(3.0.3)","G001.CSBI_USD.USD9.A","OBS_VALUE","World","Cumulative Social Bond Issuances, US dollar","US Dollar","Annual","Units","","","","","","","International Monetary Fund (IMF)","Statistics Department (STA)","datahelp@imf.org","","","","","Environment and climate; Climate finance","","","English","2026-01-08T16:17:00.239243200Z","2026-01-08T16:17:00.292229100Z","","The data are aggregated by country of incorporations, use of proceeds, type of currency and type of issuers (nonfinancial corporations, other financial corporations, banks, state owned entities, sovereign, state and local governments and international organizations). Sovereign green bonds are green bonds issued by central governments and central banks. Compilation of the indicator is based on the methodology used by London Stock Exchange Group, and divergences may be observed when compared to data from other providers. 
The source dataset is based on LSEG (formerly Refinitiv), which contain bond-by-bond issuances for Green Bonds, Social Bonds, Sustainability Bonds, and Sustainability-Linked Bonds starting from 2006 to 2024. Bonds by type encompass investment grade, high-yield, and not-rated bonds, commercial papers, certificates of deposit, and sukuks. By issuer type, bonds encompass government, corporate, agency, non-US munis, and other gov/supra bonds.","Public (Unrestricted)","","Public or Unrestricted","","LSEG. Accessed on 2025-02-24; IMF staff calculations.","© International Monetary Fund Copyright. All Rights Reserved. https://www.imf.org/external/terms.htm","International Monetary Fund. Green Bonds by Type of Currency,  https://data.imf.org/en/datasets/IMF.STA:ESG_FINANCE_CURRENCY. Accessed on [current date].","","","243.5115648"
"IMF.STA:ESG_FINANCE_CURRENCY(3.0.3)","G001.CGBI_PT.DANI12.A","OBS_VALUE","World","Cumulative Green Bond Issuances, Percent","Danish Krone","Annual","Units","","","","","","","International Monetary Fund (IMF)","Statistics Department (STA)","datahelp@imf.org","","","","","Environment and climate; Climate finance","","","English","2026-01-08T16:17:00.239243200Z","2026-01-08T16:17:00.292229100Z","","The data are aggregated by country of incorporations, use of proceeds, type of currency and type of issuers (nonfinancial corporations, other financial corporations, banks, state owned entities, sovereign, state and local governments and international organizations). Sovereign green bonds are green bonds issued by central governments and central banks. Compilation of the indicator is based on the methodology used by London Stock Exchange Group, and divergences may be observed when compared to data from other providers. 
The source dataset is based on LSEG (formerly Refinitiv), which contain bond-by-bond issuances for Green Bonds, Social Bonds, Sustainability Bonds, and Sustainability-Linked Bonds starting from 2006 to 2024. Bonds by type encompass investment grade, high-yield, and not-rated bonds, commercial papers, certificates of deposit, and sukuks. By issuer type, bonds encompass government, corporate, agency, non-US munis, and other gov/supra bonds.","Public (Unrestricted)","","Public or Unrestricted","","LSEG. Accessed on 2025-02-24; IMF staff calculations.","© International Monetary Fund Copyright. All Rights Reserved. https://www.imf.org/external/terms.htm","International Monetary Fund. Green Bonds by Type of Currency,  https://data.imf.org/en/datasets/IMF.STA:ESG_FINANCE_CURRENCY. Accessed on [current date].","","","0.906057533"
"IMF.STA:ESG_FINANCE_CURRENCY(3.0.3)","G001.CSBI_USD.POLI12.A","OBS_VALUE","World","Cumulative Social Bond Issuances, US dollar","Polish Zloty","Annual","Units","","","","","","","International Monetary Fund (IMF)","Statistics Department (STA)","datahelp@imf.org","","","","","Environment and climate; Climate finance","","","English","2026-01-08T16:17:00.239243200Z","2026-01-08T16:17:00.292229100Z","","The data are aggregated by country of incorporations, use of proceeds, type of currency and type of issuers (nonfinancial corporations, other financial corporations, banks, state owned entities, sovereign, state and local governments and international organizations). Sovereign green bonds are green bonds issued by central governments and central banks. Compilation of the indicator is based on the methodology used by London Stock Exchange Group, and divergences may be observed when compared to data from other providers. 
The source dataset is based on LSEG (formerly Refinitiv), which contain bond-by-bond issuances for Green Bonds, Social Bonds, Sustainability Bonds, and Sustainability-Linked Bonds starting from 2006 to 2024. Bonds by type encompass investment grade, high-yield, and not-rated bonds, commercial papers, certificates of deposit, and sukuks. By issuer type, bonds encompass government, corporate, agency, non-US munis, and other gov/supra bonds.","Public (Unrestricted)","","Public or Unrestricted","","LSEG. Accessed on 2025-02-24; IMF staff calculations.","© International Monetary Fund Copyright. All Rights Reserved. https://www.imf.org/external/terms.htm","International Monetary Fund. Green Bonds by Type of Currency,  https://data.imf.org/en/datasets/IMF.STA:ESG_FINANCE_CURRENCY. Accessed on [current date].","","","0.229289764"
"IMF.STA:ESG_FINANCE_CURRENCY(3.0.3)","G001.CSSBI_PT.BRIT13.A","OBS_VALUE","World","Cumulative Sustainability Bond Issuances, Percent","British Pound","Annual","Units","","","","","","","International Monetary Fund (IMF)","Statistics Department (STA)","datahelp@imf.org","","","","","Environment and climate; Climate finance","","","English","2026-01-08T16:17:00.239243200Z","2026-01-08T16:17:00.292229100Z","","The data are aggregated by country of incorporations, use of proceeds, type of currency and type of issuers (nonfinancial corporations, other financial corporations, banks, state owned entities, sovereign, state and local governments and international organizations). Sovereign green bonds are green bonds issued by central governments and central banks. Compilation of the indicator is based on the methodology used by London Stock Exchange Group, and divergences may be observed when compared to data from other providers. 
The source dataset is based on LSEG (formerly Refinitiv), which contain bond-by-bond issuances for Green Bonds, Social Bonds, Sustainability Bonds, and Sustainability-Linked Bonds starting from 2006 to 2024. Bonds by type encompass investment grade, high-yield, and not-rated bonds, commercial papers, certificates of deposit, and sukuks. By issuer type, bonds encompass government, corporate, agency, non-US munis, and other gov/supra bonds.","Public (Unrestricted)","","Public or Unrestricted","","LSEG. Accessed on 2025-02-24; IMF staff calculations.","© International Monetary Fund Copyright. All Rights Reserved. https://www.imf.org/external/terms.htm","International Monetary Fund. Green Bonds by Type of Currency,  https://data.imf.org/en/datasets/IMF.STA:ESG_FINANCE_CURRENCY. Accessed on [current date].","","","6.466866883"
"IMF.STA:ESG_FINANCE_CURRENCY(3.0.3)","G001.CSSLBI_PT.CHIN12.A","OBS_VALUE","World","Cumulative Sustainability Linked Bond Issuances, Percent","Chinese Yuan","Annual","Units","","","","","","","International Monetary Fund (IMF)","Statistics Department (STA)","datahelp@imf.org","","","","","Environment and climate; Climate finance","","","English","2026-01-08T16:17:00.239243200Z","2026-01-08T16:17:00.292229100Z","","The data are aggregated by country of incorporations, use of proceeds, type of currency and type of issuers (nonfinancial corporations, other financial corporations, banks, state owned entities, sovereign, state and local governments and international organizations). Sovereign green bonds are green bonds issued by central governments and central banks. Compilation of the indicator is based on the methodology used by London Stock Exchange Group, and divergences may be observed when compared to data from other providers. 
The source dataset is based on LSEG (formerly Refinitiv), which contain bond-by-bond issuances for Green Bonds, Social Bonds, Sustainability Bonds, and Sustainability-Linked Bonds starting from 2006 to 2024. Bonds by type encompass investment grade, high-yield, and not-rated bonds, commercial papers, certificates of deposit, and sukuks. By issuer type, bonds encompass government, corporate, agency, non-US munis, and other gov/supra bonds.","Public (Unrestricted)","","Public or Unrestricted","","LSEG. Accessed on 2025-02-24; IMF staff calculations.","© International Monetary Fund Copyright. All Rights Reserved. https://www.imf.org/external/terms.htm","International Monetary Fund. Green Bonds by Type of Currency,  https://data.imf.org/en/datasets/IMF.STA:ESG_FINANCE_CURRENCY. Accessed on [current date].","","","6.026739928"
"IMF.STA:ESG_FINANCE_CURRENCY(3.0.3)","G001.CSBI_USD.CP.A","OBS_VALUE","World","Cumulative Social Bond Issuances, US dollar","Chilean Peso","Annual","Units","","","","","","","International Monetary Fund (IMF)","Statistics Department (STA)","datahelp@imf.org","","","","","Environment and climate; Climate finance","","","English","2026-01-08T16:17:00.239243200Z","2026-01-08T16:17:00.292229100Z","","The data are aggregated by country of incorporations, use of proceeds, type of currency and type of issuers (nonfinancial corporations, other financial corporations, banks, state owned entities, sovereign, state and local governments and international organizations). Sovereign green bonds are green bonds issued by central governments and central banks. Compilation of the indicator is based on the methodology used by London Stock Exchange Group, and divergences may be observed when compared to data from other providers. 
The source dataset is based on LSEG (formerly Refinitiv), which contain bond-by-bond issuances for Green Bonds, Social Bonds, Sustainability Bonds, and Sustainability-Linked Bonds starting from 2006 to 2024. Bonds by type encompass investment grade, high-yield, and not-rated bonds, commercial papers, certificates of deposit, and sukuks. By issuer type, bonds encompass government, corporate, agency, non-US munis, and other gov/supra bonds.","Public (Unrestricted)","","Public or Unrestricted","","LSEG. Accessed on 2025-02-24; IMF staff calculations.","© International Monetary Fund Copyright. All Rights Reserved. https://www.imf.org/external/terms.htm","International Monetary Fund. Green Bonds by Type of Currency,  https://data.imf.org/en/datasets/IMF.STA:ESG_FINANCE_CURRENCY. Accessed on [current date].","","","15.63028913"
"IMF.STA:ESG_FINANCE_CURRENCY(3.0.3)","G001.CSSBI_PT.AUST17.A","OBS_VALUE","World","Cumulative Sustainability Bond Issuances, Percent","Australian Dollar","Annual","Units","","","","","","","International Monetary Fund (IMF)","Statistics Department (STA)","datahelp@imf.org","","","","","Environment and climate; Climate finance","","","English","2026-01-08T16:17:00.239243200Z","2026-01-08T16:17:00.292229100Z","","The data are aggregated by country of incorporations, use of proceeds, type of currency and type of issuers (nonfinancial corporations, other financial corporations, banks, state owned entities, sovereign, state and local governments and international organizations). Sovereign green bonds are green bonds issued by central governments and central banks. Compilation of the indicator is based on the methodology used by London Stock Exchange Group, and divergences may be observed when compared to data from other providers. 
The source dataset is based on LSEG (formerly Refinitiv), which contain bond-by-bond issuances for Green Bonds, Social Bonds, Sustainability Bonds, and Sustainability-Linked Bonds starting from 2006 to 2024. Bonds by type encompass investment grade, high-yield, and not-rated bonds, commercial papers, certificates of deposit, and sukuks. By issuer type, bonds encompass government, corporate, agency, non-US munis, and other gov/supra bonds.","Public (Unrestricted)","","Public or Unrestricted","","LSEG. Accessed on 2025-02-24; IMF staff calculations.","© International Monetary Fund Copyright. All Rights Reserved. https://www.imf.org/external/terms.htm","International Monetary Fund. Green Bonds by Type of Currency,  https://data.imf.org/en/datasets/IMF.STA:ESG_FINANCE_CURRENCY. Accessed on [current date].","","","3.297662148"
"IMF.STA:ESG_FINANCE_CURRENCY(3.0.3)","G001.CSSBI_PT.URP.A","OBS_VALUE","World","Cumulative Sustainability Bond Issuances, Percent","Uruguayan Peso","Annual","Units","","","","","","","International Monetary Fund (IMF)","Statistics Department (STA)","datahelp@imf.org","","","","","Environment and climate; Climate finance","","","English","2026-01-08T16:17:00.239243200Z","2026-01-08T16:17:00.292229100Z","","The data are aggregated by country of incorporations, use of proceeds, type of currency and type of issuers (nonfinancial corporations, other financial corporations, banks, state owned entities, sovereign, state and local governments and international organizations). Sovereign green bonds are green bonds issued by central governments and central banks. Compilation of the indicator is based on the methodology used by London Stock Exchange Group, and divergences may be observed when compared to data from other providers. 
The source dataset is based on LSEG (formerly Refinitiv), which contain bond-by-bond issuances for Green Bonds, Social Bonds, Sustainability Bonds, and Sustainability-Linked Bonds starting from 2006 to 2024. Bonds by type encompass investment grade, high-yield, and not-rated bonds, commercial papers, certificates of deposit, and sukuks. By issuer type, bonds encompass government, corporate, agency, non-US munis, and other gov/supra bonds.","Public (Unrestricted)","","Public or Unrestricted","","LSEG. Accessed on 2025-02-24; IMF staff calculations.","© International Monetary Fund Copyright. All Rights Reserved. https://www.imf.org/external/terms.htm","International Monetary Fund. Green Bonds by Type of Currency,  https://data.imf.org/en/datasets/IMF.STA:ESG_FINANCE_CURRENCY. Accessed on [current date].","","","0.0473"
"IMF.STA:ESG_FINANCE_CURRENCY(3.0.3)","G001.CSSBI_PT.VIET15.A","OBS_VALUE","World","Cumulative Sustainability Bond Issuances, Percent","Vietnamese Dong","Annual","Units","","","","","","","International Monetary Fund (IMF)","Statistics Department (STA)","datahelp@imf.org","","","","","Environment and climate; Climate finance","","","English","2026-01-08T16:17:00.239243200Z","2026-01-08T16:17:00.292229100Z","","The data are aggregated by country of incorporations, use of proceeds, type of currency and type of issuers (nonfinancial corporations, other financial corporations, banks, state owned entities, sovereign, state and local governments and international organizations). Sovereign green bonds are green bonds issued by central governments and central banks. Compilation of the indicator is based on the methodology used by London Stock Exchange Group, and divergences may be observed when compared to data from other providers. 
The source dataset is based on LSEG (formerly Refinitiv), which contain bond-by-bond issuances for Green Bonds, Social Bonds, Sustainability Bonds, and Sustainability-Linked Bonds starting from 2006 to 2024. Bonds by type encompass investment grade, high-yield, and not-rated bonds, commercial papers, certificates of deposit, and sukuks. By issuer type, bonds encompass government, corporate, agency, non-US munis, and other gov/supra bonds.","Public (Unrestricted)","","Public or Unrestricted","","LSEG. Accessed on 2025-02-24; IMF staff calculations.","© International Monetary Fund Copyright. All Rights Reserved. https://www.imf.org/external/terms.htm","International Monetary Fund. Green Bonds by Type of Currency,  https://data.imf.org/en/datasets/IMF.STA:ESG_FINANCE_CURRENCY. Accessed on [current date].","","","0.000873"
"IMF.STA:ESG_FINANCE_CURRENCY(3.0.3)","G001.CSBI_USD.NIGE14.A","OBS_VALUE","World","Cumulative Social Bond Issuances, US dollar","Nigerian Naira","Annual","Units","","","","","","","International Monetary Fund (IMF)","Statistics Department (STA)","datahelp@imf.org","","","","","Environment and climate; Climate finance","","","English","2026-01-08T16:17:00.239243200Z","2026-01-08T16:17:00.292229100Z","","The data are aggregated by country of incorporations, use of proceeds, type of currency and type of issuers (nonfinancial corporations, other financial corporations, banks, state owned entities, sovereign, state and local governments and international organizations). Sovereign green bonds are green bonds issued by central governments and central banks. Compilation of the indicator is based on the methodology used by London Stock Exchange Group, and divergences may be observed when compared to data from other providers. 
The source dataset is based on LSEG (formerly Refinitiv), which contain bond-by-bond issuances for Green Bonds, Social Bonds, Sustainability Bonds, and Sustainability-Linked Bonds starting from 2006 to 2024. Bonds by type encompass investment grade, high-yield, and not-rated bonds, commercial papers, certificates of deposit, and sukuks. By issuer type, bonds encompass government, corporate, agency, non-US munis, and other gov/supra bonds.","Public (Unrestricted)","","Public or Unrestricted","","LSEG. Accessed on 2025-02-24; IMF staff calculations.","© International Monetary Fund Copyright. All Rights Reserved. https://www.imf.org/external/terms.htm","International Monetary Fund. Green Bonds by Type of Currency,  https://data.imf.org/en/datasets/IMF.STA:ESG_FINANCE_CURRENCY. Accessed on [current date].","","","0.001425691"
"IMF.STA:ESG_FINANCE_CURRENCY(3.0.3)","G001.CSSLBI_USD.MEXI17.A","OBS_VALUE","World","Cumulative Sustainability Linked Bond Issuances, US dollar","Mexican Unidad de Inversion","Annual","Units","","","","","","","International Monetary Fund (IMF)","Statistics Department (STA)","datahelp@imf.org","","","","","Environment and climate; Climate finance","","","English","2026-01-08T16:17:00.239243200Z","2026-01-08T16:17:00.292229100Z","","The data are aggregated by country of incorporations, use of proceeds, type of currency and type of issuers (nonfinancial corporations, other financial corporations, banks, state owned entities, sovereign, state and local governments and international organizations). Sovereign green bonds are green bonds issued by central governments and central banks. Compilation of the indicator is based on the methodology used by London Stock Exchange Group, and divergences may be observed when compared to data from other providers. 
The source dataset is based on LSEG (formerly Refinitiv), which contain bond-by-bond issuances for Green Bonds, Social Bonds, Sustainability Bonds, and Sustainability-Linked Bonds starting from 2006 to 2024. Bonds by type encompass investment grade, high-yield, and not-rated bonds, commercial papers, certificates of deposit, and sukuks. By issuer type, bonds encompass government, corporate, agency, non-US munis, and other gov/supra bonds.","Public (Unrestricted)","","Public or Unrestricted","","LSEG. Accessed on 2025-02-24; IMF staff calculations.","© International Monetary Fund Copyright. All Rights Reserved. https://www.imf.org/external/terms.htm","International Monetary Fund. Green Bonds by Type of Currency,  https://data.imf.org/en/datasets/IMF.STA:ESG_FINANCE_CURRENCY. Accessed on [current date].","","","0.209230302"
"IMF.STA:ESG_FINANCE_CURRENCY(3.0.3)","G001.CGBI_PT.CZEC12.A","OBS_VALUE","World","Cumulative Green Bond Issuances, Percent","Czech Koruna","Annual","Units","","","","","","","International Monetary Fund (IMF)","Statistics Department (STA)","datahelp@imf.org","","","","","Environment and climate; Climate finance","","","English","2026-01-08T16:17:00.239243200Z","2026-01-08T16:17:00.292229100Z","","The data are aggregated by country of incorporations, use of proceeds, type of currency and type of issuers (nonfinancial corporations, other financial corporations, banks, state owned entities, sovereign, state and local governments and international organizations). Sovereign green bonds are green bonds issued by central governments and central banks. Compilation of the indicator is based on the methodology used by London Stock Exchange Group, and divergences may be observed when compared to data from other providers. 
The source dataset is based on LSEG (formerly Refinitiv), which contain bond-by-bond issuances for Green Bonds, Social Bonds, Sustainability Bonds, and Sustainability-Linked Bonds starting from 2006 to 2024. Bonds by type encompass investment grade, high-yield, and not-rated bonds, commercial papers, certificates of deposit, and sukuks. By issuer type, bonds encompass government, corporate, agency, non-US munis, and other gov/supra bonds.","Public (Unrestricted)","","Public or Unrestricted","","LSEG. Accessed on 2025-02-24; IMF staff calculations.","© International Monetary Fund Copyright. All Rights Reserved. https://www.imf.org/external/terms.htm","International Monetary Fund. Green Bonds by Type of Currency,  https://data.imf.org/en/datasets/IMF.STA:ESG_FINANCE_CURRENCY. Accessed on [current date].","","","0.00279"
"IMF.STA:ESG_FINANCE_CURRENCY(3.0.3)","G001.CSBI_PT.INDI12.A","OBS_VALUE","World","Cumulative Social Bond Issuances, Percent","Indian Rupee","Annual","Units","","","","","","","International Monetary Fund (IMF)","Statistics Department (STA)","datahelp@imf.org","","","","","Environment and climate; Climate finance","","","English","2026-01-08T16:17:00.239243200Z","2026-01-08T16:17:00.292229100Z","","The data are aggregated by country of incorporations, use of proceeds, type of currency and type of issuers (nonfinancial corporations, other financial corporations, banks, state owned entities, sovereign, state and local governments and international organizations). Sovereign green bonds are green bonds issued by central governments and central banks. Compilation of the indicator is based on the methodology used by London Stock Exchange Group, and divergences may be observed when compared to data from other providers. 
The source dataset is based on LSEG (formerly Refinitiv), which contain bond-by-bond issuances for Green Bonds, Social Bonds, Sustainability Bonds, and Sustainability-Linked Bonds starting from 2006 to 2024. Bonds by type encompass investment grade, high-yield, and not-rated bonds, commercial papers, certificates of deposit, and sukuks. By issuer type, bonds encompass government, corporate, agency, non-US munis, and other gov/supra bonds.","Public (Unrestricted)","","Public or Unrestricted","","LSEG. Accessed on 2025-02-24; IMF staff calculations.","© International Monetary Fund Copyright. All Rights Reserved. https://www.imf.org/external/terms.htm","International Monetary Fund. Green Bonds by Type of Currency,  https://data.imf.org/en/datasets/IMF.STA:ESG_FINANCE_CURRENCY. Accessed on [current date].","","","0.0218"
"IMF.STA:ESG_FINANCE_CURRENCY(3.0.3)","G001.CSBI_USD.PERU12.A","OBS_VALUE","World","Cumulative Social Bond Issuances, US dollar","Peruvian Sol","Annual","Units","","","","","","","International Monetary Fund (IMF)","Statistics Department (STA)","datahelp@imf.org","","","","","Environment and climate; Climate finance","","","English","2026-01-08T16:17:00.239243200Z","2026-01-08T16:17:00.292229100Z","","The data are aggregated by country of incorporations, use of proceeds, type of currency and type of issuers (nonfinancial corporations, other financial corporations, banks, state owned entities, sovereign, state and local governments and international organizations). Sovereign green bonds are green bonds issued by central governments and central banks. Compilation of the indicator is based on the methodology used by London Stock Exchange Group, and divergences may be observed when compared to data from other providers. 
The source dataset is based on LSEG (formerly Refinitiv), which contain bond-by-bond issuances for Green Bonds, Social Bonds, Sustainability Bonds, and Sustainability-Linked Bonds starting from 2006 to 2024. Bonds by type encompass investment grade, high-yield, and not-rated bonds, commercial papers, certificates of deposit, and sukuks. By issuer type, bonds encompass government, corporate, agency, non-US munis, and other gov/supra bonds.","Public (Unrestricted)","","Public or Unrestricted","","LSEG. Accessed on 2025-02-24; IMF staff calculations.","© International Monetary Fund Copyright. All Rights Reserved. https://www.imf.org/external/terms.htm","International Monetary Fund. Green Bonds by Type of Currency,  https://data.imf.org/en/datasets/IMF.STA:ESG_FINANCE_CURRENCY. Accessed on [current date].","","","0.152504265"
"IMF.STA:ESG_FINANCE_CURRENCY(3.0.3)","G001.CSSLBI_USD.SING16.A","OBS_VALUE","World","Cumulative Sustainability Linked Bond Issuances, US dollar","Singapore Dollar","Annual","Units","","","","","","","International Monetary Fund (IMF)","Statistics Department (STA)","datahelp@imf.org","","","","","Environment and climate; Climate finance","","","English","2026-01-08T16:17:00.239243200Z","2026-01-08T16:17:00.292229100Z","","The data are aggregated by country of incorporations, use of proceeds, type of currency and type of issuers (nonfinancial corporations, other financial corporations, banks, state owned entities, sovereign, state and local governments and international organizations). Sovereign green bonds are green bonds issued by central governments and central banks. Compilation of the indicator is based on the methodology used by London Stock Exchange Group, and divergences may be observed when compared to data from other providers. 
The source dataset is based on LSEG (formerly Refinitiv), which contain bond-by-bond issuances for Green Bonds, Social Bonds, Sustainability Bonds, and Sustainability-Linked Bonds starting from 2006 to 2024. Bonds by type encompass investment grade, high-yield, and not-rated bonds, commercial papers, certificates of deposit, and sukuks. By issuer type, bonds encompass government, corporate, agency, non-US munis, and other gov/supra bonds.","Public (Unrestricted)","","Public or Unrestricted","","LSEG. Accessed on 2025-02-24; IMF staff calculations.","© International Monetary Fund Copyright. All Rights Reserved. https://www.imf.org/external/terms.htm","International Monetary Fund. Green Bonds by Type of Currency,  https://data.imf.org/en/datasets/IMF.STA:ESG_FINANCE_CURRENCY. Accessed on [current date].","","","1.927539483"
"IMF.STA:ESG_FINANCE_CURRENCY(3.0.3)","G001.CSSLBI_USD.SOUT18.A","OBS_VALUE","World","Cumulative Sustainability Linked Bond Issuances, US dollar","South African Rand","Annual","Units","","","","","","","International Monetary Fund (IMF)","Statistics Department (STA)","datahelp@imf.org","","","","","Environment and climate; Climate finance","","","English","2026-01-08T16:17:00.239243200Z","2026-01-08T16:17:00.292229100Z","","The data are aggregated by country of incorporations, use of proceeds, type of currency and type of issuers (nonfinancial corporations, other financial corporations, banks, state owned entities, sovereign, state and local governments and international organizations). Sovereign green bonds are green bonds issued by central governments and central banks. Compilation of the indicator is based on the methodology used by London Stock Exchange Group, and divergences may be observed when compared to data from other providers. 
The source dataset is based on LSEG (formerly Refinitiv), which contain bond-by-bond issuances for Green Bonds, Social Bonds, Sustainability Bonds, and Sustainability-Linked Bonds starting from 2006 to 2024. Bonds by type encompass investment grade, high-yield, and not-rated bonds, commercial papers, certificates of deposit, and sukuks. By issuer type, bonds encompass government, corporate, agency, non-US munis, and other gov/supra bonds.","Public (Unrestricted)","","Public or Unrestricted","","LSEG. Accessed on 2025-02-24; IMF staff calculations.","© International Monetary Fund Copyright. All Rights Reserved. https://www.imf.org/external/terms.htm","International Monetary Fund. Green Bonds by Type of Currency,  https://data.imf.org/en/datasets/IMF.STA:ESG_FINANCE_CURRENCY. Accessed on [current date].","","","0.303302373"
"IMF.STA:ESG_FINANCE_CURRENCY(3.0.3)","G001.CSBI_USD.MEXI12.A","OBS_VALUE","World","Cumulative Social Bond Issuances, US dollar","Mexican Peso","Annual","Units","","","","","","","International Monetary Fund (IMF)","Statistics Department (STA)","datahelp@imf.org","","","","","Environment and climate; Climate finance","","","English","2026-01-08T16:17:00.239243200Z","2026-01-08T16:17:00.292229100Z","","The data are aggregated by country of incorporations, use of proceeds, type of currency and type of issuers (nonfinancial corporations, other financial corporations, banks, state owned entities, sovereign, state and local governments and international organizations). Sovereign green bonds are green bonds issued by central governments and central banks. Compilation of the indicator is based on the methodology used by London Stock Exchange Group, and divergences may be observed when compared to data from other providers. 
The source dataset is based on LSEG (formerly Refinitiv), which contain bond-by-bond issuances for Green Bonds, Social Bonds, Sustainability Bonds, and Sustainability-Linked Bonds starting from 2006 to 2024. Bonds by type encompass investment grade, high-yield, and not-rated bonds, commercial papers, certificates of deposit, and sukuks. By issuer type, bonds encompass government, corporate, agency, non-US munis, and other gov/supra bonds.","Public (Unrestricted)","","Public or Unrestricted","","LSEG. Accessed on 2025-02-24; IMF staff calculations.","© International Monetary Fund Copyright. All Rights Reserved. https://www.imf.org/external/terms.htm","International Monetary Fund. Green Bonds by Type of Currency,  https://data.imf.org/en/datasets/IMF.STA:ESG_FINANCE_CURRENCY. Accessed on [current date].","","","7.056214829"
"IMF.STA:ESG_FINANCE_CURRENCY(3.0.3)","G001.CGBI_PT.MORO15.A","OBS_VALUE","World","Cumulative Green Bond Issuances, Percent","Moroccan Dirham","Annual","Units","","","","","","","International Monetary Fund (IMF)","Statistics Department (STA)","datahelp@imf.org","","","","","Environment and climate; Climate finance","","","English","2026-01-08T16:17:00.239243200Z","2026-01-08T16:17:00.292229100Z","","The data are aggregated by country of incorporations, use of proceeds, type of currency and type of issuers (nonfinancial corporations, other financial corporations, banks, state owned entities, sovereign, state and local governments and international organizations). Sovereign green bonds are green bonds issued by central governments and central banks. Compilation of the indicator is based on the methodology used by London Stock Exchange Group, and divergences may be observed when compared to data from other providers. 
The source dataset is based on LSEG (formerly Refinitiv), which contain bond-by-bond issuances for Green Bonds, Social Bonds, Sustainability Bonds, and Sustainability-Linked Bonds starting from 2006 to 2024. Bonds by type encompass investment grade, high-yield, and not-rated bonds, commercial papers, certificates of deposit, and sukuks. By issuer type, bonds encompass government, corporate, agency, non-US munis, and other gov/supra bonds.","Public (Unrestricted)","","Public or Unrestricted","","LSEG. Accessed on 2025-02-24; IMF staff calculations.","© International Monetary Fund Copyright. All Rights Reserved. https://www.imf.org/external/terms.htm","International Monetary Fund. Green Bonds by Type of Currency,  https://data.imf.org/en/datasets/IMF.STA:ESG_FINANCE_CURRENCY. Accessed on [current date].","","","0.00332"
"IMF.STA:ESG_FINANCE_CURRENCY(3.0.3)","G001.CSBI_USD.COLO14.A","OBS_VALUE","World","Cumulative Social Bond Issuances, US dollar","Colombian Peso","Annual","Units","","","","","","","International Monetary Fund (IMF)","Statistics Department (STA)","datahelp@imf.org","","","","","Environment and climate; Climate finance","","","English","2026-01-08T16:17:00.239243200Z","2026-01-08T16:17:00.292229100Z","","The data are aggregated by country of incorporations, use of proceeds, type of currency and type of issuers (nonfinancial corporations, other financial corporations, banks, state owned entities, sovereign, state and local governments and international organizations). Sovereign green bonds are green bonds issued by central governments and central banks. Compilation of the indicator is based on the methodology used by London Stock Exchange Group, and divergences may be observed when compared to data from other providers. 
The source dataset is based on LSEG (formerly Refinitiv), which contain bond-by-bond issuances for Green Bonds, Social Bonds, Sustainability Bonds, and Sustainability-Linked Bonds starting from 2006 to 2024. Bonds by type encompass investment grade, high-yield, and not-rated bonds, commercial papers, certificates of deposit, and sukuks. By issuer type, bonds encompass government, corporate, agency, non-US munis, and other gov/supra bonds.","Public (Unrestricted)","","Public or Unrestricted","","LSEG. Accessed on 2025-02-24; IMF staff calculations.","© International Monetary Fund Copyright. All Rights Reserved. https://www.imf.org/external/terms.htm","International Monetary Fund. Green Bonds by Type of Currency,  https://data.imf.org/en/datasets/IMF.STA:ESG_FINANCE_CURRENCY. Accessed on [current date].","","","0.997621847"
"IMF.STA:ESG_FINANCE_CURRENCY(3.0.3)","G001.CSSBI_USD.TAIW16.A","OBS_VALUE","World","Cumulative Sustainability Bond Issuances, US dollar","Taiwanese Dollar","Annual","Units","","","","","","","International Monetary Fund (IMF)","Statistics Department (STA)","datahelp@imf.org","","","","","Environment and climate; Climate finance","","","English","2026-01-08T16:17:00.239243200Z","2026-01-08T16:17:00.292229100Z","","The data are aggregated by country of incorporations, use of proceeds, type of currency and type of issuers (nonfinancial corporations, other financial corporations, banks, state owned entities, sovereign, state and local governments and international organizations). Sovereign green bonds are green bonds issued by central governments and central banks. Compilation of the indicator is based on the methodology used by London Stock Exchange Group, and divergences may be observed when compared to data from other providers. 
The source dataset is based on LSEG (formerly Refinitiv), which contain bond-by-bond issuances for Green Bonds, Social Bonds, Sustainability Bonds, and Sustainability-Linked Bonds starting from 2006 to 2024. Bonds by type encompass investment grade, high-yield, and not-rated bonds, commercial papers, certificates of deposit, and sukuks. By issuer type, bonds encompass government, corporate, agency, non-US munis, and other gov/supra bonds.","Public (Unrestricted)","","Public or Unrestricted","","LSEG. Accessed on 2025-02-24; IMF staff calculations.","© International Monetary Fund Copyright. All Rights Reserved. https://www.imf.org/external/terms.htm","International Monetary Fund. Green Bonds by Type of Currency,  https://data.imf.org/en/datasets/IMF.STA:ESG_FINANCE_CURRENCY. Accessed on [current date].","","","1.380890221"
"IMF.STA:ESG_FINANCE_CURRENCY(3.0.3)","G001.CSSBI_USD.VIET15.A","OBS_VALUE","World","Cumulative Sustainability Bond Issuances, US dollar","Vietnamese Dong","Annual","Units","","","","","","","International Monetary Fund (IMF)","Statistics Department (STA)","datahelp@imf.org","","","","","Environment and climate; Climate finance","","","English","2026-01-08T16:17:00.239243200Z","2026-01-08T16:17:00.292229100Z","","The data are aggregated by country of incorporations, use of proceeds, type of currency and type of issuers (nonfinancial corporations, other financial corporations, banks, state owned entities, sovereign, state and local governments and international organizations). Sovereign green bonds are green bonds issued by central governments and central banks. Compilation of the indicator is based on the methodology used by London Stock Exchange Group, and divergences may be observed when compared to data from other providers. 
The source dataset is based on LSEG (formerly Refinitiv), which contain bond-by-bond issuances for Green Bonds, Social Bonds, Sustainability Bonds, and Sustainability-Linked Bonds starting from 2006 to 2024. Bonds by type encompass investment grade, high-yield, and not-rated bonds, commercial papers, certificates of deposit, and sukuks. By issuer type, bonds encompass government, corporate, agency, non-US munis, and other gov/supra bonds.","Public (Unrestricted)","","Public or Unrestricted","","LSEG. Accessed on 2025-02-24; IMF staff calculations.","© International Monetary Fund Copyright. All Rights Reserved. https://www.imf.org/external/terms.htm","International Monetary Fund. Green Bonds by Type of Currency,  https://data.imf.org/en/datasets/IMF.STA:ESG_FINANCE_CURRENCY. Accessed on [current date].","","","0.009696491"
"IMF.STA:ESG_FINANCE_CURRENCY(3.0.3)","G001.CSBI_USD.WAF.A","OBS_VALUE","World","Cumulative Social Bond Issuances, US dollar","West African CFA Franc","Annual","Units","","","","","","","International Monetary Fund (IMF)","Statistics Department (STA)","datahelp@imf.org","","","","","Environment and climate; Climate finance","","","English","2026-01-08T16:17:00.239243200Z","2026-01-08T16:17:00.292229100Z","","The data are aggregated by country of incorporations, use of proceeds, type of currency and type of issuers (nonfinancial corporations, other financial corporations, banks, state owned entities, sovereign, state and local governments and international organizations). Sovereign green bonds are green bonds issued by central governments and central banks. Compilation of the indicator is based on the methodology used by London Stock Exchange Group, and divergences may be observed when compared to data from other providers. 
The source dataset is based on LSEG (formerly Refinitiv), which contain bond-by-bond issuances for Green Bonds, Social Bonds, Sustainability Bonds, and Sustainability-Linked Bonds starting from 2006 to 2024. Bonds by type encompass investment grade, high-yield, and not-rated bonds, commercial papers, certificates of deposit, and sukuks. By issuer type, bonds encompass government, corporate, agency, non-US munis, and other gov/supra bonds.","Public (Unrestricted)","","Public or Unrestricted","","LSEG. Accessed on 2025-02-24; IMF staff calculations.","© International Monetary Fund Copyright. All Rights Reserved. https://www.imf.org/external/terms.htm","International Monetary Fund. Green Bonds by Type of Currency,  https://data.imf.org/en/datasets/IMF.STA:ESG_FINANCE_CURRENCY. Accessed on [current date].","","","10.51291847"
"IMF.STA:ESG_FINANCE_CURRENCY(3.0.3)","G001.CGBI_PT.CP.A","OBS_VALUE","World","Cumulative Green Bond Issuances, Percent","Chilean Peso","Annual","Units","","","","","","","International Monetary Fund (IMF)","Statistics Department (STA)","datahelp@imf.org","","","","","Environment and climate; Climate finance","","","English","2026-01-08T16:17:00.239243200Z","2026-01-08T16:17:00.292229100Z","","The data are aggregated by country of incorporations, use of proceeds, type of currency and type of issuers (nonfinancial corporations, other financial corporations, banks, state owned entities, sovereign, state and local governments and international organizations). Sovereign green bonds are green bonds issued by central governments and central banks. Compilation of the indicator is based on the methodology used by London Stock Exchange Group, and divergences may be observed when compared to data from other providers. 
The source dataset is based on LSEG (formerly Refinitiv), which contain bond-by-bond issuances for Green Bonds, Social Bonds, Sustainability Bonds, and Sustainability-Linked Bonds starting from 2006 to 2024. Bonds by type encompass investment grade, high-yield, and not-rated bonds, commercial papers, certificates of deposit, and sukuks. By issuer type, bonds encompass government, corporate, agency, non-US munis, and other gov/supra bonds.","Public (Unrestricted)","","Public or Unrestricted","","LSEG. Accessed on 2025-02-24; IMF staff calculations.","© International Monetary Fund Copyright. All Rights Reserved. https://www.imf.org/external/terms.htm","International Monetary Fund. Green Bonds by Type of Currency,  https://data.imf.org/en/datasets/IMF.STA:ESG_FINANCE_CURRENCY. Accessed on [current date].","","","0.000749"
"IMF.STA:ESG_FINANCE_CURRENCY(3.0.3)","G001.CGBI_USD.KES.A","OBS_VALUE","World","Cumulative Green Bond Issuances, US dollar","Kenyan Shilling","Annual","Units","","","","","","","International Monetary Fund (IMF)","Statistics Department (STA)","datahelp@imf.org","","","","","Environment and climate; Climate finance","","","English","2026-01-08T16:17:00.239243200Z","2026-01-08T16:17:00.292229100Z","","The data are aggregated by country of incorporations, use of proceeds, type of currency and type of issuers (nonfinancial corporations, other financial corporations, banks, state owned entities, sovereign, state and local governments and international organizations). Sovereign green bonds are green bonds issued by central governments and central banks. Compilation of the indicator is based on the methodology used by London Stock Exchange Group, and divergences may be observed when compared to data from other providers. 
The source dataset is based on LSEG (formerly Refinitiv), which contain bond-by-bond issuances for Green Bonds, Social Bonds, Sustainability Bonds, and Sustainability-Linked Bonds starting from 2006 to 2024. Bonds by type encompass investment grade, high-yield, and not-rated bonds, commercial papers, certificates of deposit, and sukuks. By issuer type, bonds encompass government, corporate, agency, non-US munis, and other gov/supra bonds.","Public (Unrestricted)","","Public or Unrestricted","","LSEG. Accessed on 2025-02-24; IMF staff calculations.","© International Monetary Fund Copyright. All Rights Reserved. https://www.imf.org/external/terms.htm","International Monetary Fund. Green Bonds by Type of Currency,  https://data.imf.org/en/datasets/IMF.STA:ESG_FINANCE_CURRENCY. Accessed on [current date].","","","0.00609775"
"IMF.STA:ESG_FINANCE_CURRENCY(3.0.3)","G001.CSSBI_USD.AD.A","OBS_VALUE","World","Cumulative Sustainability Bond Issuances, US dollar","Armenian Dram","Annual","Units","","","","","","","International Monetary Fund (IMF)","Statistics Department (STA)","datahelp@imf.org","","","","","Environment and climate; Climate finance","","","English","2026-01-08T16:17:00.239243200Z","2026-01-08T16:17:00.292229100Z","","The data are aggregated by country of incorporations, use of proceeds, type of currency and type of issuers (nonfinancial corporations, other financial corporations, banks, state owned entities, sovereign, state and local governments and international organizations). Sovereign green bonds are green bonds issued by central governments and central banks. Compilation of the indicator is based on the methodology used by London Stock Exchange Group, and divergences may be observed when compared to data from other providers. 
The source dataset is based on LSEG (formerly Refinitiv), which contain bond-by-bond issuances for Green Bonds, Social Bonds, Sustainability Bonds, and Sustainability-Linked Bonds starting from 2006 to 2024. Bonds by type encompass investment grade, high-yield, and not-rated bonds, commercial papers, certificates of deposit, and sukuks. By issuer type, bonds encompass government, corporate, agency, non-US munis, and other gov/supra bonds.","Public (Unrestricted)","","Public or Unrestricted","","LSEG. Accessed on 2025-02-24; IMF staff calculations.","© International Monetary Fund Copyright. All Rights Reserved. https://www.imf.org/external/terms.htm","International Monetary Fund. Green Bonds by Type of Currency,  https://data.imf.org/en/datasets/IMF.STA:ESG_FINANCE_CURRENCY. Accessed on [current date].","","","0.013358023"
"IMF.STA:ESG_FINANCE_CURRENCY(3.0.3)","G001.CGBI_USD.COLO14.A","OBS_VALUE","World","Cumulative Green Bond Issuances, US dollar","Colombian Peso","Annual","Units","","","","","","","International Monetary Fund (IMF)","Statistics Department (STA)","datahelp@imf.org","","","","","Environment and climate; Climate finance","","","English","2026-01-08T16:17:00.239243200Z","2026-01-08T16:17:00.292229100Z","","The data are aggregated by country of incorporations, use of proceeds, type of currency and type of issuers (nonfinancial corporations, other financial corporations, banks, state owned entities, sovereign, state and local governments and international organizations). Sovereign green bonds are green bonds issued by central governments and central banks. Compilation of the indicator is based on the methodology used by London Stock Exchange Group, and divergences may be observed when compared to data from other providers. 
The source dataset is based on LSEG (formerly Refinitiv), which contain bond-by-bond issuances for Green Bonds, Social Bonds, Sustainability Bonds, and Sustainability-Linked Bonds starting from 2006 to 2024. Bonds by type encompass investment grade, high-yield, and not-rated bonds, commercial papers, certificates of deposit, and sukuks. By issuer type, bonds encompass government, corporate, agency, non-US munis, and other gov/supra bonds.","Public (Unrestricted)","","Public or Unrestricted","","LSEG. Accessed on 2025-02-24; IMF staff calculations.","© International Monetary Fund Copyright. All Rights Reserved. https://www.imf.org/external/terms.htm","International Monetary Fund. Green Bonds by Type of Currency,  https://data.imf.org/en/datasets/IMF.STA:ESG_FINANCE_CURRENCY. Accessed on [current date].","","","4.16257267"
"IMF.STA:ESG_FINANCE_CURRENCY(3.0.3)","G001.CSSBI_USD.BRIT13.A","OBS_VALUE","World","Cumulative Sustainability Bond Issuances, US dollar","British Pound","Annual","Units","","","","","","","International Monetary Fund (IMF)","Statistics Department (STA)","datahelp@imf.org","","","","","Environment and climate; Climate finance","","","English","2026-01-08T16:17:00.239243200Z","2026-01-08T16:17:00.292229100Z","","The data are aggregated by country of incorporations, use of proceeds, type of currency and type of issuers (nonfinancial corporations, other financial corporations, banks, state owned entities, sovereign, state and local governments and international organizations). Sovereign green bonds are green bonds issued by central governments and central banks. Compilation of the indicator is based on the methodology used by London Stock Exchange Group, and divergences may be observed when compared to data from other providers. 
The source dataset is based on LSEG (formerly Refinitiv), which contain bond-by-bond issuances for Green Bonds, Social Bonds, Sustainability Bonds, and Sustainability-Linked Bonds starting from 2006 to 2024. Bonds by type encompass investment grade, high-yield, and not-rated bonds, commercial papers, certificates of deposit, and sukuks. By issuer type, bonds encompass government, corporate, agency, non-US munis, and other gov/supra bonds.","Public (Unrestricted)","","Public or Unrestricted","","LSEG. Accessed on 2025-02-24; IMF staff calculations.","© International Monetary Fund Copyright. All Rights Reserved. https://www.imf.org/external/terms.htm","International Monetary Fund. Green Bonds by Type of Currency,  https://data.imf.org/en/datasets/IMF.STA:ESG_FINANCE_CURRENCY. Accessed on [current date].","","","71.78891678"
"IMF.STA:ESG_FINANCE_CURRENCY(3.0.3)","G001.CGBI_USD.BRAZ14.A","OBS_VALUE","World","Cumulative Green Bond Issuances, US dollar","Brazilian Real","Annual","Units","","","","","","","International Monetary Fund (IMF)","Statistics Department (STA)","datahelp@imf.org","","","","","Environment and climate; Climate finance","","","English","2026-01-08T16:17:00.239243200Z","2026-01-08T16:17:00.292229100Z","","The data are aggregated by country of incorporations, use of proceeds, type of currency and type of issuers (nonfinancial corporations, other financial corporations, banks, state owned entities, sovereign, state and local governments and international organizations). Sovereign green bonds are green bonds issued by central governments and central banks. Compilation of the indicator is based on the methodology used by London Stock Exchange Group, and divergences may be observed when compared to data from other providers. 
The source dataset is based on LSEG (formerly Refinitiv), which contain bond-by-bond issuances for Green Bonds, Social Bonds, Sustainability Bonds, and Sustainability-Linked Bonds starting from 2006 to 2024. Bonds by type encompass investment grade, high-yield, and not-rated bonds, commercial papers, certificates of deposit, and sukuks. By issuer type, bonds encompass government, corporate, agency, non-US munis, and other gov/supra bonds.","Public (Unrestricted)","","Public or Unrestricted","","LSEG. Accessed on 2025-02-24; IMF staff calculations.","© International Monetary Fund Copyright. All Rights Reserved. https://www.imf.org/external/terms.htm","International Monetary Fund. Green Bonds by Type of Currency,  https://data.imf.org/en/datasets/IMF.STA:ESG_FINANCE_CURRENCY. Accessed on [current date].","","","13.24262061"
"IMF.STA:ESG_FINANCE_CURRENCY(3.0.3)","G001.CSBI_USD.CANA15.A","OBS_VALUE","World","Cumulative Social Bond Issuances, US dollar","Canadian Dollar","Annual","Units","","","","","","","International Monetary Fund (IMF)","Statistics Department (STA)","datahelp@imf.org","","","","","Environment and climate; Climate finance","","","English","2026-01-08T16:17:00.239243200Z","2026-01-08T16:17:00.292229100Z","","The data are aggregated by country of incorporations, use of proceeds, type of currency and type of issuers (nonfinancial corporations, other financial corporations, banks, state owned entities, sovereign, state and local governments and international organizations). Sovereign green bonds are green bonds issued by central governments and central banks. Compilation of the indicator is based on the methodology used by London Stock Exchange Group, and divergences may be observed when compared to data from other providers. 
The source dataset is based on LSEG (formerly Refinitiv), which contain bond-by-bond issuances for Green Bonds, Social Bonds, Sustainability Bonds, and Sustainability-Linked Bonds starting from 2006 to 2024. Bonds by type encompass investment grade, high-yield, and not-rated bonds, commercial papers, certificates of deposit, and sukuks. By issuer type, bonds encompass government, corporate, agency, non-US munis, and other gov/supra bonds.","Public (Unrestricted)","","Public or Unrestricted","","LSEG. Accessed on 2025-02-24; IMF staff calculations.","© International Monetary Fund Copyright. All Rights Reserved. https://www.imf.org/external/terms.htm","International Monetary Fund. Green Bonds by Type of Currency,  https://data.imf.org/en/datasets/IMF.STA:ESG_FINANCE_CURRENCY. Accessed on [current date].","","","6.841174211"
"IMF.STA:ESG_FINANCE_CURRENCY(3.0.3)","G001.CSSBI_PT.UH.A","OBS_VALUE","World","Cumulative Sustainability Bond Issuances, Percent","Ukrainian Hryvnia","Annual","Units","","","","","","","International Monetary Fund (IMF)","Statistics Department (STA)","datahelp@imf.org","","","","","Environment and climate; Climate finance","","","English","2026-01-08T16:17:00.239243200Z","2026-01-08T16:17:00.292229100Z","","The data are aggregated by country of incorporations, use of proceeds, type of currency and type of issuers (nonfinancial corporations, other financial corporations, banks, state owned entities, sovereign, state and local governments and international organizations). Sovereign green bonds are green bonds issued by central governments and central banks. Compilation of the indicator is based on the methodology used by London Stock Exchange Group, and divergences may be observed when compared to data from other providers. 
The source dataset is based on LSEG (formerly Refinitiv), which contain bond-by-bond issuances for Green Bonds, Social Bonds, Sustainability Bonds, and Sustainability-Linked Bonds starting from 2006 to 2024. Bonds by type encompass investment grade, high-yield, and not-rated bonds, commercial papers, certificates of deposit, and sukuks. By issuer type, bonds encompass government, corporate, agency, non-US munis, and other gov/supra bonds.","Public (Unrestricted)","","Public or Unrestricted","","LSEG. Accessed on 2025-02-24; IMF staff calculations.","© International Monetary Fund Copyright. All Rights Reserved. https://www.imf.org/external/terms.htm","International Monetary Fund. Green Bonds by Type of Currency,  https://data.imf.org/en/datasets/IMF.STA:ESG_FINANCE_CURRENCY. Accessed on [current date].","","","0.000752"
"IMF.STA:ESG_FINANCE_CURRENCY(3.0.3)","G001.CGBI_USD.MP.A","OBS_VALUE","World","Cumulative Green Bond Issuances, US dollar","Macanese Pataca","Annual","Units","","","","","","","International Monetary Fund (IMF)","Statistics Department (STA)","datahelp@imf.org","","","","","Environment and climate; Climate finance","","","English","2026-01-08T16:17:00.239243200Z","2026-01-08T16:17:00.292229100Z","","The data are aggregated by country of incorporations, use of proceeds, type of currency and type of issuers (nonfinancial corporations, other financial corporations, banks, state owned entities, sovereign, state and local governments and international organizations). Sovereign green bonds are green bonds issued by central governments and central banks. Compilation of the indicator is based on the methodology used by London Stock Exchange Group, and divergences may be observed when compared to data from other providers. 
The source dataset is based on LSEG (formerly Refinitiv), which contain bond-by-bond issuances for Green Bonds, Social Bonds, Sustainability Bonds, and Sustainability-Linked Bonds starting from 2006 to 2024. Bonds by type encompass investment grade, high-yield, and not-rated bonds, commercial papers, certificates of deposit, and sukuks. By issuer type, bonds encompass government, corporate, agency, non-US munis, and other gov/supra bonds.","Public (Unrestricted)","","Public or Unrestricted","","LSEG. Accessed on 2025-02-24; IMF staff calculations.","© International Monetary Fund Copyright. All Rights Reserved. https://www.imf.org/external/terms.htm","International Monetary Fund. Green Bonds by Type of Currency,  https://data.imf.org/en/datasets/IMF.STA:ESG_FINANCE_CURRENCY. Accessed on [current date].","","","0.374746399"
"IMF.STA:ESG_FINANCE_CURRENCY(3.0.3)","G001.CGBI_PT.CHIL25.A","OBS_VALUE","World","Cumulative Green Bond Issuances, Percent","Chilean Unidad de Fomento","Annual","Units","","","","","","","International Monetary Fund (IMF)","Statistics Department (STA)","datahelp@imf.org","","","","","Environment and climate; Climate finance","","","English","2026-01-08T16:17:00.239243200Z","2026-01-08T16:17:00.292229100Z","","The data are aggregated by country of incorporations, use of proceeds, type of currency and type of issuers (nonfinancial corporations, other financial corporations, banks, state owned entities, sovereign, state and local governments and international organizations). Sovereign green bonds are green bonds issued by central governments and central banks. Compilation of the indicator is based on the methodology used by London Stock Exchange Group, and divergences may be observed when compared to data from other providers. 
The source dataset is based on LSEG (formerly Refinitiv), which contain bond-by-bond issuances for Green Bonds, Social Bonds, Sustainability Bonds, and Sustainability-Linked Bonds starting from 2006 to 2024. Bonds by type encompass investment grade, high-yield, and not-rated bonds, commercial papers, certificates of deposit, and sukuks. By issuer type, bonds encompass government, corporate, agency, non-US munis, and other gov/supra bonds.","Public (Unrestricted)","","Public or Unrestricted","","LSEG. Accessed on 2025-02-24; IMF staff calculations.","© International Monetary Fund Copyright. All Rights Reserved. https://www.imf.org/external/terms.htm","International Monetary Fund. Green Bonds by Type of Currency,  https://data.imf.org/en/datasets/IMF.STA:ESG_FINANCE_CURRENCY. Accessed on [current date].","","","0.0161"
"IMF.STA:ESG_FINANCE_CURRENCY(3.0.3)","G001.CSBI_USD.NEW18.A","OBS_VALUE","World","Cumulative Social Bond Issuances, US dollar","New Zealand Dollar","Annual","Units","","","","","","","International Monetary Fund (IMF)","Statistics Department (STA)","datahelp@imf.org","","","","","Environment and climate; Climate finance","","","English","2026-01-08T16:17:00.239243200Z","2026-01-08T16:17:00.292229100Z","","The data are aggregated by country of incorporations, use of proceeds, type of currency and type of issuers (nonfinancial corporations, other financial corporations, banks, state owned entities, sovereign, state and local governments and international organizations). Sovereign green bonds are green bonds issued by central governments and central banks. Compilation of the indicator is based on the methodology used by London Stock Exchange Group, and divergences may be observed when compared to data from other providers. 
The source dataset is based on LSEG (formerly Refinitiv), which contain bond-by-bond issuances for Green Bonds, Social Bonds, Sustainability Bonds, and Sustainability-Linked Bonds starting from 2006 to 2024. Bonds by type encompass investment grade, high-yield, and not-rated bonds, commercial papers, certificates of deposit, and sukuks. By issuer type, bonds encompass government, corporate, agency, non-US munis, and other gov/supra bonds.","Public (Unrestricted)","","Public or Unrestricted","","LSEG. Accessed on 2025-02-24; IMF staff calculations.","© International Monetary Fund Copyright. All Rights Reserved. https://www.imf.org/external/terms.htm","International Monetary Fund. Green Bonds by Type of Currency,  https://data.imf.org/en/datasets/IMF.STA:ESG_FINANCE_CURRENCY. Accessed on [current date].","","","3.169798701"
"IMF.STA:ESG_FINANCE_CURRENCY(3.0.3)","G001.CSSLBI_PT.CHIL25.A","OBS_VALUE","World","Cumulative Sustainability Linked Bond Issuances, Percent","Chilean Unidad de Fomento","Annual","Units","","","","","","","International Monetary Fund (IMF)","Statistics Department (STA)","datahelp@imf.org","","","","","Environment and climate; Climate finance","","","English","2026-01-08T16:17:00.239243200Z","2026-01-08T16:17:00.292229100Z","","The data are aggregated by country of incorporations, use of proceeds, type of currency and type of issuers (nonfinancial corporations, other financial corporations, banks, state owned entities, sovereign, state and local governments and international organizations). Sovereign green bonds are green bonds issued by central governments and central banks. Compilation of the indicator is based on the methodology used by London Stock Exchange Group, and divergences may be observed when compared to data from other providers. 
The source dataset is based on LSEG (formerly Refinitiv), which contain bond-by-bond issuances for Green Bonds, Social Bonds, Sustainability Bonds, and Sustainability-Linked Bonds starting from 2006 to 2024. Bonds by type encompass investment grade, high-yield, and not-rated bonds, commercial papers, certificates of deposit, and sukuks. By issuer type, bonds encompass government, corporate, agency, non-US munis, and other gov/supra bonds.","Public (Unrestricted)","","Public or Unrestricted","","LSEG. Accessed on 2025-02-24; IMF staff calculations.","© International Monetary Fund Copyright. All Rights Reserved. https://www.imf.org/external/terms.htm","International Monetary Fund. Green Bonds by Type of Currency,  https://data.imf.org/en/datasets/IMF.STA:ESG_FINANCE_CURRENCY. Accessed on [current date].","","","0.281875348"
"IMF.STA:ESG_FINANCE_CURRENCY(3.0.3)","G001.CSBI_USD.UGS.A","OBS_VALUE","World","Cumulative Social Bond Issuances, US dollar","Ugandan Shilling","Annual","Units","","","","","","","International Monetary Fund (IMF)","Statistics Department (STA)","datahelp@imf.org","","","","","Environment and climate; Climate finance","","","English","2026-01-08T16:17:00.239243200Z","2026-01-08T16:17:00.292229100Z","","The data are aggregated by country of incorporations, use of proceeds, type of currency and type of issuers (nonfinancial corporations, other financial corporations, banks, state owned entities, sovereign, state and local governments and international organizations). Sovereign green bonds are green bonds issued by central governments and central banks. Compilation of the indicator is based on the methodology used by London Stock Exchange Group, and divergences may be observed when compared to data from other providers. 
The source dataset is based on LSEG (formerly Refinitiv), which contain bond-by-bond issuances for Green Bonds, Social Bonds, Sustainability Bonds, and Sustainability-Linked Bonds starting from 2006 to 2024. Bonds by type encompass investment grade, high-yield, and not-rated bonds, commercial papers, certificates of deposit, and sukuks. By issuer type, bonds encompass government, corporate, agency, non-US munis, and other gov/supra bonds.","Public (Unrestricted)","","Public or Unrestricted","","LSEG. Accessed on 2025-02-24; IMF staff calculations.","© International Monetary Fund Copyright. All Rights Reserved. https://www.imf.org/external/terms.htm","International Monetary Fund. Green Bonds by Type of Currency,  https://data.imf.org/en/datasets/IMF.STA:ESG_FINANCE_CURRENCY. Accessed on [current date].","","","0.005170068"
"IMF.STA:ESG_FINANCE_CURRENCY(3.0.3)","G001.CSSBI_USD.THAI9.A","OBS_VALUE","World","Cumulative Sustainability Bond Issuances, US dollar","Thai Baht","Annual","Units","","","","","","","International Monetary Fund (IMF)","Statistics Department (STA)","datahelp@imf.org","","","","","Environment and climate; Climate finance","","","English","2026-01-08T16:17:00.239243200Z","2026-01-08T16:17:00.292229100Z","","The data are aggregated by country of incorporations, use of proceeds, type of currency and type of issuers (nonfinancial corporations, other financial corporations, banks, state owned entities, sovereign, state and local governments and international organizations). Sovereign green bonds are green bonds issued by central governments and central banks. Compilation of the indicator is based on the methodology used by London Stock Exchange Group, and divergences may be observed when compared to data from other providers. 
The source dataset is based on LSEG (formerly Refinitiv), which contain bond-by-bond issuances for Green Bonds, Social Bonds, Sustainability Bonds, and Sustainability-Linked Bonds starting from 2006 to 2024. Bonds by type encompass investment grade, high-yield, and not-rated bonds, commercial papers, certificates of deposit, and sukuks. By issuer type, bonds encompass government, corporate, agency, non-US munis, and other gov/supra bonds.","Public (Unrestricted)","","Public or Unrestricted","","LSEG. Accessed on 2025-02-24; IMF staff calculations.","© International Monetary Fund Copyright. All Rights Reserved. https://www.imf.org/external/terms.htm","International Monetary Fund. Green Bonds by Type of Currency,  https://data.imf.org/en/datasets/IMF.STA:ESG_FINANCE_CURRENCY. Accessed on [current date].","","","16.63848402"
"IMF.STA:ESG_FINANCE_CURRENCY(3.0.3)","G001.CGBI_USD.BT.A","OBS_VALUE","World","Cumulative Green Bond Issuances, US dollar","Bangladeshi Taka","Annual","Units","","","","","","","International Monetary Fund (IMF)","Statistics Department (STA)","datahelp@imf.org","","","","","Environment and climate; Climate finance","","","English","2026-01-08T16:17:00.239243200Z","2026-01-08T16:17:00.292229100Z","","The data are aggregated by country of incorporations, use of proceeds, type of currency and type of issuers (nonfinancial corporations, other financial corporations, banks, state owned entities, sovereign, state and local governments and international organizations). Sovereign green bonds are green bonds issued by central governments and central banks. Compilation of the indicator is based on the methodology used by London Stock Exchange Group, and divergences may be observed when compared to data from other providers. 
The source dataset is based on LSEG (formerly Refinitiv), which contain bond-by-bond issuances for Green Bonds, Social Bonds, Sustainability Bonds, and Sustainability-Linked Bonds starting from 2006 to 2024. Bonds by type encompass investment grade, high-yield, and not-rated bonds, commercial papers, certificates of deposit, and sukuks. By issuer type, bonds encompass government, corporate, agency, non-US munis, and other gov/supra bonds.","Public (Unrestricted)","","Public or Unrestricted","","LSEG. Accessed on 2025-02-24; IMF staff calculations.","© International Monetary Fund Copyright. All Rights Reserved. https://www.imf.org/external/terms.htm","International Monetary Fund. Green Bonds by Type of Currency,  https://data.imf.org/en/datasets/IMF.STA:ESG_FINANCE_CURRENCY. Accessed on [current date].","","","0.246103363"
"IMF.STA:ESG_FINANCE_CURRENCY(3.0.3)","G001.CSSBI_USD.NORW15.A","OBS_VALUE","World","Cumulative Sustainability Bond Issuances, US dollar","Norwegian Krone","Annual","Units","","","","","","","International Monetary Fund (IMF)","Statistics Department (STA)","datahelp@imf.org","","","","","Environment and climate; Climate finance","","","English","2026-01-08T16:17:00.239243200Z","2026-01-08T16:17:00.292229100Z","","The data are aggregated by country of incorporations, use of proceeds, type of currency and type of issuers (nonfinancial corporations, other financial corporations, banks, state owned entities, sovereign, state and local governments and international organizations). Sovereign green bonds are green bonds issued by central governments and central banks. Compilation of the indicator is based on the methodology used by London Stock Exchange Group, and divergences may be observed when compared to data from other providers. 
The source dataset is based on LSEG (formerly Refinitiv), which contain bond-by-bond issuances for Green Bonds, Social Bonds, Sustainability Bonds, and Sustainability-Linked Bonds starting from 2006 to 2024. Bonds by type encompass investment grade, high-yield, and not-rated bonds, commercial papers, certificates of deposit, and sukuks. By issuer type, bonds encompass government, corporate, agency, non-US munis, and other gov/supra bonds.","Public (Unrestricted)","","Public or Unrestricted","","LSEG. Accessed on 2025-02-24; IMF staff calculations.","© International Monetary Fund Copyright. All Rights Reserved. https://www.imf.org/external/terms.htm","International Monetary Fund. Green Bonds by Type of Currency,  https://data.imf.org/en/datasets/IMF.STA:ESG_FINANCE_CURRENCY. Accessed on [current date].","","","4.598298894"
"IMF.STA:ESG_FINANCE_CURRENCY(3.0.3)","G001.CSSBI_USD.KAZA17.A","OBS_VALUE","World","Cumulative Sustainability Bond Issuances, US dollar","Kazakhstani Tenge","Annual","Units","","","","","","","International Monetary Fund (IMF)","Statistics Department (STA)","datahelp@imf.org","","","","","Environment and climate; Climate finance","","","English","2026-01-08T16:17:00.239243200Z","2026-01-08T16:17:00.292229100Z","","The data are aggregated by country of incorporations, use of proceeds, type of currency and type of issuers (nonfinancial corporations, other financial corporations, banks, state owned entities, sovereign, state and local governments and international organizations). Sovereign green bonds are green bonds issued by central governments and central banks. Compilation of the indicator is based on the methodology used by London Stock Exchange Group, and divergences may be observed when compared to data from other providers. 
The source dataset is based on LSEG (formerly Refinitiv), which contain bond-by-bond issuances for Green Bonds, Social Bonds, Sustainability Bonds, and Sustainability-Linked Bonds starting from 2006 to 2024. Bonds by type encompass investment grade, high-yield, and not-rated bonds, commercial papers, certificates of deposit, and sukuks. By issuer type, bonds encompass government, corporate, agency, non-US munis, and other gov/supra bonds.","Public (Unrestricted)","","Public or Unrestricted","","LSEG. Accessed on 2025-02-24; IMF staff calculations.","© International Monetary Fund Copyright. All Rights Reserved. https://www.imf.org/external/terms.htm","International Monetary Fund. Green Bonds by Type of Currency,  https://data.imf.org/en/datasets/IMF.STA:ESG_FINANCE_CURRENCY. Accessed on [current date].","","","0.594053357"
"IMF.STA:ESG_FINANCE_CURRENCY(3.0.3)","G001.CGBI_USD.JAPA12.A","OBS_VALUE","World","Cumulative Green Bond Issuances, US dollar","Japanese Yen","Annual","Units","","","","","","","International Monetary Fund (IMF)","Statistics Department (STA)","datahelp@imf.org","","","","","Environment and climate; Climate finance","","","English","2026-01-08T16:17:00.239243200Z","2026-01-08T16:17:00.292229100Z","","The data are aggregated by country of incorporations, use of proceeds, type of currency and type of issuers (nonfinancial corporations, other financial corporations, banks, state owned entities, sovereign, state and local governments and international organizations). Sovereign green bonds are green bonds issued by central governments and central banks. Compilation of the indicator is based on the methodology used by London Stock Exchange Group, and divergences may be observed when compared to data from other providers. 
The source dataset is based on LSEG (formerly Refinitiv), which contain bond-by-bond issuances for Green Bonds, Social Bonds, Sustainability Bonds, and Sustainability-Linked Bonds starting from 2006 to 2024. Bonds by type encompass investment grade, high-yield, and not-rated bonds, commercial papers, certificates of deposit, and sukuks. By issuer type, bonds encompass government, corporate, agency, non-US munis, and other gov/supra bonds.","Public (Unrestricted)","","Public or Unrestricted","","LSEG. Accessed on 2025-02-24; IMF staff calculations.","© International Monetary Fund Copyright. All Rights Reserved. https://www.imf.org/external/terms.htm","International Monetary Fund. Green Bonds by Type of Currency,  https://data.imf.org/en/datasets/IMF.STA:ESG_FINANCE_CURRENCY. Accessed on [current date].","","","80.46718067"
"IMF.STA:ESG_FINANCE_CURRENCY(3.0.3)","G001.CSSLBI_USD.POLI12.A","OBS_VALUE","World","Cumulative Sustainability Linked Bond Issuances, US dollar","Polish Zloty","Annual","Units","","","","","","","International Monetary Fund (IMF)","Statistics Department (STA)","datahelp@imf.org","","","","","Environment and climate; Climate finance","","","English","2026-01-08T16:17:00.239243200Z","2026-01-08T16:17:00.292229100Z","","The data are aggregated by country of incorporations, use of proceeds, type of currency and type of issuers (nonfinancial corporations, other financial corporations, banks, state owned entities, sovereign, state and local governments and international organizations). Sovereign green bonds are green bonds issued by central governments and central banks. Compilation of the indicator is based on the methodology used by London Stock Exchange Group, and divergences may be observed when compared to data from other providers. 
The source dataset is based on LSEG (formerly Refinitiv), which contain bond-by-bond issuances for Green Bonds, Social Bonds, Sustainability Bonds, and Sustainability-Linked Bonds starting from 2006 to 2024. Bonds by type encompass investment grade, high-yield, and not-rated bonds, commercial papers, certificates of deposit, and sukuks. By issuer type, bonds encompass government, corporate, agency, non-US munis, and other gov/supra bonds.","Public (Unrestricted)","","Public or Unrestricted","","LSEG. Accessed on 2025-02-24; IMF staff calculations.","© International Monetary Fund Copyright. All Rights Reserved. https://www.imf.org/external/terms.htm","International Monetary Fund. Green Bonds by Type of Currency,  https://data.imf.org/en/datasets/IMF.STA:ESG_FINANCE_CURRENCY. Accessed on [current date].","","","1.382314431"
"IMF.STA:ESG_FINANCE_CURRENCY(3.0.3)","G001.CSSBI_USD.BRAZ14.A","OBS_VALUE","World","Cumulative Sustainability Bond Issuances, US dollar","Brazilian Real","Annual","Units","","","","","","","International Monetary Fund (IMF)","Statistics Department (STA)","datahelp@imf.org","","","","","Environment and climate; Climate finance","","","English","2026-01-08T16:17:00.239243200Z","2026-01-08T16:17:00.292229100Z","","The data are aggregated by country of incorporations, use of proceeds, type of currency and type of issuers (nonfinancial corporations, other financial corporations, banks, state owned entities, sovereign, state and local governments and international organizations). Sovereign green bonds are green bonds issued by central governments and central banks. Compilation of the indicator is based on the methodology used by London Stock Exchange Group, and divergences may be observed when compared to data from other providers. 
The source dataset is based on LSEG (formerly Refinitiv), which contain bond-by-bond issuances for Green Bonds, Social Bonds, Sustainability Bonds, and Sustainability-Linked Bonds starting from 2006 to 2024. Bonds by type encompass investment grade, high-yield, and not-rated bonds, commercial papers, certificates of deposit, and sukuks. By issuer type, bonds encompass government, corporate, agency, non-US munis, and other gov/supra bonds.","Public (Unrestricted)","","Public or Unrestricted","","LSEG. Accessed on 2025-02-24; IMF staff calculations.","© International Monetary Fund Copyright. All Rights Reserved. https://www.imf.org/external/terms.htm","International Monetary Fund. Green Bonds by Type of Currency,  https://data.imf.org/en/datasets/IMF.STA:ESG_FINANCE_CURRENCY. Accessed on [current date].","","","7.892211903"
"IMF.STA:ESG_FINANCE_CURRENCY(3.0.3)","G001.CSSBI_PT.CANA15.A","OBS_VALUE","World","Cumulative Sustainability Bond Issuances, Percent","Canadian Dollar","Annual","Units","","","","","","","International Monetary Fund (IMF)","Statistics Department (STA)","datahelp@imf.org","","","","","Environment and climate; Climate finance","","","English","2026-01-08T16:17:00.239243200Z","2026-01-08T16:17:00.292229100Z","","The data are aggregated by country of incorporations, use of proceeds, type of currency and type of issuers (nonfinancial corporations, other financial corporations, banks, state owned entities, sovereign, state and local governments and international organizations). Sovereign green bonds are green bonds issued by central governments and central banks. Compilation of the indicator is based on the methodology used by London Stock Exchange Group, and divergences may be observed when compared to data from other providers. 
The source dataset is based on LSEG (formerly Refinitiv), which contain bond-by-bond issuances for Green Bonds, Social Bonds, Sustainability Bonds, and Sustainability-Linked Bonds starting from 2006 to 2024. Bonds by type encompass investment grade, high-yield, and not-rated bonds, commercial papers, certificates of deposit, and sukuks. By issuer type, bonds encompass government, corporate, agency, non-US munis, and other gov/supra bonds.","Public (Unrestricted)","","Public or Unrestricted","","LSEG. Accessed on 2025-02-24; IMF staff calculations.","© International Monetary Fund Copyright. All Rights Reserved. https://www.imf.org/external/terms.htm","International Monetary Fund. Green Bonds by Type of Currency,  https://data.imf.org/en/datasets/IMF.STA:ESG_FINANCE_CURRENCY. Accessed on [current date].","","","2.250482803"
"IMF.STA:ESG_FINANCE_CURRENCY(3.0.3)","G001.CGBI_PT.CANA15.A","OBS_VALUE","World","Cumulative Green Bond Issuances, Percent","Canadian Dollar","Annual","Units","","","","","","","International Monetary Fund (IMF)","Statistics Department (STA)","datahelp@imf.org","","","","","Environment and climate; Climate finance","","","English","2026-01-08T16:17:00.239243200Z","2026-01-08T16:17:00.292229100Z","","The data are aggregated by country of incorporations, use of proceeds, type of currency and type of issuers (nonfinancial corporations, other financial corporations, banks, state owned entities, sovereign, state and local governments and international organizations). Sovereign green bonds are green bonds issued by central governments and central banks. Compilation of the indicator is based on the methodology used by London Stock Exchange Group, and divergences may be observed when compared to data from other providers. 
The source dataset is based on LSEG (formerly Refinitiv), which contain bond-by-bond issuances for Green Bonds, Social Bonds, Sustainability Bonds, and Sustainability-Linked Bonds starting from 2006 to 2024. Bonds by type encompass investment grade, high-yield, and not-rated bonds, commercial papers, certificates of deposit, and sukuks. By issuer type, bonds encompass government, corporate, agency, non-US munis, and other gov/supra bonds.","Public (Unrestricted)","","Public or Unrestricted","","LSEG. Accessed on 2025-02-24; IMF staff calculations.","© International Monetary Fund Copyright. All Rights Reserved. https://www.imf.org/external/terms.htm","International Monetary Fund. Green Bonds by Type of Currency,  https://data.imf.org/en/datasets/IMF.STA:ESG_FINANCE_CURRENCY. Accessed on [current date].","","","2.046604941"
"IMF.STA:ESG_FINANCE_CURRENCY(3.0.3)","G001.CSSBI_USD.NAMI15.A","OBS_VALUE","World","Cumulative Sustainability Bond Issuances, US dollar","Namibian Dollar","Annual","Units","","","","","","","International Monetary Fund (IMF)","Statistics Department (STA)","datahelp@imf.org","","","","","Environment and climate; Climate finance","","","English","2026-01-08T16:17:00.239243200Z","2026-01-08T16:17:00.292229100Z","","The data are aggregated by country of incorporations, use of proceeds, type of currency and type of issuers (nonfinancial corporations, other financial corporations, banks, state owned entities, sovereign, state and local governments and international organizations). Sovereign green bonds are green bonds issued by central governments and central banks. Compilation of the indicator is based on the methodology used by London Stock Exchange Group, and divergences may be observed when compared to data from other providers. 
The source dataset is based on LSEG (formerly Refinitiv), which contain bond-by-bond issuances for Green Bonds, Social Bonds, Sustainability Bonds, and Sustainability-Linked Bonds starting from 2006 to 2024. Bonds by type encompass investment grade, high-yield, and not-rated bonds, commercial papers, certificates of deposit, and sukuks. By issuer type, bonds encompass government, corporate, agency, non-US munis, and other gov/supra bonds.","Public (Unrestricted)","","Public or Unrestricted","","LSEG. Accessed on 2025-02-24; IMF staff calculations.","© International Monetary Fund Copyright. All Rights Reserved. https://www.imf.org/external/terms.htm","International Monetary Fund. Green Bonds by Type of Currency,  https://data.imf.org/en/datasets/IMF.STA:ESG_FINANCE_CURRENCY. Accessed on [current date].","","","0.012325234"
"IMF.STA:ESG_FINANCE_CURRENCY(3.0.3)","G001.CGBI_USD.MEXI12.A","OBS_VALUE","World","Cumulative Green Bond Issuances, US dollar","Mexican Peso","Annual","Units","","","","","","","International Monetary Fund (IMF)","Statistics Department (STA)","datahelp@imf.org","","","","","Environment and climate; Climate finance","","","English","2026-01-08T16:17:00.239243200Z","2026-01-08T16:17:00.292229100Z","","The data are aggregated by country of incorporations, use of proceeds, type of currency and type of issuers (nonfinancial corporations, other financial corporations, banks, state owned entities, sovereign, state and local governments and international organizations). Sovereign green bonds are green bonds issued by central governments and central banks. Compilation of the indicator is based on the methodology used by London Stock Exchange Group, and divergences may be observed when compared to data from other providers. 
The source dataset is based on LSEG (formerly Refinitiv), which contain bond-by-bond issuances for Green Bonds, Social Bonds, Sustainability Bonds, and Sustainability-Linked Bonds starting from 2006 to 2024. Bonds by type encompass investment grade, high-yield, and not-rated bonds, commercial papers, certificates of deposit, and sukuks. By issuer type, bonds encompass government, corporate, agency, non-US munis, and other gov/supra bonds.","Public (Unrestricted)","","Public or Unrestricted","","LSEG. Accessed on 2025-02-24; IMF staff calculations.","© International Monetary Fund Copyright. All Rights Reserved. https://www.imf.org/external/terms.htm","International Monetary Fund. Green Bonds by Type of Currency,  https://data.imf.org/en/datasets/IMF.STA:ESG_FINANCE_CURRENCY. Accessed on [current date].","","","5.454111154"
"IMF.STA:ESG_FINANCE_CURRENCY(3.0.3)","G001.CSSBI_USD.MALA17.A","OBS_VALUE","World","Cumulative Sustainability Bond Issuances, US dollar","Malaysian Ringgit","Annual","Units","","","","","","","International Monetary Fund (IMF)","Statistics Department (STA)","datahelp@imf.org","","","","","Environment and climate; Climate finance","","","English","2026-01-08T16:17:00.239243200Z","2026-01-08T16:17:00.292229100Z","","The data are aggregated by country of incorporations, use of proceeds, type of currency and type of issuers (nonfinancial corporations, other financial corporations, banks, state owned entities, sovereign, state and local governments and international organizations). Sovereign green bonds are green bonds issued by central governments and central banks. Compilation of the indicator is based on the methodology used by London Stock Exchange Group, and divergences may be observed when compared to data from other providers. 
The source dataset is based on LSEG (formerly Refinitiv), which contain bond-by-bond issuances for Green Bonds, Social Bonds, Sustainability Bonds, and Sustainability-Linked Bonds starting from 2006 to 2024. Bonds by type encompass investment grade, high-yield, and not-rated bonds, commercial papers, certificates of deposit, and sukuks. By issuer type, bonds encompass government, corporate, agency, non-US munis, and other gov/supra bonds.","Public (Unrestricted)","","Public or Unrestricted","","LSEG. Accessed on 2025-02-24; IMF staff calculations.","© International Monetary Fund Copyright. All Rights Reserved. https://www.imf.org/external/terms.htm","International Monetary Fund. Green Bonds by Type of Currency,  https://data.imf.org/en/datasets/IMF.STA:ESG_FINANCE_CURRENCY. Accessed on [current date].","","","11.47800157"
"IMF.STA:ESG_FINANCE_CURRENCY(3.0.3)","G001.CSSLBI_USD.NORW15.A","OBS_VALUE","World","Cumulative Sustainability Linked Bond Issuances, US dollar","Norwegian Krone","Annual","Units","","","","","","","International Monetary Fund (IMF)","Statistics Department (STA)","datahelp@imf.org","","","","","Environment and climate; Climate finance","","","English","2026-01-08T16:17:00.239243200Z","2026-01-08T16:17:00.292229100Z","","The data are aggregated by country of incorporations, use of proceeds, type of currency and type of issuers (nonfinancial corporations, other financial corporations, banks, state owned entities, sovereign, state and local governments and international organizations). Sovereign green bonds are green bonds issued by central governments and central banks. Compilation of the indicator is based on the methodology used by London Stock Exchange Group, and divergences may be observed when compared to data from other providers. 
The source dataset is based on LSEG (formerly Refinitiv), which contain bond-by-bond issuances for Green Bonds, Social Bonds, Sustainability Bonds, and Sustainability-Linked Bonds starting from 2006 to 2024. Bonds by type encompass investment grade, high-yield, and not-rated bonds, commercial papers, certificates of deposit, and sukuks. By issuer type, bonds encompass government, corporate, agency, non-US munis, and other gov/supra bonds.","Public (Unrestricted)","","Public or Unrestricted","","LSEG. Accessed on 2025-02-24; IMF staff calculations.","© International Monetary Fund Copyright. All Rights Reserved. https://www.imf.org/external/terms.htm","International Monetary Fund. Green Bonds by Type of Currency,  https://data.imf.org/en/datasets/IMF.STA:ESG_FINANCE_CURRENCY. Accessed on [current date].","","","1.167214237"
"IMF.STA:ESG_FINANCE_CURRENCY(3.0.3)","G001.CSSBI_USD.MEXI17.A","OBS_VALUE","World","Cumulative Sustainability Bond Issuances, US dollar","Mexican Unidad de Inversion","Annual","Units","","","","","","","International Monetary Fund (IMF)","Statistics Department (STA)","datahelp@imf.org","","","","","Environment and climate; Climate finance","","","English","2026-01-08T16:17:00.239243200Z","2026-01-08T16:17:00.292229100Z","","The data are aggregated by country of incorporations, use of proceeds, type of currency and type of issuers (nonfinancial corporations, other financial corporations, banks, state owned entities, sovereign, state and local governments and international organizations). Sovereign green bonds are green bonds issued by central governments and central banks. Compilation of the indicator is based on the methodology used by London Stock Exchange Group, and divergences may be observed when compared to data from other providers. 
The source dataset is based on LSEG (formerly Refinitiv), which contain bond-by-bond issuances for Green Bonds, Social Bonds, Sustainability Bonds, and Sustainability-Linked Bonds starting from 2006 to 2024. Bonds by type encompass investment grade, high-yield, and not-rated bonds, commercial papers, certificates of deposit, and sukuks. By issuer type, bonds encompass government, corporate, agency, non-US munis, and other gov/supra bonds.","Public (Unrestricted)","","Public or Unrestricted","","LSEG. Accessed on 2025-02-24; IMF staff calculations.","© International Monetary Fund Copyright. All Rights Reserved. https://www.imf.org/external/terms.htm","International Monetary Fund. Green Bonds by Type of Currency,  https://data.imf.org/en/datasets/IMF.STA:ESG_FINANCE_CURRENCY. Accessed on [current date].","","","0.333641576"
"IMF.STA:ESG_FINANCE_CURRENCY(3.0.3)","G001.CSBI_USD.DP.A","OBS_VALUE","World","Cumulative Social Bond Issuances, US dollar","Dominican Peso","Annual","Units","","","","","","","International Monetary Fund (IMF)","Statistics Department (STA)","datahelp@imf.org","","","","","Environment and climate; Climate finance","","","English","2026-01-08T16:17:00.239243200Z","2026-01-08T16:17:00.292229100Z","","The data are aggregated by country of incorporations, use of proceeds, type of currency and type of issuers (nonfinancial corporations, other financial corporations, banks, state owned entities, sovereign, state and local governments and international organizations). Sovereign green bonds are green bonds issued by central governments and central banks. Compilation of the indicator is based on the methodology used by London Stock Exchange Group, and divergences may be observed when compared to data from other providers. 
The source dataset is based on LSEG (formerly Refinitiv), which contain bond-by-bond issuances for Green Bonds, Social Bonds, Sustainability Bonds, and Sustainability-Linked Bonds starting from 2006 to 2024. Bonds by type encompass investment grade, high-yield, and not-rated bonds, commercial papers, certificates of deposit, and sukuks. By issuer type, bonds encompass government, corporate, agency, non-US munis, and other gov/supra bonds.","Public (Unrestricted)","","Public or Unrestricted","","LSEG. Accessed on 2025-02-24; IMF staff calculations.","© International Monetary Fund Copyright. All Rights Reserved. https://www.imf.org/external/terms.htm","International Monetary Fund. Green Bonds by Type of Currency,  https://data.imf.org/en/datasets/IMF.STA:ESG_FINANCE_CURRENCY. Accessed on [current date].","","","0.003223207"
"IMF.STA:ESG_FINANCE_CURRENCY(3.0.3)","G001.CGBI_USD.TAIW16.A","OBS_VALUE","World","Cumulative Green Bond Issuances, US dollar","Taiwanese Dollar","Annual","Units","","","","","","","International Monetary Fund (IMF)","Statistics Department (STA)","datahelp@imf.org","","","","","Environment and climate; Climate finance","","","English","2026-01-08T16:17:00.239243200Z","2026-01-08T16:17:00.292229100Z","","The data are aggregated by country of incorporations, use of proceeds, type of currency and type of issuers (nonfinancial corporations, other financial corporations, banks, state owned entities, sovereign, state and local governments and international organizations). Sovereign green bonds are green bonds issued by central governments and central banks. Compilation of the indicator is based on the methodology used by London Stock Exchange Group, and divergences may be observed when compared to data from other providers. 
The source dataset is based on LSEG (formerly Refinitiv), which contain bond-by-bond issuances for Green Bonds, Social Bonds, Sustainability Bonds, and Sustainability-Linked Bonds starting from 2006 to 2024. Bonds by type encompass investment grade, high-yield, and not-rated bonds, commercial papers, certificates of deposit, and sukuks. By issuer type, bonds encompass government, corporate, agency, non-US munis, and other gov/supra bonds.","Public (Unrestricted)","","Public or Unrestricted","","LSEG. Accessed on 2025-02-24; IMF staff calculations.","© International Monetary Fund Copyright. All Rights Reserved. https://www.imf.org/external/terms.htm","International Monetary Fund. Green Bonds by Type of Currency,  https://data.imf.org/en/datasets/IMF.STA:ESG_FINANCE_CURRENCY. Accessed on [current date].","","","12.20561772"
"IMF.STA:ESG_FINANCE_CURRENCY(3.0.3)","G001.CSSBI_USD.MEXI12.A","OBS_VALUE","World","Cumulative Sustainability Bond Issuances, US dollar","Mexican Peso","Annual","Units","","","","","","","International Monetary Fund (IMF)","Statistics Department (STA)","datahelp@imf.org","","","","","Environment and climate; Climate finance","","","English","2026-01-08T16:17:00.239243200Z","2026-01-08T16:17:00.292229100Z","","The data are aggregated by country of incorporations, use of proceeds, type of currency and type of issuers (nonfinancial corporations, other financial corporations, banks, state owned entities, sovereign, state and local governments and international organizations). Sovereign green bonds are green bonds issued by central governments and central banks. Compilation of the indicator is based on the methodology used by London Stock Exchange Group, and divergences may be observed when compared to data from other providers. 
The source dataset is based on LSEG (formerly Refinitiv), which contain bond-by-bond issuances for Green Bonds, Social Bonds, Sustainability Bonds, and Sustainability-Linked Bonds starting from 2006 to 2024. Bonds by type encompass investment grade, high-yield, and not-rated bonds, commercial papers, certificates of deposit, and sukuks. By issuer type, bonds encompass government, corporate, agency, non-US munis, and other gov/supra bonds.","Public (Unrestricted)","","Public or Unrestricted","","LSEG. Accessed on 2025-02-24; IMF staff calculations.","© International Monetary Fund Copyright. All Rights Reserved. https://www.imf.org/external/terms.htm","International Monetary Fund. Green Bonds by Type of Currency,  https://data.imf.org/en/datasets/IMF.STA:ESG_FINANCE_CURRENCY. Accessed on [current date].","","","23.85195206"
"IMF.STA:ESG_FINANCE_CURRENCY(3.0.3)","G001.CGBI_USD.KAZA17.A","OBS_VALUE","World","Cumulative Green Bond Issuances, US dollar","Kazakhstani Tenge","Annual","Units","","","","","","","International Monetary Fund (IMF)","Statistics Department (STA)","datahelp@imf.org","","","","","Environment and climate; Climate finance","","","English","2026-01-08T16:17:00.239243200Z","2026-01-08T16:17:00.292229100Z","","The data are aggregated by country of incorporations, use of proceeds, type of currency and type of issuers (nonfinancial corporations, other financial corporations, banks, state owned entities, sovereign, state and local governments and international organizations). Sovereign green bonds are green bonds issued by central governments and central banks. Compilation of the indicator is based on the methodology used by London Stock Exchange Group, and divergences may be observed when compared to data from other providers. 
The source dataset is based on LSEG (formerly Refinitiv), which contain bond-by-bond issuances for Green Bonds, Social Bonds, Sustainability Bonds, and Sustainability-Linked Bonds starting from 2006 to 2024. Bonds by type encompass investment grade, high-yield, and not-rated bonds, commercial papers, certificates of deposit, and sukuks. By issuer type, bonds encompass government, corporate, agency, non-US munis, and other gov/supra bonds.","Public (Unrestricted)","","Public or Unrestricted","","LSEG. Accessed on 2025-02-24; IMF staff calculations.","© International Monetary Fund Copyright. All Rights Reserved. https://www.imf.org/external/terms.htm","International Monetary Fund. Green Bonds by Type of Currency,  https://data.imf.org/en/datasets/IMF.STA:ESG_FINANCE_CURRENCY. Accessed on [current date].","","","0.227214597"
"IMF.STA:ESG_FINANCE_CURRENCY(3.0.3)","G001.CGBI_PT.MP.A","OBS_VALUE","World","Cumulative Green Bond Issuances, Percent","Macanese Pataca","Annual","Units","","","","","","","International Monetary Fund (IMF)","Statistics Department (STA)","datahelp@imf.org","","","","","Environment and climate; Climate finance","","","English","2026-01-08T16:17:00.239243200Z","2026-01-08T16:17:00.292229100Z","","The data are aggregated by country of incorporations, use of proceeds, type of currency and type of issuers (nonfinancial corporations, other financial corporations, banks, state owned entities, sovereign, state and local governments and international organizations). Sovereign green bonds are green bonds issued by central governments and central banks. Compilation of the indicator is based on the methodology used by London Stock Exchange Group, and divergences may be observed when compared to data from other providers. 
The source dataset is based on LSEG (formerly Refinitiv), which contain bond-by-bond issuances for Green Bonds, Social Bonds, Sustainability Bonds, and Sustainability-Linked Bonds starting from 2006 to 2024. Bonds by type encompass investment grade, high-yield, and not-rated bonds, commercial papers, certificates of deposit, and sukuks. By issuer type, bonds encompass government, corporate, agency, non-US munis, and other gov/supra bonds.","Public (Unrestricted)","","Public or Unrestricted","","LSEG. Accessed on 2025-02-24; IMF staff calculations.","© International Monetary Fund Copyright. All Rights Reserved. https://www.imf.org/external/terms.htm","International Monetary Fund. Green Bonds by Type of Currency,  https://data.imf.org/en/datasets/IMF.STA:ESG_FINANCE_CURRENCY. Accessed on [current date].","","","0.010576643"
"IMF.STA:ESG_FINANCE_CURRENCY(3.0.3)","G001.CGBI_USD.TURK12.A","OBS_VALUE","World","Cumulative Green Bond Issuances, US dollar","Turkish Lira","Annual","Units","","","","","","","International Monetary Fund (IMF)","Statistics Department (STA)","datahelp@imf.org","","","","","Environment and climate; Climate finance","","","English","2026-01-08T16:17:00.239243200Z","2026-01-08T16:17:00.292229100Z","","The data are aggregated by country of incorporations, use of proceeds, type of currency and type of issuers (nonfinancial corporations, other financial corporations, banks, state owned entities, sovereign, state and local governments and international organizations). Sovereign green bonds are green bonds issued by central governments and central banks. Compilation of the indicator is based on the methodology used by London Stock Exchange Group, and divergences may be observed when compared to data from other providers. 
The source dataset is based on LSEG (formerly Refinitiv), which contain bond-by-bond issuances for Green Bonds, Social Bonds, Sustainability Bonds, and Sustainability-Linked Bonds starting from 2006 to 2024. Bonds by type encompass investment grade, high-yield, and not-rated bonds, commercial papers, certificates of deposit, and sukuks. By issuer type, bonds encompass government, corporate, agency, non-US munis, and other gov/supra bonds.","Public (Unrestricted)","","Public or Unrestricted","","LSEG. Accessed on 2025-02-24; IMF staff calculations.","© International Monetary Fund Copyright. All Rights Reserved. https://www.imf.org/external/terms.htm","International Monetary Fund. Green Bonds by Type of Currency,  https://data.imf.org/en/datasets/IMF.STA:ESG_FINANCE_CURRENCY. Accessed on [current date].","","","0.246898452"
"IMF.STA:ESG_FINANCE_CURRENCY(3.0.3)","G001.CSSBI_USD.ARGE16.A","OBS_VALUE","World","Cumulative Sustainability Bond Issuances, US dollar","Argentinian Peso","Annual","Units","","","","","","","International Monetary Fund (IMF)","Statistics Department (STA)","datahelp@imf.org","","","","","Environment and climate; Climate finance","","","English","2026-01-08T16:17:00.239243200Z","2026-01-08T16:17:00.292229100Z","","The data are aggregated by country of incorporations, use of proceeds, type of currency and type of issuers (nonfinancial corporations, other financial corporations, banks, state owned entities, sovereign, state and local governments and international organizations). Sovereign green bonds are green bonds issued by central governments and central banks. Compilation of the indicator is based on the methodology used by London Stock Exchange Group, and divergences may be observed when compared to data from other providers. 
The source dataset is based on LSEG (formerly Refinitiv), which contain bond-by-bond issuances for Green Bonds, Social Bonds, Sustainability Bonds, and Sustainability-Linked Bonds starting from 2006 to 2024. Bonds by type encompass investment grade, high-yield, and not-rated bonds, commercial papers, certificates of deposit, and sukuks. By issuer type, bonds encompass government, corporate, agency, non-US munis, and other gov/supra bonds.","Public (Unrestricted)","","Public or Unrestricted","","LSEG. Accessed on 2025-02-24; IMF staff calculations.","© International Monetary Fund Copyright. All Rights Reserved. https://www.imf.org/external/terms.htm","International Monetary Fund. Green Bonds by Type of Currency,  https://data.imf.org/en/datasets/IMF.STA:ESG_FINANCE_CURRENCY. Accessed on [current date].","","","0.157800561"
"IMF.STA:ESG_FINANCE_CURRENCY(3.0.3)","G001.CSSBI_USD.KES.A","OBS_VALUE","World","Cumulative Sustainability Bond Issuances, US dollar","Kenyan Shilling","Annual","Units","","","","","","","International Monetary Fund (IMF)","Statistics Department (STA)","datahelp@imf.org","","","","","Environment and climate; Climate finance","","","English","2026-01-08T16:17:00.239243200Z","2026-01-08T16:17:00.292229100Z","","The data are aggregated by country of incorporations, use of proceeds, type of currency and type of issuers (nonfinancial corporations, other financial corporations, banks, state owned entities, sovereign, state and local governments and international organizations). Sovereign green bonds are green bonds issued by central governments and central banks. Compilation of the indicator is based on the methodology used by London Stock Exchange Group, and divergences may be observed when compared to data from other providers. 
The source dataset is based on LSEG (formerly Refinitiv), which contain bond-by-bond issuances for Green Bonds, Social Bonds, Sustainability Bonds, and Sustainability-Linked Bonds starting from 2006 to 2024. Bonds by type encompass investment grade, high-yield, and not-rated bonds, commercial papers, certificates of deposit, and sukuks. By issuer type, bonds encompass government, corporate, agency, non-US munis, and other gov/supra bonds.","Public (Unrestricted)","","Public or Unrestricted","","LSEG. Accessed on 2025-02-24; IMF staff calculations.","© International Monetary Fund Copyright. All Rights Reserved. https://www.imf.org/external/terms.htm","International Monetary Fund. Green Bonds by Type of Currency,  https://data.imf.org/en/datasets/IMF.STA:ESG_FINANCE_CURRENCY. Accessed on [current date].","","","0.004651162"
"IMF.STA:ESG_FINANCE_CURRENCY(3.0.3)","G001.CSSBI_PT.COLO14.A","OBS_VALUE","World","Cumulative Sustainability Bond Issuances, Percent","Colombian Peso","Annual","Units","","","","","","","International Monetary Fund (IMF)","Statistics Department (STA)","datahelp@imf.org","","","","","Environment and climate; Climate finance","","","English","2026-01-08T16:17:00.239243200Z","2026-01-08T16:17:00.292229100Z","","The data are aggregated by country of incorporations, use of proceeds, type of currency and type of issuers (nonfinancial corporations, other financial corporations, banks, state owned entities, sovereign, state and local governments and international organizations). Sovereign green bonds are green bonds issued by central governments and central banks. Compilation of the indicator is based on the methodology used by London Stock Exchange Group, and divergences may be observed when compared to data from other providers. 
The source dataset is based on LSEG (formerly Refinitiv), which contain bond-by-bond issuances for Green Bonds, Social Bonds, Sustainability Bonds, and Sustainability-Linked Bonds starting from 2006 to 2024. Bonds by type encompass investment grade, high-yield, and not-rated bonds, commercial papers, certificates of deposit, and sukuks. By issuer type, bonds encompass government, corporate, agency, non-US munis, and other gov/supra bonds.","Public (Unrestricted)","","Public or Unrestricted","","LSEG. Accessed on 2025-02-24; IMF staff calculations.","© International Monetary Fund Copyright. All Rights Reserved. https://www.imf.org/external/terms.htm","International Monetary Fund. Green Bonds by Type of Currency,  https://data.imf.org/en/datasets/IMF.STA:ESG_FINANCE_CURRENCY. Accessed on [current date].","","","0.0412"
"IMF.STA:ESG_FINANCE_CURRENCY(3.0.3)","G001.CGBI_USD.IK.A","OBS_VALUE","World","Cumulative Green Bond Issuances, US dollar","Icelandic Krona","Annual","Units","","","","","","","International Monetary Fund (IMF)","Statistics Department (STA)","datahelp@imf.org","","","","","Environment and climate; Climate finance","","","English","2026-01-08T16:17:00.239243200Z","2026-01-08T16:17:00.292229100Z","","The data are aggregated by country of incorporations, use of proceeds, type of currency and type of issuers (nonfinancial corporations, other financial corporations, banks, state owned entities, sovereign, state and local governments and international organizations). Sovereign green bonds are green bonds issued by central governments and central banks. Compilation of the indicator is based on the methodology used by London Stock Exchange Group, and divergences may be observed when compared to data from other providers. 
The source dataset is based on LSEG (formerly Refinitiv), which contain bond-by-bond issuances for Green Bonds, Social Bonds, Sustainability Bonds, and Sustainability-Linked Bonds starting from 2006 to 2024. Bonds by type encompass investment grade, high-yield, and not-rated bonds, commercial papers, certificates of deposit, and sukuks. By issuer type, bonds encompass government, corporate, agency, non-US munis, and other gov/supra bonds.","Public (Unrestricted)","","Public or Unrestricted","","LSEG. Accessed on 2025-02-24; IMF staff calculations.","© International Monetary Fund Copyright. All Rights Reserved. https://www.imf.org/external/terms.htm","International Monetary Fund. Green Bonds by Type of Currency,  https://data.imf.org/en/datasets/IMF.STA:ESG_FINANCE_CURRENCY. Accessed on [current date].","","","1.058021574"
"IMF.STA:ESG_FINANCE_CURRENCY(3.0.3)","G001.CSSBI_USD.URP.A","OBS_VALUE","World","Cumulative Sustainability Bond Issuances, US dollar","Uruguayan Peso","Annual","Units","","","","","","","International Monetary Fund (IMF)","Statistics Department (STA)","datahelp@imf.org","","","","","Environment and climate; Climate finance","","","English","2026-01-08T16:17:00.239243200Z","2026-01-08T16:17:00.292229100Z","","The data are aggregated by country of incorporations, use of proceeds, type of currency and type of issuers (nonfinancial corporations, other financial corporations, banks, state owned entities, sovereign, state and local governments and international organizations). Sovereign green bonds are green bonds issued by central governments and central banks. Compilation of the indicator is based on the methodology used by London Stock Exchange Group, and divergences may be observed when compared to data from other providers. 
The source dataset is based on LSEG (formerly Refinitiv), which contain bond-by-bond issuances for Green Bonds, Social Bonds, Sustainability Bonds, and Sustainability-Linked Bonds starting from 2006 to 2024. Bonds by type encompass investment grade, high-yield, and not-rated bonds, commercial papers, certificates of deposit, and sukuks. By issuer type, bonds encompass government, corporate, agency, non-US munis, and other gov/supra bonds.","Public (Unrestricted)","","Public or Unrestricted","","LSEG. Accessed on 2025-02-24; IMF staff calculations.","© International Monetary Fund Copyright. All Rights Reserved. https://www.imf.org/external/terms.htm","International Monetary Fund. Green Bonds by Type of Currency,  https://data.imf.org/en/datasets/IMF.STA:ESG_FINANCE_CURRENCY. Accessed on [current date].","","","0.525175584"
"IMF.STA:ESG_FINANCE_CURRENCY(3.0.3)","G001.CSSBI_PT.AD.A","OBS_VALUE","World","Cumulative Sustainability Bond Issuances, Percent","Armenian Dram","Annual","Units","","","","","","","International Monetary Fund (IMF)","Statistics Department (STA)","datahelp@imf.org","","","","","Environment and climate; Climate finance","","","English","2026-01-08T16:17:00.239243200Z","2026-01-08T16:17:00.292229100Z","","The data are aggregated by country of incorporations, use of proceeds, type of currency and type of issuers (nonfinancial corporations, other financial corporations, banks, state owned entities, sovereign, state and local governments and international organizations). Sovereign green bonds are green bonds issued by central governments and central banks. Compilation of the indicator is based on the methodology used by London Stock Exchange Group, and divergences may be observed when compared to data from other providers. 
The source dataset is based on LSEG (formerly Refinitiv), which contain bond-by-bond issuances for Green Bonds, Social Bonds, Sustainability Bonds, and Sustainability-Linked Bonds starting from 2006 to 2024. Bonds by type encompass investment grade, high-yield, and not-rated bonds, commercial papers, certificates of deposit, and sukuks. By issuer type, bonds encompass government, corporate, agency, non-US munis, and other gov/supra bonds.","Public (Unrestricted)","","Public or Unrestricted","","LSEG. Accessed on 2025-02-24; IMF staff calculations.","© International Monetary Fund Copyright. All Rights Reserved. https://www.imf.org/external/terms.htm","International Monetary Fund. Green Bonds by Type of Currency,  https://data.imf.org/en/datasets/IMF.STA:ESG_FINANCE_CURRENCY. Accessed on [current date].","","","0.0012"
"IMF.STA:ESG_FINANCE_CURRENCY(3.0.3)","G001.CSSLBI_PT.CP.A","OBS_VALUE","World","Cumulative Sustainability Linked Bond Issuances, Percent","Chilean Peso","Annual","Units","","","","","","","International Monetary Fund (IMF)","Statistics Department (STA)","datahelp@imf.org","","","","","Environment and climate; Climate finance","","","English","2026-01-08T16:17:00.239243200Z","2026-01-08T16:17:00.292229100Z","","The data are aggregated by country of incorporations, use of proceeds, type of currency and type of issuers (nonfinancial corporations, other financial corporations, banks, state owned entities, sovereign, state and local governments and international organizations). Sovereign green bonds are green bonds issued by central governments and central banks. Compilation of the indicator is based on the methodology used by London Stock Exchange Group, and divergences may be observed when compared to data from other providers. 
The source dataset is based on LSEG (formerly Refinitiv), which contain bond-by-bond issuances for Green Bonds, Social Bonds, Sustainability Bonds, and Sustainability-Linked Bonds starting from 2006 to 2024. Bonds by type encompass investment grade, high-yield, and not-rated bonds, commercial papers, certificates of deposit, and sukuks. By issuer type, bonds encompass government, corporate, agency, non-US munis, and other gov/supra bonds.","Public (Unrestricted)","","Public or Unrestricted","","LSEG. Accessed on 2025-02-24; IMF staff calculations.","© International Monetary Fund Copyright. All Rights Reserved. https://www.imf.org/external/terms.htm","International Monetary Fund. Green Bonds by Type of Currency,  https://data.imf.org/en/datasets/IMF.STA:ESG_FINANCE_CURRENCY. Accessed on [current date].","","","1.134168731"
"IMF.STA:ESG_FINANCE_CURRENCY(3.0.3)","G001.CSSBI_PT.BRAZ14.A","OBS_VALUE","World","Cumulative Sustainability Bond Issuances, Percent","Brazilian Real","Annual","Units","","","","","","","International Monetary Fund (IMF)","Statistics Department (STA)","datahelp@imf.org","","","","","Environment and climate; Climate finance","","","English","2026-01-08T16:17:00.239243200Z","2026-01-08T16:17:00.292229100Z","","The data are aggregated by country of incorporations, use of proceeds, type of currency and type of issuers (nonfinancial corporations, other financial corporations, banks, state owned entities, sovereign, state and local governments and international organizations). Sovereign green bonds are green bonds issued by central governments and central banks. Compilation of the indicator is based on the methodology used by London Stock Exchange Group, and divergences may be observed when compared to data from other providers. 
The source dataset is based on LSEG (formerly Refinitiv), which contain bond-by-bond issuances for Green Bonds, Social Bonds, Sustainability Bonds, and Sustainability-Linked Bonds starting from 2006 to 2024. Bonds by type encompass investment grade, high-yield, and not-rated bonds, commercial papers, certificates of deposit, and sukuks. By issuer type, bonds encompass government, corporate, agency, non-US munis, and other gov/supra bonds.","Public (Unrestricted)","","Public or Unrestricted","","LSEG. Accessed on 2025-02-24; IMF staff calculations.","© International Monetary Fund Copyright. All Rights Reserved. https://www.imf.org/external/terms.htm","International Monetary Fund. Green Bonds by Type of Currency,  https://data.imf.org/en/datasets/IMF.STA:ESG_FINANCE_CURRENCY. Accessed on [current date].","","","0.710943779"
"IMF.STA:ESG_FINANCE_CURRENCY(3.0.3)","G001.CSBI_USD.EURO4.A","OBS_VALUE","World","Cumulative Social Bond Issuances, US dollar","Euro","Annual","Units","","","","","","","International Monetary Fund (IMF)","Statistics Department (STA)","datahelp@imf.org","","","","","Environment and climate; Climate finance","","","English","2026-01-08T16:17:00.239243200Z","2026-01-08T16:17:00.292229100Z","","The data are aggregated by country of incorporations, use of proceeds, type of currency and type of issuers (nonfinancial corporations, other financial corporations, banks, state owned entities, sovereign, state and local governments and international organizations). Sovereign green bonds are green bonds issued by central governments and central banks. Compilation of the indicator is based on the methodology used by London Stock Exchange Group, and divergences may be observed when compared to data from other providers. 
The source dataset is based on LSEG (formerly Refinitiv), which contain bond-by-bond issuances for Green Bonds, Social Bonds, Sustainability Bonds, and Sustainability-Linked Bonds starting from 2006 to 2024. Bonds by type encompass investment grade, high-yield, and not-rated bonds, commercial papers, certificates of deposit, and sukuks. By issuer type, bonds encompass government, corporate, agency, non-US munis, and other gov/supra bonds.","Public (Unrestricted)","","Public or Unrestricted","","LSEG. Accessed on 2025-02-24; IMF staff calculations.","© International Monetary Fund Copyright. All Rights Reserved. https://www.imf.org/external/terms.htm","International Monetary Fund. Green Bonds by Type of Currency,  https://data.imf.org/en/datasets/IMF.STA:ESG_FINANCE_CURRENCY. Accessed on [current date].","","","416.8120515"
"IMF.STA:ESG_FINANCE_CURRENCY(3.0.3)","G001.CSBI_USD.CHIL25.A","OBS_VALUE","World","Cumulative Social Bond Issuances, US dollar","Chilean Unidad de Fomento","Annual","Units","","","","","","","International Monetary Fund (IMF)","Statistics Department (STA)","datahelp@imf.org","","","","","Environment and climate; Climate finance","","","English","2026-01-08T16:17:00.239243200Z","2026-01-08T16:17:00.292229100Z","","The data are aggregated by country of incorporations, use of proceeds, type of currency and type of issuers (nonfinancial corporations, other financial corporations, banks, state owned entities, sovereign, state and local governments and international organizations). Sovereign green bonds are green bonds issued by central governments and central banks. Compilation of the indicator is based on the methodology used by London Stock Exchange Group, and divergences may be observed when compared to data from other providers. 
The source dataset is based on LSEG (formerly Refinitiv), which contain bond-by-bond issuances for Green Bonds, Social Bonds, Sustainability Bonds, and Sustainability-Linked Bonds starting from 2006 to 2024. Bonds by type encompass investment grade, high-yield, and not-rated bonds, commercial papers, certificates of deposit, and sukuks. By issuer type, bonds encompass government, corporate, agency, non-US munis, and other gov/supra bonds.","Public (Unrestricted)","","Public or Unrestricted","","LSEG. Accessed on 2025-02-24; IMF staff calculations.","© International Monetary Fund Copyright. All Rights Reserved. https://www.imf.org/external/terms.htm","International Monetary Fund. Green Bonds by Type of Currency,  https://data.imf.org/en/datasets/IMF.STA:ESG_FINANCE_CURRENCY. Accessed on [current date].","","","0.215181784"
"IMF.STA:ESG_FINANCE_CURRENCY(3.0.3)","G001.CSSBI_USD.SWIS11.A","OBS_VALUE","World","Cumulative Sustainability Bond Issuances, US dollar","Swiss Franc","Annual","Units","","","","","","","International Monetary Fund (IMF)","Statistics Department (STA)","datahelp@imf.org","","","","","Environment and climate; Climate finance","","","English","2026-01-08T16:17:00.239243200Z","2026-01-08T16:17:00.292229100Z","","The data are aggregated by country of incorporations, use of proceeds, type of currency and type of issuers (nonfinancial corporations, other financial corporations, banks, state owned entities, sovereign, state and local governments and international organizations). Sovereign green bonds are green bonds issued by central governments and central banks. Compilation of the indicator is based on the methodology used by London Stock Exchange Group, and divergences may be observed when compared to data from other providers. 
The source dataset is based on LSEG (formerly Refinitiv), which contain bond-by-bond issuances for Green Bonds, Social Bonds, Sustainability Bonds, and Sustainability-Linked Bonds starting from 2006 to 2024. Bonds by type encompass investment grade, high-yield, and not-rated bonds, commercial papers, certificates of deposit, and sukuks. By issuer type, bonds encompass government, corporate, agency, non-US munis, and other gov/supra bonds.","Public (Unrestricted)","","Public or Unrestricted","","LSEG. Accessed on 2025-02-24; IMF staff calculations.","© International Monetary Fund Copyright. All Rights Reserved. https://www.imf.org/external/terms.htm","International Monetary Fund. Green Bonds by Type of Currency,  https://data.imf.org/en/datasets/IMF.STA:ESG_FINANCE_CURRENCY. Accessed on [current date].","","","1.672807324"
"IMF.STA:ESG_FINANCE_CURRENCY(3.0.3)","G001.CGBI_PT.CHIN12.A","OBS_VALUE","World","Cumulative Green Bond Issuances, Percent","Chinese Yuan","Annual","Units","","","","","","","International Monetary Fund (IMF)","Statistics Department (STA)","datahelp@imf.org","","","","","Environment and climate; Climate finance","","","English","2026-01-08T16:17:00.239243200Z","2026-01-08T16:17:00.292229100Z","","The data are aggregated by country of incorporations, use of proceeds, type of currency and type of issuers (nonfinancial corporations, other financial corporations, banks, state owned entities, sovereign, state and local governments and international organizations). Sovereign green bonds are green bonds issued by central governments and central banks. Compilation of the indicator is based on the methodology used by London Stock Exchange Group, and divergences may be observed when compared to data from other providers. 
The source dataset is based on LSEG (formerly Refinitiv), which contain bond-by-bond issuances for Green Bonds, Social Bonds, Sustainability Bonds, and Sustainability-Linked Bonds starting from 2006 to 2024. Bonds by type encompass investment grade, high-yield, and not-rated bonds, commercial papers, certificates of deposit, and sukuks. By issuer type, bonds encompass government, corporate, agency, non-US munis, and other gov/supra bonds.","Public (Unrestricted)","","Public or Unrestricted","","LSEG. Accessed on 2025-02-24; IMF staff calculations.","© International Monetary Fund Copyright. All Rights Reserved. https://www.imf.org/external/terms.htm","International Monetary Fund. Green Bonds by Type of Currency,  https://data.imf.org/en/datasets/IMF.STA:ESG_FINANCE_CURRENCY. Accessed on [current date].","","","13.50749525"
"IMF.STA:ESG_FINANCE_CURRENCY(3.0.3)","G001.CSSLBI_PT.CANA15.A","OBS_VALUE","World","Cumulative Sustainability Linked Bond Issuances, Percent","Canadian Dollar","Annual","Units","","","","","","","International Monetary Fund (IMF)","Statistics Department (STA)","datahelp@imf.org","","","","","Environment and climate; Climate finance","","","English","2026-01-08T16:17:00.239243200Z","2026-01-08T16:17:00.292229100Z","","The data are aggregated by country of incorporations, use of proceeds, type of currency and type of issuers (nonfinancial corporations, other financial corporations, banks, state owned entities, sovereign, state and local governments and international organizations). Sovereign green bonds are green bonds issued by central governments and central banks. Compilation of the indicator is based on the methodology used by London Stock Exchange Group, and divergences may be observed when compared to data from other providers. 
The source dataset is based on LSEG (formerly Refinitiv), which contain bond-by-bond issuances for Green Bonds, Social Bonds, Sustainability Bonds, and Sustainability-Linked Bonds starting from 2006 to 2024. Bonds by type encompass investment grade, high-yield, and not-rated bonds, commercial papers, certificates of deposit, and sukuks. By issuer type, bonds encompass government, corporate, agency, non-US munis, and other gov/supra bonds.","Public (Unrestricted)","","Public or Unrestricted","","LSEG. Accessed on 2025-02-24; IMF staff calculations.","© International Monetary Fund Copyright. All Rights Reserved. https://www.imf.org/external/terms.htm","International Monetary Fund. Green Bonds by Type of Currency,  https://data.imf.org/en/datasets/IMF.STA:ESG_FINANCE_CURRENCY. Accessed on [current date].","","","1.232920903"
"IMF.STA:ESG_FINANCE_CURRENCY(3.0.3)","G001.CGBI_USD.SOUT18.A","OBS_VALUE","World","Cumulative Green Bond Issuances, US dollar","South African Rand","Annual","Units","","","","","","","International Monetary Fund (IMF)","Statistics Department (STA)","datahelp@imf.org","","","","","Environment and climate; Climate finance","","","English","2026-01-08T16:17:00.239243200Z","2026-01-08T16:17:00.292229100Z","","The data are aggregated by country of incorporations, use of proceeds, type of currency and type of issuers (nonfinancial corporations, other financial corporations, banks, state owned entities, sovereign, state and local governments and international organizations). Sovereign green bonds are green bonds issued by central governments and central banks. Compilation of the indicator is based on the methodology used by London Stock Exchange Group, and divergences may be observed when compared to data from other providers. 
The source dataset is based on LSEG (formerly Refinitiv), which contain bond-by-bond issuances for Green Bonds, Social Bonds, Sustainability Bonds, and Sustainability-Linked Bonds starting from 2006 to 2024. Bonds by type encompass investment grade, high-yield, and not-rated bonds, commercial papers, certificates of deposit, and sukuks. By issuer type, bonds encompass government, corporate, agency, non-US munis, and other gov/supra bonds.","Public (Unrestricted)","","Public or Unrestricted","","LSEG. Accessed on 2025-02-24; IMF staff calculations.","© International Monetary Fund Copyright. All Rights Reserved. https://www.imf.org/external/terms.htm","International Monetary Fund. Green Bonds by Type of Currency,  https://data.imf.org/en/datasets/IMF.STA:ESG_FINANCE_CURRENCY. Accessed on [current date].","","","3.195253613"
"IMF.STA:ESG_FINANCE_CURRENCY(3.0.3)","G001.CGBI_USD.BRIT13.A","OBS_VALUE","World","Cumulative Green Bond Issuances, US dollar","British Pound","Annual","Units","","","","","","","International Monetary Fund (IMF)","Statistics Department (STA)","datahelp@imf.org","","","","","Environment and climate; Climate finance","","","English","2026-01-08T16:17:00.239243200Z","2026-01-08T16:17:00.292229100Z","","The data are aggregated by country of incorporations, use of proceeds, type of currency and type of issuers (nonfinancial corporations, other financial corporations, banks, state owned entities, sovereign, state and local governments and international organizations). Sovereign green bonds are green bonds issued by central governments and central banks. Compilation of the indicator is based on the methodology used by London Stock Exchange Group, and divergences may be observed when compared to data from other providers. 
The source dataset is based on LSEG (formerly Refinitiv), which contain bond-by-bond issuances for Green Bonds, Social Bonds, Sustainability Bonds, and Sustainability-Linked Bonds starting from 2006 to 2024. Bonds by type encompass investment grade, high-yield, and not-rated bonds, commercial papers, certificates of deposit, and sukuks. By issuer type, bonds encompass government, corporate, agency, non-US munis, and other gov/supra bonds.","Public (Unrestricted)","","Public or Unrestricted","","LSEG. Accessed on 2025-02-24; IMF staff calculations.","© International Monetary Fund Copyright. All Rights Reserved. https://www.imf.org/external/terms.htm","International Monetary Fund. Green Bonds by Type of Currency,  https://data.imf.org/en/datasets/IMF.STA:ESG_FINANCE_CURRENCY. Accessed on [current date].","","","135.1612119"
"IMF.STA:ESG_FINANCE_CURRENCY(3.0.3)","G001.CSBI_PT.HUNG16.A","OBS_VALUE","World","Cumulative Social Bond Issuances, Percent","Hungarian Forint","Annual","Units","","","","","","","International Monetary Fund (IMF)","Statistics Department (STA)","datahelp@imf.org","","","","","Environment and climate; Climate finance","","","English","2026-01-08T16:17:00.239243200Z","2026-01-08T16:17:00.292229100Z","","The data are aggregated by country of incorporations, use of proceeds, type of currency and type of issuers (nonfinancial corporations, other financial corporations, banks, state owned entities, sovereign, state and local governments and international organizations). Sovereign green bonds are green bonds issued by central governments and central banks. Compilation of the indicator is based on the methodology used by London Stock Exchange Group, and divergences may be observed when compared to data from other providers. 
The source dataset is based on LSEG (formerly Refinitiv), which contain bond-by-bond issuances for Green Bonds, Social Bonds, Sustainability Bonds, and Sustainability-Linked Bonds starting from 2006 to 2024. Bonds by type encompass investment grade, high-yield, and not-rated bonds, commercial papers, certificates of deposit, and sukuks. By issuer type, bonds encompass government, corporate, agency, non-US munis, and other gov/supra bonds.","Public (Unrestricted)","","Public or Unrestricted","","LSEG. Accessed on 2025-02-24; IMF staff calculations.","© International Monetary Fund Copyright. All Rights Reserved. https://www.imf.org/external/terms.htm","International Monetary Fund. Green Bonds by Type of Currency,  https://data.imf.org/en/datasets/IMF.STA:ESG_FINANCE_CURRENCY. Accessed on [current date].","","","0.00455"
"IMF.STA:ESG_FINANCE_CURRENCY(3.0.3)","G001.CGBI_USD.CHIN12.A","OBS_VALUE","World","Cumulative Green Bond Issuances, US dollar","Chinese Yuan","Annual","Units","","","","","","","International Monetary Fund (IMF)","Statistics Department (STA)","datahelp@imf.org","","","","","Environment and climate; Climate finance","","","English","2026-01-08T16:17:00.239243200Z","2026-01-08T16:17:00.292229100Z","","The data are aggregated by country of incorporations, use of proceeds, type of currency and type of issuers (nonfinancial corporations, other financial corporations, banks, state owned entities, sovereign, state and local governments and international organizations). Sovereign green bonds are green bonds issued by central governments and central banks. Compilation of the indicator is based on the methodology used by London Stock Exchange Group, and divergences may be observed when compared to data from other providers. 
The source dataset is based on LSEG (formerly Refinitiv), which contain bond-by-bond issuances for Green Bonds, Social Bonds, Sustainability Bonds, and Sustainability-Linked Bonds starting from 2006 to 2024. Bonds by type encompass investment grade, high-yield, and not-rated bonds, commercial papers, certificates of deposit, and sukuks. By issuer type, bonds encompass government, corporate, agency, non-US munis, and other gov/supra bonds.","Public (Unrestricted)","","Public or Unrestricted","","LSEG. Accessed on 2025-02-24; IMF staff calculations.","© International Monetary Fund Copyright. All Rights Reserved. https://www.imf.org/external/terms.htm","International Monetary Fund. Green Bonds by Type of Currency,  https://data.imf.org/en/datasets/IMF.STA:ESG_FINANCE_CURRENCY. Accessed on [current date].","","","478.5909328"
"IMF.STA:ESG_FINANCE_CURRENCY(3.0.3)","G001.CGBI_USD.INDI12.A","OBS_VALUE","World","Cumulative Green Bond Issuances, US dollar","Indian Rupee","Annual","Units","","","","","","","International Monetary Fund (IMF)","Statistics Department (STA)","datahelp@imf.org","","","","","Environment and climate; Climate finance","","","English","2026-01-08T16:17:00.239243200Z","2026-01-08T16:17:00.292229100Z","","The data are aggregated by country of incorporations, use of proceeds, type of currency and type of issuers (nonfinancial corporations, other financial corporations, banks, state owned entities, sovereign, state and local governments and international organizations). Sovereign green bonds are green bonds issued by central governments and central banks. Compilation of the indicator is based on the methodology used by London Stock Exchange Group, and divergences may be observed when compared to data from other providers. 
The source dataset is based on LSEG (formerly Refinitiv), which contain bond-by-bond issuances for Green Bonds, Social Bonds, Sustainability Bonds, and Sustainability-Linked Bonds starting from 2006 to 2024. Bonds by type encompass investment grade, high-yield, and not-rated bonds, commercial papers, certificates of deposit, and sukuks. By issuer type, bonds encompass government, corporate, agency, non-US munis, and other gov/supra bonds.","Public (Unrestricted)","","Public or Unrestricted","","LSEG. Accessed on 2025-02-24; IMF staff calculations.","© International Monetary Fund Copyright. All Rights Reserved. https://www.imf.org/external/terms.htm","International Monetary Fund. Green Bonds by Type of Currency,  https://data.imf.org/en/datasets/IMF.STA:ESG_FINANCE_CURRENCY. Accessed on [current date].","","","10.15075424"
"IMF.STA:ESG_FINANCE_CURRENCY(3.0.3)","G001.CSBI_USD.NORW15.A","OBS_VALUE","World","Cumulative Social Bond Issuances, US dollar","Norwegian Krone","Annual","Units","","","","","","","International Monetary Fund (IMF)","Statistics Department (STA)","datahelp@imf.org","","","","","Environment and climate; Climate finance","","","English","2026-01-08T16:17:00.239243200Z","2026-01-08T16:17:00.292229100Z","","The data are aggregated by country of incorporations, use of proceeds, type of currency and type of issuers (nonfinancial corporations, other financial corporations, banks, state owned entities, sovereign, state and local governments and international organizations). Sovereign green bonds are green bonds issued by central governments and central banks. Compilation of the indicator is based on the methodology used by London Stock Exchange Group, and divergences may be observed when compared to data from other providers. 
The source dataset is based on LSEG (formerly Refinitiv), which contain bond-by-bond issuances for Green Bonds, Social Bonds, Sustainability Bonds, and Sustainability-Linked Bonds starting from 2006 to 2024. Bonds by type encompass investment grade, high-yield, and not-rated bonds, commercial papers, certificates of deposit, and sukuks. By issuer type, bonds encompass government, corporate, agency, non-US munis, and other gov/supra bonds.","Public (Unrestricted)","","Public or Unrestricted","","LSEG. Accessed on 2025-02-24; IMF staff calculations.","© International Monetary Fund Copyright. All Rights Reserved. https://www.imf.org/external/terms.htm","International Monetary Fund. Green Bonds by Type of Currency,  https://data.imf.org/en/datasets/IMF.STA:ESG_FINANCE_CURRENCY. Accessed on [current date].","","","1.261506094"
"IMF.STA:ESG_FINANCE_CURRENCY(3.0.3)","G001.CGBI_PT.MEXI17.A","OBS_VALUE","World","Cumulative Green Bond Issuances, Percent","Mexican Unidad de Inversion","Annual","Units","","","","","","","International Monetary Fund (IMF)","Statistics Department (STA)","datahelp@imf.org","","","","","Environment and climate; Climate finance","","","English","2026-01-08T16:17:00.239243200Z","2026-01-08T16:17:00.292229100Z","","The data are aggregated by country of incorporations, use of proceeds, type of currency and type of issuers (nonfinancial corporations, other financial corporations, banks, state owned entities, sovereign, state and local governments and international organizations). Sovereign green bonds are green bonds issued by central governments and central banks. Compilation of the indicator is based on the methodology used by London Stock Exchange Group, and divergences may be observed when compared to data from other providers. 
The source dataset is based on LSEG (formerly Refinitiv), which contain bond-by-bond issuances for Green Bonds, Social Bonds, Sustainability Bonds, and Sustainability-Linked Bonds starting from 2006 to 2024. Bonds by type encompass investment grade, high-yield, and not-rated bonds, commercial papers, certificates of deposit, and sukuks. By issuer type, bonds encompass government, corporate, agency, non-US munis, and other gov/supra bonds.","Public (Unrestricted)","","Public or Unrestricted","","LSEG. Accessed on 2025-02-24; IMF staff calculations.","© International Monetary Fund Copyright. All Rights Reserved. https://www.imf.org/external/terms.htm","International Monetary Fund. Green Bonds by Type of Currency,  https://data.imf.org/en/datasets/IMF.STA:ESG_FINANCE_CURRENCY. Accessed on [current date].","","","0.0122"
"IMF.STA:ESG_FINANCE_CURRENCY(3.0.3)","G001.CSSBI_USD.PG.A","OBS_VALUE","World","Cumulative Sustainability Bond Issuances, US dollar","Paraguayan Guarani","Annual","Units","","","","","","","International Monetary Fund (IMF)","Statistics Department (STA)","datahelp@imf.org","","","","","Environment and climate; Climate finance","","","English","2026-01-08T16:17:00.239243200Z","2026-01-08T16:17:00.292229100Z","","The data are aggregated by country of incorporations, use of proceeds, type of currency and type of issuers (nonfinancial corporations, other financial corporations, banks, state owned entities, sovereign, state and local governments and international organizations). Sovereign green bonds are green bonds issued by central governments and central banks. Compilation of the indicator is based on the methodology used by London Stock Exchange Group, and divergences may be observed when compared to data from other providers. 
The source dataset is based on LSEG (formerly Refinitiv), which contain bond-by-bond issuances for Green Bonds, Social Bonds, Sustainability Bonds, and Sustainability-Linked Bonds starting from 2006 to 2024. Bonds by type encompass investment grade, high-yield, and not-rated bonds, commercial papers, certificates of deposit, and sukuks. By issuer type, bonds encompass government, corporate, agency, non-US munis, and other gov/supra bonds.","Public (Unrestricted)","","Public or Unrestricted","","LSEG. Accessed on 2025-02-24; IMF staff calculations.","© International Monetary Fund Copyright. All Rights Reserved. https://www.imf.org/external/terms.htm","International Monetary Fund. Green Bonds by Type of Currency,  https://data.imf.org/en/datasets/IMF.STA:ESG_FINANCE_CURRENCY. Accessed on [current date].","","","0.025349545"
"IMF.STA:ESG_FINANCE_CURRENCY(3.0.3)","G001.CGBI_PT.MALA17.A","OBS_VALUE","World","Cumulative Green Bond Issuances, Percent","Malaysian Ringgit","Annual","Units","","","","","","","International Monetary Fund (IMF)","Statistics Department (STA)","datahelp@imf.org","","","","","Environment and climate; Climate finance","","","English","2026-01-08T16:17:00.239243200Z","2026-01-08T16:17:00.292229100Z","","The data are aggregated by country of incorporations, use of proceeds, type of currency and type of issuers (nonfinancial corporations, other financial corporations, banks, state owned entities, sovereign, state and local governments and international organizations). Sovereign green bonds are green bonds issued by central governments and central banks. Compilation of the indicator is based on the methodology used by London Stock Exchange Group, and divergences may be observed when compared to data from other providers. 
The source dataset is based on LSEG (formerly Refinitiv), which contain bond-by-bond issuances for Green Bonds, Social Bonds, Sustainability Bonds, and Sustainability-Linked Bonds starting from 2006 to 2024. Bonds by type encompass investment grade, high-yield, and not-rated bonds, commercial papers, certificates of deposit, and sukuks. By issuer type, bonds encompass government, corporate, agency, non-US munis, and other gov/supra bonds.","Public (Unrestricted)","","Public or Unrestricted","","LSEG. Accessed on 2025-02-24; IMF staff calculations.","© International Monetary Fund Copyright. All Rights Reserved. https://www.imf.org/external/terms.htm","International Monetary Fund. Green Bonds by Type of Currency,  https://data.imf.org/en/datasets/IMF.STA:ESG_FINANCE_CURRENCY. Accessed on [current date].","","","0.082"
"IMF.STA:ESG_FINANCE_CURRENCY(3.0.3)","G001.CSBI_PT.EGP.A","OBS_VALUE","World","Cumulative Social Bond Issuances, Percent","Egyptian Pound","Annual","Units","","","","","","","International Monetary Fund (IMF)","Statistics Department (STA)","datahelp@imf.org","","","","","Environment and climate; Climate finance","","","English","2026-01-08T16:17:00.239243200Z","2026-01-08T16:17:00.292229100Z","","The data are aggregated by country of incorporations, use of proceeds, type of currency and type of issuers (nonfinancial corporations, other financial corporations, banks, state owned entities, sovereign, state and local governments and international organizations). Sovereign green bonds are green bonds issued by central governments and central banks. Compilation of the indicator is based on the methodology used by London Stock Exchange Group, and divergences may be observed when compared to data from other providers. 
The source dataset is based on LSEG (formerly Refinitiv), which contain bond-by-bond issuances for Green Bonds, Social Bonds, Sustainability Bonds, and Sustainability-Linked Bonds starting from 2006 to 2024. Bonds by type encompass investment grade, high-yield, and not-rated bonds, commercial papers, certificates of deposit, and sukuks. By issuer type, bonds encompass government, corporate, agency, non-US munis, and other gov/supra bonds.","Public (Unrestricted)","","Public or Unrestricted","","LSEG. Accessed on 2025-02-24; IMF staff calculations.","© International Monetary Fund Copyright. All Rights Reserved. https://www.imf.org/external/terms.htm","International Monetary Fund. Green Bonds by Type of Currency,  https://data.imf.org/en/datasets/IMF.STA:ESG_FINANCE_CURRENCY. Accessed on [current date].","","","0.000381"
"IMF.STA:ESG_FINANCE_CURRENCY(3.0.3)","G001.CSBI_USD.URP.A","OBS_VALUE","World","Cumulative Social Bond Issuances, US dollar","Uruguayan Peso","Annual","Units","","","","","","","International Monetary Fund (IMF)","Statistics Department (STA)","datahelp@imf.org","","","","","Environment and climate; Climate finance","","","English","2026-01-08T16:17:00.239243200Z","2026-01-08T16:17:00.292229100Z","","The data are aggregated by country of incorporations, use of proceeds, type of currency and type of issuers (nonfinancial corporations, other financial corporations, banks, state owned entities, sovereign, state and local governments and international organizations). Sovereign green bonds are green bonds issued by central governments and central banks. Compilation of the indicator is based on the methodology used by London Stock Exchange Group, and divergences may be observed when compared to data from other providers. 
The source dataset is based on LSEG (formerly Refinitiv), which contain bond-by-bond issuances for Green Bonds, Social Bonds, Sustainability Bonds, and Sustainability-Linked Bonds starting from 2006 to 2024. Bonds by type encompass investment grade, high-yield, and not-rated bonds, commercial papers, certificates of deposit, and sukuks. By issuer type, bonds encompass government, corporate, agency, non-US munis, and other gov/supra bonds.","Public (Unrestricted)","","Public or Unrestricted","","LSEG. Accessed on 2025-02-24; IMF staff calculations.","© International Monetary Fund Copyright. All Rights Reserved. https://www.imf.org/external/terms.htm","International Monetary Fund. Green Bonds by Type of Currency,  https://data.imf.org/en/datasets/IMF.STA:ESG_FINANCE_CURRENCY. Accessed on [current date].","","","0.006493506"
"IMF.STA:ESG_FINANCE_CURRENCY(3.0.3)","G001.CGBI_USD.AUST17.A","OBS_VALUE","World","Cumulative Green Bond Issuances, US dollar","Australian Dollar","Annual","Units","","","","","","","International Monetary Fund (IMF)","Statistics Department (STA)","datahelp@imf.org","","","","","Environment and climate; Climate finance","","","English","2026-01-08T16:17:00.239243200Z","2026-01-08T16:17:00.292229100Z","","The data are aggregated by country of incorporations, use of proceeds, type of currency and type of issuers (nonfinancial corporations, other financial corporations, banks, state owned entities, sovereign, state and local governments and international organizations). Sovereign green bonds are green bonds issued by central governments and central banks. Compilation of the indicator is based on the methodology used by London Stock Exchange Group, and divergences may be observed when compared to data from other providers. 
The source dataset is based on LSEG (formerly Refinitiv), which contain bond-by-bond issuances for Green Bonds, Social Bonds, Sustainability Bonds, and Sustainability-Linked Bonds starting from 2006 to 2024. Bonds by type encompass investment grade, high-yield, and not-rated bonds, commercial papers, certificates of deposit, and sukuks. By issuer type, bonds encompass government, corporate, agency, non-US munis, and other gov/supra bonds.","Public (Unrestricted)","","Public or Unrestricted","","LSEG. Accessed on 2025-02-24; IMF staff calculations.","© International Monetary Fund Copyright. All Rights Reserved. https://www.imf.org/external/terms.htm","International Monetary Fund. Green Bonds by Type of Currency,  https://data.imf.org/en/datasets/IMF.STA:ESG_FINANCE_CURRENCY. Accessed on [current date].","","","49.61925394"
"IMF.STA:ESG_FINANCE_CURRENCY(3.0.3)","G001.CSBI_PT.HONG16.A","OBS_VALUE","World","Cumulative Social Bond Issuances, Percent","Hong Kong Dollar","Annual","Units","","","","","","","International Monetary Fund (IMF)","Statistics Department (STA)","datahelp@imf.org","","","","","Environment and climate; Climate finance","","","English","2026-01-08T16:17:00.239243200Z","2026-01-08T16:17:00.292229100Z","","The data are aggregated by country of incorporations, use of proceeds, type of currency and type of issuers (nonfinancial corporations, other financial corporations, banks, state owned entities, sovereign, state and local governments and international organizations). Sovereign green bonds are green bonds issued by central governments and central banks. Compilation of the indicator is based on the methodology used by London Stock Exchange Group, and divergences may be observed when compared to data from other providers. 
The source dataset is based on LSEG (formerly Refinitiv), which contain bond-by-bond issuances for Green Bonds, Social Bonds, Sustainability Bonds, and Sustainability-Linked Bonds starting from 2006 to 2024. Bonds by type encompass investment grade, high-yield, and not-rated bonds, commercial papers, certificates of deposit, and sukuks. By issuer type, bonds encompass government, corporate, agency, non-US munis, and other gov/supra bonds.","Public (Unrestricted)","","Public or Unrestricted","","LSEG. Accessed on 2025-02-24; IMF staff calculations.","© International Monetary Fund Copyright. All Rights Reserved. https://www.imf.org/external/terms.htm","International Monetary Fund. Green Bonds by Type of Currency,  https://data.imf.org/en/datasets/IMF.STA:ESG_FINANCE_CURRENCY. Accessed on [current date].","","","0.616359151"
"IMF.STA:ESG_FINANCE_CURRENCY(3.0.3)","G001.CGBI_PT.COLUVR.A","OBS_VALUE","World","Cumulative Green Bond Issuances, Percent","Colombian Unidad de Valor Real","Annual","Units","","","","","","","International Monetary Fund (IMF)","Statistics Department (STA)","datahelp@imf.org","","","","","Environment and climate; Climate finance","","","English","2026-01-08T16:17:00.239243200Z","2026-01-08T16:17:00.292229100Z","","The data are aggregated by country of incorporations, use of proceeds, type of currency and type of issuers (nonfinancial corporations, other financial corporations, banks, state owned entities, sovereign, state and local governments and international organizations). Sovereign green bonds are green bonds issued by central governments and central banks. Compilation of the indicator is based on the methodology used by London Stock Exchange Group, and divergences may be observed when compared to data from other providers. 
The source dataset is based on LSEG (formerly Refinitiv), which contain bond-by-bond issuances for Green Bonds, Social Bonds, Sustainability Bonds, and Sustainability-Linked Bonds starting from 2006 to 2024. Bonds by type encompass investment grade, high-yield, and not-rated bonds, commercial papers, certificates of deposit, and sukuks. By issuer type, bonds encompass government, corporate, agency, non-US munis, and other gov/supra bonds.","Public (Unrestricted)","","Public or Unrestricted","","LSEG. Accessed on 2025-02-24; IMF staff calculations.","© International Monetary Fund Copyright. All Rights Reserved. https://www.imf.org/external/terms.htm","International Monetary Fund. Green Bonds by Type of Currency,  https://data.imf.org/en/datasets/IMF.STA:ESG_FINANCE_CURRENCY. Accessed on [current date].","","","0.00131"
"IMF.STA:ESG_FINANCE_CURRENCY(3.0.3)","G001.CGBI_USD.MEXI17.A","OBS_VALUE","World","Cumulative Green Bond Issuances, US dollar","Mexican Unidad de Inversion","Annual","Units","","","","","","","International Monetary Fund (IMF)","Statistics Department (STA)","datahelp@imf.org","","","","","Environment and climate; Climate finance","","","English","2026-01-08T16:17:00.239243200Z","2026-01-08T16:17:00.292229100Z","","The data are aggregated by country of incorporations, use of proceeds, type of currency and type of issuers (nonfinancial corporations, other financial corporations, banks, state owned entities, sovereign, state and local governments and international organizations). Sovereign green bonds are green bonds issued by central governments and central banks. Compilation of the indicator is based on the methodology used by London Stock Exchange Group, and divergences may be observed when compared to data from other providers. 
The source dataset is based on LSEG (formerly Refinitiv), which contain bond-by-bond issuances for Green Bonds, Social Bonds, Sustainability Bonds, and Sustainability-Linked Bonds starting from 2006 to 2024. Bonds by type encompass investment grade, high-yield, and not-rated bonds, commercial papers, certificates of deposit, and sukuks. By issuer type, bonds encompass government, corporate, agency, non-US munis, and other gov/supra bonds.","Public (Unrestricted)","","Public or Unrestricted","","LSEG. Accessed on 2025-02-24; IMF staff calculations.","© International Monetary Fund Copyright. All Rights Reserved. https://www.imf.org/external/terms.htm","International Monetary Fund. Green Bonds by Type of Currency,  https://data.imf.org/en/datasets/IMF.STA:ESG_FINANCE_CURRENCY. Accessed on [current date].","","","0.432789278"
"IMF.STA:ESG_FINANCE_CURRENCY(3.0.3)","G001.CSBI_USD.EGP.A","OBS_VALUE","World","Cumulative Social Bond Issuances, US dollar","Egyptian Pound","Annual","Units","","","","","","","International Monetary Fund (IMF)","Statistics Department (STA)","datahelp@imf.org","","","","","Environment and climate; Climate finance","","","English","2026-01-08T16:17:00.239243200Z","2026-01-08T16:17:00.292229100Z","","The data are aggregated by country of incorporations, use of proceeds, type of currency and type of issuers (nonfinancial corporations, other financial corporations, banks, state owned entities, sovereign, state and local governments and international organizations). Sovereign green bonds are green bonds issued by central governments and central banks. Compilation of the indicator is based on the methodology used by London Stock Exchange Group, and divergences may be observed when compared to data from other providers. 
The source dataset is based on LSEG (formerly Refinitiv), which contain bond-by-bond issuances for Green Bonds, Social Bonds, Sustainability Bonds, and Sustainability-Linked Bonds starting from 2006 to 2024. Bonds by type encompass investment grade, high-yield, and not-rated bonds, commercial papers, certificates of deposit, and sukuks. By issuer type, bonds encompass government, corporate, agency, non-US munis, and other gov/supra bonds.","Public (Unrestricted)","","Public or Unrestricted","","LSEG. Accessed on 2025-02-24; IMF staff calculations.","© International Monetary Fund Copyright. All Rights Reserved. https://www.imf.org/external/terms.htm","International Monetary Fund. Green Bonds by Type of Currency,  https://data.imf.org/en/datasets/IMF.STA:ESG_FINANCE_CURRENCY. Accessed on [current date].","","","0.003475163"
"IMF.STA:ESG_FINANCE_CURRENCY(3.0.3)","G001.CGBI_USD.MALA17.A","OBS_VALUE","World","Cumulative Green Bond Issuances, US dollar","Malaysian Ringgit","Annual","Units","","","","","","","International Monetary Fund (IMF)","Statistics Department (STA)","datahelp@imf.org","","","","","Environment and climate; Climate finance","","","English","2026-01-08T16:17:00.239243200Z","2026-01-08T16:17:00.292229100Z","","The data are aggregated by country of incorporations, use of proceeds, type of currency and type of issuers (nonfinancial corporations, other financial corporations, banks, state owned entities, sovereign, state and local governments and international organizations). Sovereign green bonds are green bonds issued by central governments and central banks. Compilation of the indicator is based on the methodology used by London Stock Exchange Group, and divergences may be observed when compared to data from other providers. 
The source dataset is based on LSEG (formerly Refinitiv), which contain bond-by-bond issuances for Green Bonds, Social Bonds, Sustainability Bonds, and Sustainability-Linked Bonds starting from 2006 to 2024. Bonds by type encompass investment grade, high-yield, and not-rated bonds, commercial papers, certificates of deposit, and sukuks. By issuer type, bonds encompass government, corporate, agency, non-US munis, and other gov/supra bonds.","Public (Unrestricted)","","Public or Unrestricted","","LSEG. Accessed on 2025-02-24; IMF staff calculations.","© International Monetary Fund Copyright. All Rights Reserved. https://www.imf.org/external/terms.htm","International Monetary Fund. Green Bonds by Type of Currency,  https://data.imf.org/en/datasets/IMF.STA:ESG_FINANCE_CURRENCY. Accessed on [current date].","","","2.906781681"
"IMF.STA:ESG_FINANCE_CURRENCY(3.0.3)","G001.CGBI_USD.SLR.A","OBS_VALUE","World","Cumulative Green Bond Issuances, US dollar","Sri Lankan Rupee","Annual","Units","","","","","","","International Monetary Fund (IMF)","Statistics Department (STA)","datahelp@imf.org","","","","","Environment and climate; Climate finance","","","English","2026-01-08T16:17:00.239243200Z","2026-01-08T16:17:00.292229100Z","","The data are aggregated by country of incorporations, use of proceeds, type of currency and type of issuers (nonfinancial corporations, other financial corporations, banks, state owned entities, sovereign, state and local governments and international organizations). Sovereign green bonds are green bonds issued by central governments and central banks. Compilation of the indicator is based on the methodology used by London Stock Exchange Group, and divergences may be observed when compared to data from other providers. 
The source dataset is based on LSEG (formerly Refinitiv), which contain bond-by-bond issuances for Green Bonds, Social Bonds, Sustainability Bonds, and Sustainability-Linked Bonds starting from 2006 to 2024. Bonds by type encompass investment grade, high-yield, and not-rated bonds, commercial papers, certificates of deposit, and sukuks. By issuer type, bonds encompass government, corporate, agency, non-US munis, and other gov/supra bonds.","Public (Unrestricted)","","Public or Unrestricted","","LSEG. Accessed on 2025-02-24; IMF staff calculations.","© International Monetary Fund Copyright. All Rights Reserved. https://www.imf.org/external/terms.htm","International Monetary Fund. Green Bonds by Type of Currency,  https://data.imf.org/en/datasets/IMF.STA:ESG_FINANCE_CURRENCY. Accessed on [current date].","","","0.004851945"
"IMF.STA:ESG_FINANCE_CURRENCY(3.0.3)","G001.CSBI_PT.TAIW16.A","OBS_VALUE","World","Cumulative Social Bond Issuances, Percent","Taiwanese Dollar","Annual","Units","","","","","","","International Monetary Fund (IMF)","Statistics Department (STA)","datahelp@imf.org","","","","","Environment and climate; Climate finance","","","English","2026-01-08T16:17:00.239243200Z","2026-01-08T16:17:00.292229100Z","","The data are aggregated by country of incorporations, use of proceeds, type of currency and type of issuers (nonfinancial corporations, other financial corporations, banks, state owned entities, sovereign, state and local governments and international organizations). Sovereign green bonds are green bonds issued by central governments and central banks. Compilation of the indicator is based on the methodology used by London Stock Exchange Group, and divergences may be observed when compared to data from other providers. 
The source dataset is based on LSEG (formerly Refinitiv), which contain bond-by-bond issuances for Green Bonds, Social Bonds, Sustainability Bonds, and Sustainability-Linked Bonds starting from 2006 to 2024. Bonds by type encompass investment grade, high-yield, and not-rated bonds, commercial papers, certificates of deposit, and sukuks. By issuer type, bonds encompass government, corporate, agency, non-US munis, and other gov/supra bonds.","Public (Unrestricted)","","Public or Unrestricted","","LSEG. Accessed on 2025-02-24; IMF staff calculations.","© International Monetary Fund Copyright. All Rights Reserved. https://www.imf.org/external/terms.htm","International Monetary Fund. Green Bonds by Type of Currency,  https://data.imf.org/en/datasets/IMF.STA:ESG_FINANCE_CURRENCY. Accessed on [current date].","","","0.150235943"
"IMF.STA:ESG_FINANCE_CURRENCY(3.0.3)","G001.CSBI_USD.JAPA12.A","OBS_VALUE","World","Cumulative Social Bond Issuances, US dollar","Japanese Yen","Annual","Units","","","","","","","International Monetary Fund (IMF)","Statistics Department (STA)","datahelp@imf.org","","","","","Environment and climate; Climate finance","","","English","2026-01-08T16:17:00.239243200Z","2026-01-08T16:17:00.292229100Z","","The data are aggregated by country of incorporations, use of proceeds, type of currency and type of issuers (nonfinancial corporations, other financial corporations, banks, state owned entities, sovereign, state and local governments and international organizations). Sovereign green bonds are green bonds issued by central governments and central banks. Compilation of the indicator is based on the methodology used by London Stock Exchange Group, and divergences may be observed when compared to data from other providers. 
The source dataset is based on LSEG (formerly Refinitiv), which contain bond-by-bond issuances for Green Bonds, Social Bonds, Sustainability Bonds, and Sustainability-Linked Bonds starting from 2006 to 2024. Bonds by type encompass investment grade, high-yield, and not-rated bonds, commercial papers, certificates of deposit, and sukuks. By issuer type, bonds encompass government, corporate, agency, non-US munis, and other gov/supra bonds.","Public (Unrestricted)","","Public or Unrestricted","","LSEG. Accessed on 2025-02-24; IMF staff calculations.","© International Monetary Fund Copyright. All Rights Reserved. https://www.imf.org/external/terms.htm","International Monetary Fund. Green Bonds by Type of Currency,  https://data.imf.org/en/datasets/IMF.STA:ESG_FINANCE_CURRENCY. Accessed on [current date].","","","71.45533746"
"IMF.STA:ESG_FINANCE_CURRENCY(3.0.3)","G001.CSSBI_USD.SKW.A","OBS_VALUE","World","Cumulative Sustainability Bond Issuances, US dollar","South Korean Won","Annual","Units","","","","","","","International Monetary Fund (IMF)","Statistics Department (STA)","datahelp@imf.org","","","","","Environment and climate; Climate finance","","","English","2026-01-08T16:17:00.239243200Z","2026-01-08T16:17:00.292229100Z","","The data are aggregated by country of incorporations, use of proceeds, type of currency and type of issuers (nonfinancial corporations, other financial corporations, banks, state owned entities, sovereign, state and local governments and international organizations). Sovereign green bonds are green bonds issued by central governments and central banks. Compilation of the indicator is based on the methodology used by London Stock Exchange Group, and divergences may be observed when compared to data from other providers. 
The source dataset is based on LSEG (formerly Refinitiv), which contain bond-by-bond issuances for Green Bonds, Social Bonds, Sustainability Bonds, and Sustainability-Linked Bonds starting from 2006 to 2024. Bonds by type encompass investment grade, high-yield, and not-rated bonds, commercial papers, certificates of deposit, and sukuks. By issuer type, bonds encompass government, corporate, agency, non-US munis, and other gov/supra bonds.","Public (Unrestricted)","","Public or Unrestricted","","LSEG. Accessed on 2025-02-24; IMF staff calculations.","© International Monetary Fund Copyright. All Rights Reserved. https://www.imf.org/external/terms.htm","International Monetary Fund. Green Bonds by Type of Currency,  https://data.imf.org/en/datasets/IMF.STA:ESG_FINANCE_CURRENCY. Accessed on [current date].","","","21.8622632"
"IMF.STA:ESG_FINANCE_CURRENCY(3.0.3)","G001.CSBI_PT.SKW.A","OBS_VALUE","World","Cumulative Social Bond Issuances, Percent","South Korean Won","Annual","Units","","","","","","","International Monetary Fund (IMF)","Statistics Department (STA)","datahelp@imf.org","","","","","Environment and climate; Climate finance","","","English","2026-01-08T16:17:00.239243200Z","2026-01-08T16:17:00.292229100Z","","The data are aggregated by country of incorporations, use of proceeds, type of currency and type of issuers (nonfinancial corporations, other financial corporations, banks, state owned entities, sovereign, state and local governments and international organizations). Sovereign green bonds are green bonds issued by central governments and central banks. Compilation of the indicator is based on the methodology used by London Stock Exchange Group, and divergences may be observed when compared to data from other providers. 
The source dataset is based on LSEG (formerly Refinitiv), which contain bond-by-bond issuances for Green Bonds, Social Bonds, Sustainability Bonds, and Sustainability-Linked Bonds starting from 2006 to 2024. Bonds by type encompass investment grade, high-yield, and not-rated bonds, commercial papers, certificates of deposit, and sukuks. By issuer type, bonds encompass government, corporate, agency, non-US munis, and other gov/supra bonds.","Public (Unrestricted)","","Public or Unrestricted","","LSEG. Accessed on 2025-02-24; IMF staff calculations.","© International Monetary Fund Copyright. All Rights Reserved. https://www.imf.org/external/terms.htm","International Monetary Fund. Green Bonds by Type of Currency,  https://data.imf.org/en/datasets/IMF.STA:ESG_FINANCE_CURRENCY. Accessed on [current date].","","","9.009295409"
"IMF.STA:ESG_FINANCE_CURRENCY(3.0.3)","G001.CSSBI_USD.SOUT18.A","OBS_VALUE","World","Cumulative Sustainability Bond Issuances, US dollar","South African Rand","Annual","Units","","","","","","","International Monetary Fund (IMF)","Statistics Department (STA)","datahelp@imf.org","","","","","Environment and climate; Climate finance","","","English","2026-01-08T16:17:00.239243200Z","2026-01-08T16:17:00.292229100Z","","The data are aggregated by country of incorporations, use of proceeds, type of currency and type of issuers (nonfinancial corporations, other financial corporations, banks, state owned entities, sovereign, state and local governments and international organizations). Sovereign green bonds are green bonds issued by central governments and central banks. Compilation of the indicator is based on the methodology used by London Stock Exchange Group, and divergences may be observed when compared to data from other providers. 
The source dataset is based on LSEG (formerly Refinitiv), which contain bond-by-bond issuances for Green Bonds, Social Bonds, Sustainability Bonds, and Sustainability-Linked Bonds starting from 2006 to 2024. Bonds by type encompass investment grade, high-yield, and not-rated bonds, commercial papers, certificates of deposit, and sukuks. By issuer type, bonds encompass government, corporate, agency, non-US munis, and other gov/supra bonds.","Public (Unrestricted)","","Public or Unrestricted","","LSEG. Accessed on 2025-02-24; IMF staff calculations.","© International Monetary Fund Copyright. All Rights Reserved. https://www.imf.org/external/terms.htm","International Monetary Fund. Green Bonds by Type of Currency,  https://data.imf.org/en/datasets/IMF.STA:ESG_FINANCE_CURRENCY. Accessed on [current date].","","","1.016401814"
"IMF.STA:ESG_FINANCE_CURRENCY(3.0.3)","G001.CGBI_PT.PERU12.A","OBS_VALUE","World","Cumulative Green Bond Issuances, Percent","Peruvian Sol","Annual","Units","","","","","","","International Monetary Fund (IMF)","Statistics Department (STA)","datahelp@imf.org","","","","","Environment and climate; Climate finance","","","English","2026-01-08T16:17:00.239243200Z","2026-01-08T16:17:00.292229100Z","","The data are aggregated by country of incorporations, use of proceeds, type of currency and type of issuers (nonfinancial corporations, other financial corporations, banks, state owned entities, sovereign, state and local governments and international organizations). Sovereign green bonds are green bonds issued by central governments and central banks. Compilation of the indicator is based on the methodology used by London Stock Exchange Group, and divergences may be observed when compared to data from other providers. 
The source dataset is based on LSEG (formerly Refinitiv), which contain bond-by-bond issuances for Green Bonds, Social Bonds, Sustainability Bonds, and Sustainability-Linked Bonds starting from 2006 to 2024. Bonds by type encompass investment grade, high-yield, and not-rated bonds, commercial papers, certificates of deposit, and sukuks. By issuer type, bonds encompass government, corporate, agency, non-US munis, and other gov/supra bonds.","Public (Unrestricted)","","Public or Unrestricted","","LSEG. Accessed on 2025-02-24; IMF staff calculations.","© International Monetary Fund Copyright. All Rights Reserved. https://www.imf.org/external/terms.htm","International Monetary Fund. Green Bonds by Type of Currency,  https://data.imf.org/en/datasets/IMF.STA:ESG_FINANCE_CURRENCY. Accessed on [current date].","","","0.00462"
"IMF.STA:ESG_FINANCE_CURRENCY(3.0.3)","G001.CSBI_USD.HUNG16.A","OBS_VALUE","World","Cumulative Social Bond Issuances, US dollar","Hungarian Forint","Annual","Units","","","","","","","International Monetary Fund (IMF)","Statistics Department (STA)","datahelp@imf.org","","","","","Environment and climate; Climate finance","","","English","2026-01-08T16:17:00.239243200Z","2026-01-08T16:17:00.292229100Z","","The data are aggregated by country of incorporations, use of proceeds, type of currency and type of issuers (nonfinancial corporations, other financial corporations, banks, state owned entities, sovereign, state and local governments and international organizations). Sovereign green bonds are green bonds issued by central governments and central banks. Compilation of the indicator is based on the methodology used by London Stock Exchange Group, and divergences may be observed when compared to data from other providers. 
The source dataset is based on LSEG (formerly Refinitiv), which contain bond-by-bond issuances for Green Bonds, Social Bonds, Sustainability Bonds, and Sustainability-Linked Bonds starting from 2006 to 2024. Bonds by type encompass investment grade, high-yield, and not-rated bonds, commercial papers, certificates of deposit, and sukuks. By issuer type, bonds encompass government, corporate, agency, non-US munis, and other gov/supra bonds.","Public (Unrestricted)","","Public or Unrestricted","","LSEG. Accessed on 2025-02-24; IMF staff calculations.","© International Monetary Fund Copyright. All Rights Reserved. https://www.imf.org/external/terms.htm","International Monetary Fund. Green Bonds by Type of Currency,  https://data.imf.org/en/datasets/IMF.STA:ESG_FINANCE_CURRENCY. Accessed on [current date].","","","0.041536863"
"IMF.STA:ESG_FINANCE_CURRENCY(3.0.3)","G001.CGBI_PT.EURO4.A","OBS_VALUE","World","Cumulative Green Bond Issuances, Percent","Euro","Annual","Units","","","","","","","International Monetary Fund (IMF)","Statistics Department (STA)","datahelp@imf.org","","","","","Environment and climate; Climate finance","","","English","2026-01-08T16:17:00.239243200Z","2026-01-08T16:17:00.292229100Z","","The data are aggregated by country of incorporations, use of proceeds, type of currency and type of issuers (nonfinancial corporations, other financial corporations, banks, state owned entities, sovereign, state and local governments and international organizations). Sovereign green bonds are green bonds issued by central governments and central banks. Compilation of the indicator is based on the methodology used by London Stock Exchange Group, and divergences may be observed when compared to data from other providers. 
The source dataset is based on LSEG (formerly Refinitiv), which contain bond-by-bond issuances for Green Bonds, Social Bonds, Sustainability Bonds, and Sustainability-Linked Bonds starting from 2006 to 2024. Bonds by type encompass investment grade, high-yield, and not-rated bonds, commercial papers, certificates of deposit, and sukuks. By issuer type, bonds encompass government, corporate, agency, non-US munis, and other gov/supra bonds.","Public (Unrestricted)","","Public or Unrestricted","","LSEG. Accessed on 2025-02-24; IMF staff calculations.","© International Monetary Fund Copyright. All Rights Reserved. https://www.imf.org/external/terms.htm","International Monetary Fund. Green Bonds by Type of Currency,  https://data.imf.org/en/datasets/IMF.STA:ESG_FINANCE_CURRENCY. Accessed on [current date].","","","44.25810736"
"IMF.STA:ESG_FINANCE_CURRENCY(3.0.3)","G001.CGBI_USD.RUSS13.A","OBS_VALUE","World","Cumulative Green Bond Issuances, US dollar","Russian Ruble","Annual","Units","","","","","","","International Monetary Fund (IMF)","Statistics Department (STA)","datahelp@imf.org","","","","","Environment and climate; Climate finance","","","English","2026-01-08T16:17:00.239243200Z","2026-01-08T16:17:00.292229100Z","","The data are aggregated by country of incorporations, use of proceeds, type of currency and type of issuers (nonfinancial corporations, other financial corporations, banks, state owned entities, sovereign, state and local governments and international organizations). Sovereign green bonds are green bonds issued by central governments and central banks. Compilation of the indicator is based on the methodology used by London Stock Exchange Group, and divergences may be observed when compared to data from other providers. 
The source dataset is based on LSEG (formerly Refinitiv), which contain bond-by-bond issuances for Green Bonds, Social Bonds, Sustainability Bonds, and Sustainability-Linked Bonds starting from 2006 to 2024. Bonds by type encompass investment grade, high-yield, and not-rated bonds, commercial papers, certificates of deposit, and sukuks. By issuer type, bonds encompass government, corporate, agency, non-US munis, and other gov/supra bonds.","Public (Unrestricted)","","Public or Unrestricted","","LSEG. Accessed on 2025-02-24; IMF staff calculations.","© International Monetary Fund Copyright. All Rights Reserved. https://www.imf.org/external/terms.htm","International Monetary Fund. Green Bonds by Type of Currency,  https://data.imf.org/en/datasets/IMF.STA:ESG_FINANCE_CURRENCY. Accessed on [current date].","","","3.933809217"
"IMF.STA:ESG_FINANCE_CURRENCY(3.0.3)","G001.CSBI_PT.AZEM.A","OBS_VALUE","World","Cumulative Social Bond Issuances, Percent","Azerbaijani Manat","Annual","Units","","","","","","","International Monetary Fund (IMF)","Statistics Department (STA)","datahelp@imf.org","","","","","Environment and climate; Climate finance","","","English","2026-01-08T16:17:00.239243200Z","2026-01-08T16:17:00.292229100Z","","The data are aggregated by country of incorporations, use of proceeds, type of currency and type of issuers (nonfinancial corporations, other financial corporations, banks, state owned entities, sovereign, state and local governments and international organizations). Sovereign green bonds are green bonds issued by central governments and central banks. Compilation of the indicator is based on the methodology used by London Stock Exchange Group, and divergences may be observed when compared to data from other providers. 
The source dataset is based on LSEG (formerly Refinitiv), which contain bond-by-bond issuances for Green Bonds, Social Bonds, Sustainability Bonds, and Sustainability-Linked Bonds starting from 2006 to 2024. Bonds by type encompass investment grade, high-yield, and not-rated bonds, commercial papers, certificates of deposit, and sukuks. By issuer type, bonds encompass government, corporate, agency, non-US munis, and other gov/supra bonds.","Public (Unrestricted)","","Public or Unrestricted","","LSEG. Accessed on 2025-02-24; IMF staff calculations.","© International Monetary Fund Copyright. All Rights Reserved. https://www.imf.org/external/terms.htm","International Monetary Fund. Green Bonds by Type of Currency,  https://data.imf.org/en/datasets/IMF.STA:ESG_FINANCE_CURRENCY. Accessed on [current date].","","","0.0022"
"IMF.STA:ESG_FINANCE_CURRENCY(3.0.3)","G001.CGBI_PT.SING16.A","OBS_VALUE","World","Cumulative Green Bond Issuances, Percent","Singapore Dollar","Annual","Units","","","","","","","International Monetary Fund (IMF)","Statistics Department (STA)","datahelp@imf.org","","","","","Environment and climate; Climate finance","","","English","2026-01-08T16:17:00.239243200Z","2026-01-08T16:17:00.292229100Z","","The data are aggregated by country of incorporations, use of proceeds, type of currency and type of issuers (nonfinancial corporations, other financial corporations, banks, state owned entities, sovereign, state and local governments and international organizations). Sovereign green bonds are green bonds issued by central governments and central banks. Compilation of the indicator is based on the methodology used by London Stock Exchange Group, and divergences may be observed when compared to data from other providers. 
The source dataset is based on LSEG (formerly Refinitiv), which contain bond-by-bond issuances for Green Bonds, Social Bonds, Sustainability Bonds, and Sustainability-Linked Bonds starting from 2006 to 2024. Bonds by type encompass investment grade, high-yield, and not-rated bonds, commercial papers, certificates of deposit, and sukuks. By issuer type, bonds encompass government, corporate, agency, non-US munis, and other gov/supra bonds.","Public (Unrestricted)","","Public or Unrestricted","","LSEG. Accessed on 2025-02-24; IMF staff calculations.","© International Monetary Fund Copyright. All Rights Reserved. https://www.imf.org/external/terms.htm","International Monetary Fund. Green Bonds by Type of Currency,  https://data.imf.org/en/datasets/IMF.STA:ESG_FINANCE_CURRENCY. Accessed on [current date].","","","0.488657773"
"IMF.STA:ESG_FINANCE_CURRENCY(3.0.3)","G001.CSSBI_PT.HONG16.A","OBS_VALUE","World","Cumulative Sustainability Bond Issuances, Percent","Hong Kong Dollar","Annual","Units","","","","","","","International Monetary Fund (IMF)","Statistics Department (STA)","datahelp@imf.org","","","","","Environment and climate; Climate finance","","","English","2026-01-08T16:17:00.239243200Z","2026-01-08T16:17:00.292229100Z","","The data are aggregated by country of incorporations, use of proceeds, type of currency and type of issuers (nonfinancial corporations, other financial corporations, banks, state owned entities, sovereign, state and local governments and international organizations). Sovereign green bonds are green bonds issued by central governments and central banks. Compilation of the indicator is based on the methodology used by London Stock Exchange Group, and divergences may be observed when compared to data from other providers. 
The source dataset is based on LSEG (formerly Refinitiv), which contain bond-by-bond issuances for Green Bonds, Social Bonds, Sustainability Bonds, and Sustainability-Linked Bonds starting from 2006 to 2024. Bonds by type encompass investment grade, high-yield, and not-rated bonds, commercial papers, certificates of deposit, and sukuks. By issuer type, bonds encompass government, corporate, agency, non-US munis, and other gov/supra bonds.","Public (Unrestricted)","","Public or Unrestricted","","LSEG. Accessed on 2025-02-24; IMF staff calculations.","© International Monetary Fund Copyright. All Rights Reserved. https://www.imf.org/external/terms.htm","International Monetary Fund. Green Bonds by Type of Currency,  https://data.imf.org/en/datasets/IMF.STA:ESG_FINANCE_CURRENCY. Accessed on [current date].","","","0.175474141"
"IMF.STA:ESG_FINANCE_CURRENCY(3.0.3)","G001.CGBI_PT.SLR.A","OBS_VALUE","World","Cumulative Green Bond Issuances, Percent","Sri Lankan Rupee","Annual","Units","","","","","","","International Monetary Fund (IMF)","Statistics Department (STA)","datahelp@imf.org","","","","","Environment and climate; Climate finance","","","English","2026-01-08T16:17:00.239243200Z","2026-01-08T16:17:00.292229100Z","","The data are aggregated by country of incorporations, use of proceeds, type of currency and type of issuers (nonfinancial corporations, other financial corporations, banks, state owned entities, sovereign, state and local governments and international organizations). Sovereign green bonds are green bonds issued by central governments and central banks. Compilation of the indicator is based on the methodology used by London Stock Exchange Group, and divergences may be observed when compared to data from other providers. 
The source dataset is based on LSEG (formerly Refinitiv), which contain bond-by-bond issuances for Green Bonds, Social Bonds, Sustainability Bonds, and Sustainability-Linked Bonds starting from 2006 to 2024. Bonds by type encompass investment grade, high-yield, and not-rated bonds, commercial papers, certificates of deposit, and sukuks. By issuer type, bonds encompass government, corporate, agency, non-US munis, and other gov/supra bonds.","Public (Unrestricted)","","Public or Unrestricted","","LSEG. Accessed on 2025-02-24; IMF staff calculations.","© International Monetary Fund Copyright. All Rights Reserved. https://www.imf.org/external/terms.htm","International Monetary Fund. Green Bonds by Type of Currency,  https://data.imf.org/en/datasets/IMF.STA:ESG_FINANCE_CURRENCY. Accessed on [current date].","","","0.000137"
"IMF.STA:ESG_FINANCE_CURRENCY(3.0.3)","G001.CGBI_USD.ARGE16.A","OBS_VALUE","World","Cumulative Green Bond Issuances, US dollar","Argentinian Peso","Annual","Units","","","","","","","International Monetary Fund (IMF)","Statistics Department (STA)","datahelp@imf.org","","","","","Environment and climate; Climate finance","","","English","2026-01-08T16:17:00.239243200Z","2026-01-08T16:17:00.292229100Z","","The data are aggregated by country of incorporations, use of proceeds, type of currency and type of issuers (nonfinancial corporations, other financial corporations, banks, state owned entities, sovereign, state and local governments and international organizations). Sovereign green bonds are green bonds issued by central governments and central banks. Compilation of the indicator is based on the methodology used by London Stock Exchange Group, and divergences may be observed when compared to data from other providers. 
The source dataset is based on LSEG (formerly Refinitiv), which contain bond-by-bond issuances for Green Bonds, Social Bonds, Sustainability Bonds, and Sustainability-Linked Bonds starting from 2006 to 2024. Bonds by type encompass investment grade, high-yield, and not-rated bonds, commercial papers, certificates of deposit, and sukuks. By issuer type, bonds encompass government, corporate, agency, non-US munis, and other gov/supra bonds.","Public (Unrestricted)","","Public or Unrestricted","","LSEG. Accessed on 2025-02-24; IMF staff calculations.","© International Monetary Fund Copyright. All Rights Reserved. https://www.imf.org/external/terms.htm","International Monetary Fund. Green Bonds by Type of Currency,  https://data.imf.org/en/datasets/IMF.STA:ESG_FINANCE_CURRENCY. Accessed on [current date].","","","0.160896524"
"IMF.STA:ESG_FINANCE_CURRENCY(3.0.3)","G001.CGBI_PT.IK.A","OBS_VALUE","World","Cumulative Green Bond Issuances, Percent","Icelandic Krona","Annual","Units","","","","","","","International Monetary Fund (IMF)","Statistics Department (STA)","datahelp@imf.org","","","","","Environment and climate; Climate finance","","","English","2026-01-08T16:17:00.239243200Z","2026-01-08T16:17:00.292229100Z","","The data are aggregated by country of incorporations, use of proceeds, type of currency and type of issuers (nonfinancial corporations, other financial corporations, banks, state owned entities, sovereign, state and local governments and international organizations). Sovereign green bonds are green bonds issued by central governments and central banks. Compilation of the indicator is based on the methodology used by London Stock Exchange Group, and divergences may be observed when compared to data from other providers. 
The source dataset is based on LSEG (formerly Refinitiv), which contain bond-by-bond issuances for Green Bonds, Social Bonds, Sustainability Bonds, and Sustainability-Linked Bonds starting from 2006 to 2024. Bonds by type encompass investment grade, high-yield, and not-rated bonds, commercial papers, certificates of deposit, and sukuks. By issuer type, bonds encompass government, corporate, agency, non-US munis, and other gov/supra bonds.","Public (Unrestricted)","","Public or Unrestricted","","LSEG. Accessed on 2025-02-24; IMF staff calculations.","© International Monetary Fund Copyright. All Rights Reserved. https://www.imf.org/external/terms.htm","International Monetary Fund. Green Bonds by Type of Currency,  https://data.imf.org/en/datasets/IMF.STA:ESG_FINANCE_CURRENCY. Accessed on [current date].","","","0.0299"
"IMF.STA:ESG_FINANCE_CURRENCY(3.0.3)","G001.CSBI_PT.BRIT13.A","OBS_VALUE","World","Cumulative Social Bond Issuances, Percent","British Pound","Annual","Units","","","","","","","International Monetary Fund (IMF)","Statistics Department (STA)","datahelp@imf.org","","","","","Environment and climate; Climate finance","","","English","2026-01-08T16:17:00.239243200Z","2026-01-08T16:17:00.292229100Z","","The data are aggregated by country of incorporations, use of proceeds, type of currency and type of issuers (nonfinancial corporations, other financial corporations, banks, state owned entities, sovereign, state and local governments and international organizations). Sovereign green bonds are green bonds issued by central governments and central banks. Compilation of the indicator is based on the methodology used by London Stock Exchange Group, and divergences may be observed when compared to data from other providers. 
The source dataset is based on LSEG (formerly Refinitiv), which contain bond-by-bond issuances for Green Bonds, Social Bonds, Sustainability Bonds, and Sustainability-Linked Bonds starting from 2006 to 2024. Bonds by type encompass investment grade, high-yield, and not-rated bonds, commercial papers, certificates of deposit, and sukuks. By issuer type, bonds encompass government, corporate, agency, non-US munis, and other gov/supra bonds.","Public (Unrestricted)","","Public or Unrestricted","","LSEG. Accessed on 2025-02-24; IMF staff calculations.","© International Monetary Fund Copyright. All Rights Reserved. https://www.imf.org/external/terms.htm","International Monetary Fund. Green Bonds by Type of Currency,  https://data.imf.org/en/datasets/IMF.STA:ESG_FINANCE_CURRENCY. Accessed on [current date].","","","1.577706353"
"IMF.STA:ESG_FINANCE_CURRENCY(3.0.3)","G001.CGBI_PT.NAMI15.A","OBS_VALUE","World","Cumulative Green Bond Issuances, Percent","Namibian Dollar","Annual","Units","","","","","","","International Monetary Fund (IMF)","Statistics Department (STA)","datahelp@imf.org","","","","","Environment and climate; Climate finance","","","English","2026-01-08T16:17:00.239243200Z","2026-01-08T16:17:00.292229100Z","","The data are aggregated by country of incorporations, use of proceeds, type of currency and type of issuers (nonfinancial corporations, other financial corporations, banks, state owned entities, sovereign, state and local governments and international organizations). Sovereign green bonds are green bonds issued by central governments and central banks. Compilation of the indicator is based on the methodology used by London Stock Exchange Group, and divergences may be observed when compared to data from other providers. 
The source dataset is based on LSEG (formerly Refinitiv), which contain bond-by-bond issuances for Green Bonds, Social Bonds, Sustainability Bonds, and Sustainability-Linked Bonds starting from 2006 to 2024. Bonds by type encompass investment grade, high-yield, and not-rated bonds, commercial papers, certificates of deposit, and sukuks. By issuer type, bonds encompass government, corporate, agency, non-US munis, and other gov/supra bonds.","Public (Unrestricted)","","Public or Unrestricted","","LSEG. Accessed on 2025-02-24; IMF staff calculations.","© International Monetary Fund Copyright. All Rights Reserved. https://www.imf.org/external/terms.htm","International Monetary Fund. Green Bonds by Type of Currency,  https://data.imf.org/en/datasets/IMF.STA:ESG_FINANCE_CURRENCY. Accessed on [current date].","","","0.000101"
"IMF.STA:ESG_FINANCE_CURRENCY(3.0.3)","G001.CGBI_PT.GEL.A","OBS_VALUE","World","Cumulative Green Bond Issuances, Percent","Georgian Lari","Annual","Units","","","","","","","International Monetary Fund (IMF)","Statistics Department (STA)","datahelp@imf.org","","","","","Environment and climate; Climate finance","","","English","2026-01-08T16:17:00.239243200Z","2026-01-08T16:17:00.292229100Z","","The data are aggregated by country of incorporations, use of proceeds, type of currency and type of issuers (nonfinancial corporations, other financial corporations, banks, state owned entities, sovereign, state and local governments and international organizations). Sovereign green bonds are green bonds issued by central governments and central banks. Compilation of the indicator is based on the methodology used by London Stock Exchange Group, and divergences may be observed when compared to data from other providers. 
The source dataset is based on LSEG (formerly Refinitiv), which contain bond-by-bond issuances for Green Bonds, Social Bonds, Sustainability Bonds, and Sustainability-Linked Bonds starting from 2006 to 2024. Bonds by type encompass investment grade, high-yield, and not-rated bonds, commercial papers, certificates of deposit, and sukuks. By issuer type, bonds encompass government, corporate, agency, non-US munis, and other gov/supra bonds.","Public (Unrestricted)","","Public or Unrestricted","","LSEG. Accessed on 2025-02-24; IMF staff calculations.","© International Monetary Fund Copyright. All Rights Reserved. https://www.imf.org/external/terms.htm","International Monetary Fund. Green Bonds by Type of Currency,  https://data.imf.org/en/datasets/IMF.STA:ESG_FINANCE_CURRENCY. Accessed on [current date].","","","0.000203"
"IMF.STA:ESG_FINANCE_CURRENCY(3.0.3)","G001.CSSBI_PT.KES.A","OBS_VALUE","World","Cumulative Sustainability Bond Issuances, Percent","Kenyan Shilling","Annual","Units","","","","","","","International Monetary Fund (IMF)","Statistics Department (STA)","datahelp@imf.org","","","","","Environment and climate; Climate finance","","","English","2026-01-08T16:17:00.239243200Z","2026-01-08T16:17:00.292229100Z","","The data are aggregated by country of incorporations, use of proceeds, type of currency and type of issuers (nonfinancial corporations, other financial corporations, banks, state owned entities, sovereign, state and local governments and international organizations). Sovereign green bonds are green bonds issued by central governments and central banks. Compilation of the indicator is based on the methodology used by London Stock Exchange Group, and divergences may be observed when compared to data from other providers. 
The source dataset is based on LSEG (formerly Refinitiv), which contain bond-by-bond issuances for Green Bonds, Social Bonds, Sustainability Bonds, and Sustainability-Linked Bonds starting from 2006 to 2024. Bonds by type encompass investment grade, high-yield, and not-rated bonds, commercial papers, certificates of deposit, and sukuks. By issuer type, bonds encompass government, corporate, agency, non-US munis, and other gov/supra bonds.","Public (Unrestricted)","","Public or Unrestricted","","LSEG. Accessed on 2025-02-24; IMF staff calculations.","© International Monetary Fund Copyright. All Rights Reserved. https://www.imf.org/external/terms.htm","International Monetary Fund. Green Bonds by Type of Currency,  https://data.imf.org/en/datasets/IMF.STA:ESG_FINANCE_CURRENCY. Accessed on [current date].","","","0.000419"
"IMF.STA:ESG_FINANCE_CURRENCY(3.0.3)","G001.CSSBI_PT.MEXI12.A","OBS_VALUE","World","Cumulative Sustainability Bond Issuances, Percent","Mexican Peso","Annual","Units","","","","","","","International Monetary Fund (IMF)","Statistics Department (STA)","datahelp@imf.org","","","","","Environment and climate; Climate finance","","","English","2026-01-08T16:17:00.239243200Z","2026-01-08T16:17:00.292229100Z","","The data are aggregated by country of incorporations, use of proceeds, type of currency and type of issuers (nonfinancial corporations, other financial corporations, banks, state owned entities, sovereign, state and local governments and international organizations). Sovereign green bonds are green bonds issued by central governments and central banks. Compilation of the indicator is based on the methodology used by London Stock Exchange Group, and divergences may be observed when compared to data from other providers. 
The source dataset is based on LSEG (formerly Refinitiv), which contain bond-by-bond issuances for Green Bonds, Social Bonds, Sustainability Bonds, and Sustainability-Linked Bonds starting from 2006 to 2024. Bonds by type encompass investment grade, high-yield, and not-rated bonds, commercial papers, certificates of deposit, and sukuks. By issuer type, bonds encompass government, corporate, agency, non-US munis, and other gov/supra bonds.","Public (Unrestricted)","","Public or Unrestricted","","LSEG. Accessed on 2025-02-24; IMF staff calculations.","© International Monetary Fund Copyright. All Rights Reserved. https://www.imf.org/external/terms.htm","International Monetary Fund. Green Bonds by Type of Currency,  https://data.imf.org/en/datasets/IMF.STA:ESG_FINANCE_CURRENCY. Accessed on [current date].","","","2.14862413"
"IMF.STA:ESG_FINANCE_CURRENCY(3.0.3)","G001.CSBI_USD.KAZA17.A","OBS_VALUE","World","Cumulative Social Bond Issuances, US dollar","Kazakhstani Tenge","Annual","Units","","","","","","","International Monetary Fund (IMF)","Statistics Department (STA)","datahelp@imf.org","","","","","Environment and climate; Climate finance","","","English","2026-01-08T16:17:00.239243200Z","2026-01-08T16:17:00.292229100Z","","The data are aggregated by country of incorporations, use of proceeds, type of currency and type of issuers (nonfinancial corporations, other financial corporations, banks, state owned entities, sovereign, state and local governments and international organizations). Sovereign green bonds are green bonds issued by central governments and central banks. Compilation of the indicator is based on the methodology used by London Stock Exchange Group, and divergences may be observed when compared to data from other providers. 
The source dataset is based on LSEG (formerly Refinitiv), which contain bond-by-bond issuances for Green Bonds, Social Bonds, Sustainability Bonds, and Sustainability-Linked Bonds starting from 2006 to 2024. Bonds by type encompass investment grade, high-yield, and not-rated bonds, commercial papers, certificates of deposit, and sukuks. By issuer type, bonds encompass government, corporate, agency, non-US munis, and other gov/supra bonds.","Public (Unrestricted)","","Public or Unrestricted","","LSEG. Accessed on 2025-02-24; IMF staff calculations.","© International Monetary Fund Copyright. All Rights Reserved. https://www.imf.org/external/terms.htm","International Monetary Fund. Green Bonds by Type of Currency,  https://data.imf.org/en/datasets/IMF.STA:ESG_FINANCE_CURRENCY. Accessed on [current date].","","","0.075053395"
"IMF.STA:ESG_FINANCE_CURRENCY(3.0.3)","G001.CSSBI_PT.GEL.A","OBS_VALUE","World","Cumulative Sustainability Bond Issuances, Percent","Georgian Lari","Annual","Units","","","","","","","International Monetary Fund (IMF)","Statistics Department (STA)","datahelp@imf.org","","","","","Environment and climate; Climate finance","","","English","2026-01-08T16:17:00.239243200Z","2026-01-08T16:17:00.292229100Z","","The data are aggregated by country of incorporations, use of proceeds, type of currency and type of issuers (nonfinancial corporations, other financial corporations, banks, state owned entities, sovereign, state and local governments and international organizations). Sovereign green bonds are green bonds issued by central governments and central banks. Compilation of the indicator is based on the methodology used by London Stock Exchange Group, and divergences may be observed when compared to data from other providers. 
The source dataset is based on LSEG (formerly Refinitiv), which contain bond-by-bond issuances for Green Bonds, Social Bonds, Sustainability Bonds, and Sustainability-Linked Bonds starting from 2006 to 2024. Bonds by type encompass investment grade, high-yield, and not-rated bonds, commercial papers, certificates of deposit, and sukuks. By issuer type, bonds encompass government, corporate, agency, non-US munis, and other gov/supra bonds.","Public (Unrestricted)","","Public or Unrestricted","","LSEG. Accessed on 2025-02-24; IMF staff calculations.","© International Monetary Fund Copyright. All Rights Reserved. https://www.imf.org/external/terms.htm","International Monetary Fund. Green Bonds by Type of Currency,  https://data.imf.org/en/datasets/IMF.STA:ESG_FINANCE_CURRENCY. Accessed on [current date].","","","0.00536"
"IMF.STA:ESG_FINANCE_CURRENCY(3.0.3)","G001.CSSBI_USD.RUSS13.A","OBS_VALUE","World","Cumulative Sustainability Bond Issuances, US dollar","Russian Ruble","Annual","Units","","","","","","","International Monetary Fund (IMF)","Statistics Department (STA)","datahelp@imf.org","","","","","Environment and climate; Climate finance","","","English","2026-01-08T16:17:00.239243200Z","2026-01-08T16:17:00.292229100Z","","The data are aggregated by country of incorporations, use of proceeds, type of currency and type of issuers (nonfinancial corporations, other financial corporations, banks, state owned entities, sovereign, state and local governments and international organizations). Sovereign green bonds are green bonds issued by central governments and central banks. Compilation of the indicator is based on the methodology used by London Stock Exchange Group, and divergences may be observed when compared to data from other providers. 
The source dataset is based on LSEG (formerly Refinitiv), which contain bond-by-bond issuances for Green Bonds, Social Bonds, Sustainability Bonds, and Sustainability-Linked Bonds starting from 2006 to 2024. Bonds by type encompass investment grade, high-yield, and not-rated bonds, commercial papers, certificates of deposit, and sukuks. By issuer type, bonds encompass government, corporate, agency, non-US munis, and other gov/supra bonds.","Public (Unrestricted)","","Public or Unrestricted","","LSEG. Accessed on 2025-02-24; IMF staff calculations.","© International Monetary Fund Copyright. All Rights Reserved. https://www.imf.org/external/terms.htm","International Monetary Fund. Green Bonds by Type of Currency,  https://data.imf.org/en/datasets/IMF.STA:ESG_FINANCE_CURRENCY. Accessed on [current date].","","","0.364297319"
"IMF.STA:ESG_FINANCE_CURRENCY(3.0.3)","G001.CGBI_PT.INDI12.A","OBS_VALUE","World","Cumulative Green Bond Issuances, Percent","Indian Rupee","Annual","Units","","","","","","","International Monetary Fund (IMF)","Statistics Department (STA)","datahelp@imf.org","","","","","Environment and climate; Climate finance","","","English","2026-01-08T16:17:00.239243200Z","2026-01-08T16:17:00.292229100Z","","The data are aggregated by country of incorporations, use of proceeds, type of currency and type of issuers (nonfinancial corporations, other financial corporations, banks, state owned entities, sovereign, state and local governments and international organizations). Sovereign green bonds are green bonds issued by central governments and central banks. Compilation of the indicator is based on the methodology used by London Stock Exchange Group, and divergences may be observed when compared to data from other providers. 
The source dataset is based on LSEG (formerly Refinitiv), which contain bond-by-bond issuances for Green Bonds, Social Bonds, Sustainability Bonds, and Sustainability-Linked Bonds starting from 2006 to 2024. Bonds by type encompass investment grade, high-yield, and not-rated bonds, commercial papers, certificates of deposit, and sukuks. By issuer type, bonds encompass government, corporate, agency, non-US munis, and other gov/supra bonds.","Public (Unrestricted)","","Public or Unrestricted","","LSEG. Accessed on 2025-02-24; IMF staff calculations.","© International Monetary Fund Copyright. All Rights Reserved. https://www.imf.org/external/terms.htm","International Monetary Fund. Green Bonds by Type of Currency,  https://data.imf.org/en/datasets/IMF.STA:ESG_FINANCE_CURRENCY. Accessed on [current date].","","","0.286489474"
"IMF.STA:ESG_FINANCE_CURRENCY(3.0.3)","G001.CGBI_PT.DP.A","OBS_VALUE","World","Cumulative Green Bond Issuances, Percent","Dominican Peso","Annual","Units","","","","","","","International Monetary Fund (IMF)","Statistics Department (STA)","datahelp@imf.org","","","","","Environment and climate; Climate finance","","","English","2026-01-08T16:17:00.239243200Z","2026-01-08T16:17:00.292229100Z","","The data are aggregated by country of incorporations, use of proceeds, type of currency and type of issuers (nonfinancial corporations, other financial corporations, banks, state owned entities, sovereign, state and local governments and international organizations). Sovereign green bonds are green bonds issued by central governments and central banks. Compilation of the indicator is based on the methodology used by London Stock Exchange Group, and divergences may be observed when compared to data from other providers. 
The source dataset is based on LSEG (formerly Refinitiv), which contain bond-by-bond issuances for Green Bonds, Social Bonds, Sustainability Bonds, and Sustainability-Linked Bonds starting from 2006 to 2024. Bonds by type encompass investment grade, high-yield, and not-rated bonds, commercial papers, certificates of deposit, and sukuks. By issuer type, bonds encompass government, corporate, agency, non-US munis, and other gov/supra bonds.","Public (Unrestricted)","","Public or Unrestricted","","LSEG. Accessed on 2025-02-24; IMF staff calculations.","© International Monetary Fund Copyright. All Rights Reserved. https://www.imf.org/external/terms.htm","International Monetary Fund. Green Bonds by Type of Currency,  https://data.imf.org/en/datasets/IMF.STA:ESG_FINANCE_CURRENCY. Accessed on [current date].","","","0.000378"
"IMF.STA:ESG_FINANCE_CURRENCY(3.0.3)","G001.CGBI_PT.SKW.A","OBS_VALUE","World","Cumulative Green Bond Issuances, Percent","South Korean Won","Annual","Units","","","","","","","International Monetary Fund (IMF)","Statistics Department (STA)","datahelp@imf.org","","","","","Environment and climate; Climate finance","","","English","2026-01-08T16:17:00.239243200Z","2026-01-08T16:17:00.292229100Z","","The data are aggregated by country of incorporations, use of proceeds, type of currency and type of issuers (nonfinancial corporations, other financial corporations, banks, state owned entities, sovereign, state and local governments and international organizations). Sovereign green bonds are green bonds issued by central governments and central banks. Compilation of the indicator is based on the methodology used by London Stock Exchange Group, and divergences may be observed when compared to data from other providers. 
The source dataset is based on LSEG (formerly Refinitiv), which contain bond-by-bond issuances for Green Bonds, Social Bonds, Sustainability Bonds, and Sustainability-Linked Bonds starting from 2006 to 2024. Bonds by type encompass investment grade, high-yield, and not-rated bonds, commercial papers, certificates of deposit, and sukuks. By issuer type, bonds encompass government, corporate, agency, non-US munis, and other gov/supra bonds.","Public (Unrestricted)","","Public or Unrestricted","","LSEG. Accessed on 2025-02-24; IMF staff calculations.","© International Monetary Fund Copyright. All Rights Reserved. https://www.imf.org/external/terms.htm","International Monetary Fund. Green Bonds by Type of Currency,  https://data.imf.org/en/datasets/IMF.STA:ESG_FINANCE_CURRENCY. Accessed on [current date].","","","0.739903995"
"IMF.STA:ESG_FINANCE_CURRENCY(3.0.3)","G001.CSBI_PT.UGS.A","OBS_VALUE","World","Cumulative Social Bond Issuances, Percent","Ugandan Shilling","Annual","Units","","","","","","","International Monetary Fund (IMF)","Statistics Department (STA)","datahelp@imf.org","","","","","Environment and climate; Climate finance","","","English","2026-01-08T16:17:00.239243200Z","2026-01-08T16:17:00.292229100Z","","The data are aggregated by country of incorporations, use of proceeds, type of currency and type of issuers (nonfinancial corporations, other financial corporations, banks, state owned entities, sovereign, state and local governments and international organizations). Sovereign green bonds are green bonds issued by central governments and central banks. Compilation of the indicator is based on the methodology used by London Stock Exchange Group, and divergences may be observed when compared to data from other providers. 
The source dataset is based on LSEG (formerly Refinitiv), which contain bond-by-bond issuances for Green Bonds, Social Bonds, Sustainability Bonds, and Sustainability-Linked Bonds starting from 2006 to 2024. Bonds by type encompass investment grade, high-yield, and not-rated bonds, commercial papers, certificates of deposit, and sukuks. By issuer type, bonds encompass government, corporate, agency, non-US munis, and other gov/supra bonds.","Public (Unrestricted)","","Public or Unrestricted","","LSEG. Accessed on 2025-02-24; IMF staff calculations.","© International Monetary Fund Copyright. All Rights Reserved. https://www.imf.org/external/terms.htm","International Monetary Fund. Green Bonds by Type of Currency,  https://data.imf.org/en/datasets/IMF.STA:ESG_FINANCE_CURRENCY. Accessed on [current date].","","","0.000567"
"IMF.STA:ESG_FINANCE_CURRENCY(3.0.3)","G001.CSSBI_PT.EURO4.A","OBS_VALUE","World","Cumulative Sustainability Bond Issuances, Percent","Euro","Annual","Units","","","","","","","International Monetary Fund (IMF)","Statistics Department (STA)","datahelp@imf.org","","","","","Environment and climate; Climate finance","","","English","2026-01-08T16:17:00.239243200Z","2026-01-08T16:17:00.292229100Z","","The data are aggregated by country of incorporations, use of proceeds, type of currency and type of issuers (nonfinancial corporations, other financial corporations, banks, state owned entities, sovereign, state and local governments and international organizations). Sovereign green bonds are green bonds issued by central governments and central banks. Compilation of the indicator is based on the methodology used by London Stock Exchange Group, and divergences may be observed when compared to data from other providers. 
The source dataset is based on LSEG (formerly Refinitiv), which contain bond-by-bond issuances for Green Bonds, Social Bonds, Sustainability Bonds, and Sustainability-Linked Bonds starting from 2006 to 2024. Bonds by type encompass investment grade, high-yield, and not-rated bonds, commercial papers, certificates of deposit, and sukuks. By issuer type, bonds encompass government, corporate, agency, non-US munis, and other gov/supra bonds.","Public (Unrestricted)","","Public or Unrestricted","","LSEG. Accessed on 2025-02-24; IMF staff calculations.","© International Monetary Fund Copyright. All Rights Reserved. https://www.imf.org/external/terms.htm","International Monetary Fund. Green Bonds by Type of Currency,  https://data.imf.org/en/datasets/IMF.STA:ESG_FINANCE_CURRENCY. Accessed on [current date].","","","21.12589367"
"IMF.STA:ESG_FINANCE_CURRENCY(3.0.3)","G001.CSSBI_PT.INDI12.A","OBS_VALUE","World","Cumulative Sustainability Bond Issuances, Percent","Indian Rupee","Annual","Units","","","","","","","International Monetary Fund (IMF)","Statistics Department (STA)","datahelp@imf.org","","","","","Environment and climate; Climate finance","","","English","2026-01-08T16:17:00.239243200Z","2026-01-08T16:17:00.292229100Z","","The data are aggregated by country of incorporations, use of proceeds, type of currency and type of issuers (nonfinancial corporations, other financial corporations, banks, state owned entities, sovereign, state and local governments and international organizations). Sovereign green bonds are green bonds issued by central governments and central banks. Compilation of the indicator is based on the methodology used by London Stock Exchange Group, and divergences may be observed when compared to data from other providers. 
The source dataset is based on LSEG (formerly Refinitiv), which contain bond-by-bond issuances for Green Bonds, Social Bonds, Sustainability Bonds, and Sustainability-Linked Bonds starting from 2006 to 2024. Bonds by type encompass investment grade, high-yield, and not-rated bonds, commercial papers, certificates of deposit, and sukuks. By issuer type, bonds encompass government, corporate, agency, non-US munis, and other gov/supra bonds.","Public (Unrestricted)","","Public or Unrestricted","","LSEG. Accessed on 2025-02-24; IMF staff calculations.","© International Monetary Fund Copyright. All Rights Reserved. https://www.imf.org/external/terms.htm","International Monetary Fund. Green Bonds by Type of Currency,  https://data.imf.org/en/datasets/IMF.STA:ESG_FINANCE_CURRENCY. Accessed on [current date].","","","0.153355066"
"IMF.STA:ESG_FINANCE_CURRENCY(3.0.3)","G001.CSSBI_PT.INDO17.A","OBS_VALUE","World","Cumulative Sustainability Bond Issuances, Percent","Indonesian Rupiah","Annual","Units","","","","","","","International Monetary Fund (IMF)","Statistics Department (STA)","datahelp@imf.org","","","","","Environment and climate; Climate finance","","","English","2026-01-08T16:17:00.239243200Z","2026-01-08T16:17:00.292229100Z","","The data are aggregated by country of incorporations, use of proceeds, type of currency and type of issuers (nonfinancial corporations, other financial corporations, banks, state owned entities, sovereign, state and local governments and international organizations). Sovereign green bonds are green bonds issued by central governments and central banks. Compilation of the indicator is based on the methodology used by London Stock Exchange Group, and divergences may be observed when compared to data from other providers. 
The source dataset is based on LSEG (formerly Refinitiv), which contain bond-by-bond issuances for Green Bonds, Social Bonds, Sustainability Bonds, and Sustainability-Linked Bonds starting from 2006 to 2024. Bonds by type encompass investment grade, high-yield, and not-rated bonds, commercial papers, certificates of deposit, and sukuks. By issuer type, bonds encompass government, corporate, agency, non-US munis, and other gov/supra bonds.","Public (Unrestricted)","","Public or Unrestricted","","LSEG. Accessed on 2025-02-24; IMF staff calculations.","© International Monetary Fund Copyright. All Rights Reserved. https://www.imf.org/external/terms.htm","International Monetary Fund. Green Bonds by Type of Currency,  https://data.imf.org/en/datasets/IMF.STA:ESG_FINANCE_CURRENCY. Accessed on [current date].","","","0.071298179"
"IMF.STA:ESG_FINANCE_CURRENCY(3.0.3)","G001.CGBI_PT.JAPA12.A","OBS_VALUE","World","Cumulative Green Bond Issuances, Percent","Japanese Yen","Annual","Units","","","","","","","International Monetary Fund (IMF)","Statistics Department (STA)","datahelp@imf.org","","","","","Environment and climate; Climate finance","","","English","2026-01-08T16:17:00.239243200Z","2026-01-08T16:17:00.292229100Z","","The data are aggregated by country of incorporations, use of proceeds, type of currency and type of issuers (nonfinancial corporations, other financial corporations, banks, state owned entities, sovereign, state and local governments and international organizations). Sovereign green bonds are green bonds issued by central governments and central banks. Compilation of the indicator is based on the methodology used by London Stock Exchange Group, and divergences may be observed when compared to data from other providers. 
The source dataset is based on LSEG (formerly Refinitiv), which contain bond-by-bond issuances for Green Bonds, Social Bonds, Sustainability Bonds, and Sustainability-Linked Bonds starting from 2006 to 2024. Bonds by type encompass investment grade, high-yield, and not-rated bonds, commercial papers, certificates of deposit, and sukuks. By issuer type, bonds encompass government, corporate, agency, non-US munis, and other gov/supra bonds.","Public (Unrestricted)","","Public or Unrestricted","","LSEG. Accessed on 2025-02-24; IMF staff calculations.","© International Monetary Fund Copyright. All Rights Reserved. https://www.imf.org/external/terms.htm","International Monetary Fund. Green Bonds by Type of Currency,  https://data.imf.org/en/datasets/IMF.STA:ESG_FINANCE_CURRENCY. Accessed on [current date].","","","2.271062793"
"IMF.STA:ESG_FINANCE_CURRENCY(3.0.3)","G001.CSSBI_USD.POLI12.A","OBS_VALUE","World","Cumulative Sustainability Bond Issuances, US dollar","Polish Zloty","Annual","Units","","","","","","","International Monetary Fund (IMF)","Statistics Department (STA)","datahelp@imf.org","","","","","Environment and climate; Climate finance","","","English","2026-01-08T16:17:00.239243200Z","2026-01-08T16:17:00.292229100Z","","The data are aggregated by country of incorporations, use of proceeds, type of currency and type of issuers (nonfinancial corporations, other financial corporations, banks, state owned entities, sovereign, state and local governments and international organizations). Sovereign green bonds are green bonds issued by central governments and central banks. Compilation of the indicator is based on the methodology used by London Stock Exchange Group, and divergences may be observed when compared to data from other providers. 
The source dataset is based on LSEG (formerly Refinitiv), which contain bond-by-bond issuances for Green Bonds, Social Bonds, Sustainability Bonds, and Sustainability-Linked Bonds starting from 2006 to 2024. Bonds by type encompass investment grade, high-yield, and not-rated bonds, commercial papers, certificates of deposit, and sukuks. By issuer type, bonds encompass government, corporate, agency, non-US munis, and other gov/supra bonds.","Public (Unrestricted)","","Public or Unrestricted","","LSEG. Accessed on 2025-02-24; IMF staff calculations.","© International Monetary Fund Copyright. All Rights Reserved. https://www.imf.org/external/terms.htm","International Monetary Fund. Green Bonds by Type of Currency,  https://data.imf.org/en/datasets/IMF.STA:ESG_FINANCE_CURRENCY. Accessed on [current date].","","","1.141139417"
"IMF.STA:ESG_FINANCE_CURRENCY(3.0.3)","G001.CSSBI_USD.SING16.A","OBS_VALUE","World","Cumulative Sustainability Bond Issuances, US dollar","Singapore Dollar","Annual","Units","","","","","","","International Monetary Fund (IMF)","Statistics Department (STA)","datahelp@imf.org","","","","","Environment and climate; Climate finance","","","English","2026-01-08T16:17:00.239243200Z","2026-01-08T16:17:00.292229100Z","","The data are aggregated by country of incorporations, use of proceeds, type of currency and type of issuers (nonfinancial corporations, other financial corporations, banks, state owned entities, sovereign, state and local governments and international organizations). Sovereign green bonds are green bonds issued by central governments and central banks. Compilation of the indicator is based on the methodology used by London Stock Exchange Group, and divergences may be observed when compared to data from other providers. 
The source dataset is based on LSEG (formerly Refinitiv), which contain bond-by-bond issuances for Green Bonds, Social Bonds, Sustainability Bonds, and Sustainability-Linked Bonds starting from 2006 to 2024. Bonds by type encompass investment grade, high-yield, and not-rated bonds, commercial papers, certificates of deposit, and sukuks. By issuer type, bonds encompass government, corporate, agency, non-US munis, and other gov/supra bonds.","Public (Unrestricted)","","Public or Unrestricted","","LSEG. Accessed on 2025-02-24; IMF staff calculations.","© International Monetary Fund Copyright. All Rights Reserved. https://www.imf.org/external/terms.htm","International Monetary Fund. Green Bonds by Type of Currency,  https://data.imf.org/en/datasets/IMF.STA:ESG_FINANCE_CURRENCY. Accessed on [current date].","","","0.442845087"
"IMF.STA:ESG_FINANCE_CURRENCY(3.0.3)","G001.CGBI_PT.RUSS13.A","OBS_VALUE","World","Cumulative Green Bond Issuances, Percent","Russian Ruble","Annual","Units","","","","","","","International Monetary Fund (IMF)","Statistics Department (STA)","datahelp@imf.org","","","","","Environment and climate; Climate finance","","","English","2026-01-08T16:17:00.239243200Z","2026-01-08T16:17:00.292229100Z","","The data are aggregated by country of incorporations, use of proceeds, type of currency and type of issuers (nonfinancial corporations, other financial corporations, banks, state owned entities, sovereign, state and local governments and international organizations). Sovereign green bonds are green bonds issued by central governments and central banks. Compilation of the indicator is based on the methodology used by London Stock Exchange Group, and divergences may be observed when compared to data from other providers. 
The source dataset is based on LSEG (formerly Refinitiv), which contain bond-by-bond issuances for Green Bonds, Social Bonds, Sustainability Bonds, and Sustainability-Linked Bonds starting from 2006 to 2024. Bonds by type encompass investment grade, high-yield, and not-rated bonds, commercial papers, certificates of deposit, and sukuks. By issuer type, bonds encompass government, corporate, agency, non-US munis, and other gov/supra bonds.","Public (Unrestricted)","","Public or Unrestricted","","LSEG. Accessed on 2025-02-24; IMF staff calculations.","© International Monetary Fund Copyright. All Rights Reserved. https://www.imf.org/external/terms.htm","International Monetary Fund. Green Bonds by Type of Currency,  https://data.imf.org/en/datasets/IMF.STA:ESG_FINANCE_CURRENCY. Accessed on [current date].","","","0.111025733"
"IMF.STA:ESG_FINANCE_CURRENCY(3.0.3)","G001.CGBI_USD.PERU12.A","OBS_VALUE","World","Cumulative Green Bond Issuances, US dollar","Peruvian Sol","Annual","Units","","","","","","","International Monetary Fund (IMF)","Statistics Department (STA)","datahelp@imf.org","","","","","Environment and climate; Climate finance","","","English","2026-01-08T16:17:00.239243200Z","2026-01-08T16:17:00.292229100Z","","The data are aggregated by country of incorporations, use of proceeds, type of currency and type of issuers (nonfinancial corporations, other financial corporations, banks, state owned entities, sovereign, state and local governments and international organizations). Sovereign green bonds are green bonds issued by central governments and central banks. Compilation of the indicator is based on the methodology used by London Stock Exchange Group, and divergences may be observed when compared to data from other providers. 
The source dataset is based on LSEG (formerly Refinitiv), which contain bond-by-bond issuances for Green Bonds, Social Bonds, Sustainability Bonds, and Sustainability-Linked Bonds starting from 2006 to 2024. Bonds by type encompass investment grade, high-yield, and not-rated bonds, commercial papers, certificates of deposit, and sukuks. By issuer type, bonds encompass government, corporate, agency, non-US munis, and other gov/supra bonds.","Public (Unrestricted)","","Public or Unrestricted","","LSEG. Accessed on 2025-02-24; IMF staff calculations.","© International Monetary Fund Copyright. All Rights Reserved. https://www.imf.org/external/terms.htm","International Monetary Fund. Green Bonds by Type of Currency,  https://data.imf.org/en/datasets/IMF.STA:ESG_FINANCE_CURRENCY. Accessed on [current date].","","","0.163665078"
"IMF.STA:ESG_FINANCE_CURRENCY(3.0.3)","G001.CSBI_USD.MP.A","OBS_VALUE","World","Cumulative Social Bond Issuances, US dollar","Macanese Pataca","Annual","Units","","","","","","","International Monetary Fund (IMF)","Statistics Department (STA)","datahelp@imf.org","","","","","Environment and climate; Climate finance","","","English","2026-01-08T16:17:00.239243200Z","2026-01-08T16:17:00.292229100Z","","The data are aggregated by country of incorporations, use of proceeds, type of currency and type of issuers (nonfinancial corporations, other financial corporations, banks, state owned entities, sovereign, state and local governments and international organizations). Sovereign green bonds are green bonds issued by central governments and central banks. Compilation of the indicator is based on the methodology used by London Stock Exchange Group, and divergences may be observed when compared to data from other providers. 
The source dataset is based on LSEG (formerly Refinitiv), which contain bond-by-bond issuances for Green Bonds, Social Bonds, Sustainability Bonds, and Sustainability-Linked Bonds starting from 2006 to 2024. Bonds by type encompass investment grade, high-yield, and not-rated bonds, commercial papers, certificates of deposit, and sukuks. By issuer type, bonds encompass government, corporate, agency, non-US munis, and other gov/supra bonds.","Public (Unrestricted)","","Public or Unrestricted","","LSEG. Accessed on 2025-02-24; IMF staff calculations.","© International Monetary Fund Copyright. All Rights Reserved. https://www.imf.org/external/terms.htm","International Monetary Fund. Green Bonds by Type of Currency,  https://data.imf.org/en/datasets/IMF.STA:ESG_FINANCE_CURRENCY. Accessed on [current date].","","","0.125369841"
"IMF.STA:ESG_FINANCE_CURRENCY(3.0.3)","G001.CSSBI_PT.KAZA17.A","OBS_VALUE","World","Cumulative Sustainability Bond Issuances, Percent","Kazakhstani Tenge","Annual","Units","","","","","","","International Monetary Fund (IMF)","Statistics Department (STA)","datahelp@imf.org","","","","","Environment and climate; Climate finance","","","English","2026-01-08T16:17:00.239243200Z","2026-01-08T16:17:00.292229100Z","","The data are aggregated by country of incorporations, use of proceeds, type of currency and type of issuers (nonfinancial corporations, other financial corporations, banks, state owned entities, sovereign, state and local governments and international organizations). Sovereign green bonds are green bonds issued by central governments and central banks. Compilation of the indicator is based on the methodology used by London Stock Exchange Group, and divergences may be observed when compared to data from other providers. 
The source dataset is based on LSEG (formerly Refinitiv), which contain bond-by-bond issuances for Green Bonds, Social Bonds, Sustainability Bonds, and Sustainability-Linked Bonds starting from 2006 to 2024. Bonds by type encompass investment grade, high-yield, and not-rated bonds, commercial papers, certificates of deposit, and sukuks. By issuer type, bonds encompass government, corporate, agency, non-US munis, and other gov/supra bonds.","Public (Unrestricted)","","Public or Unrestricted","","LSEG. Accessed on 2025-02-24; IMF staff calculations.","© International Monetary Fund Copyright. All Rights Reserved. https://www.imf.org/external/terms.htm","International Monetary Fund. Green Bonds by Type of Currency,  https://data.imf.org/en/datasets/IMF.STA:ESG_FINANCE_CURRENCY. Accessed on [current date].","","","0.0535"
"IMF.STA:ESG_FINANCE_CURRENCY(3.0.3)","G001.CSBI_USD.MALA17.A","OBS_VALUE","World","Cumulative Social Bond Issuances, US dollar","Malaysian Ringgit","Annual","Units","","","","","","","International Monetary Fund (IMF)","Statistics Department (STA)","datahelp@imf.org","","","","","Environment and climate; Climate finance","","","English","2026-01-08T16:17:00.239243200Z","2026-01-08T16:17:00.292229100Z","","The data are aggregated by country of incorporations, use of proceeds, type of currency and type of issuers (nonfinancial corporations, other financial corporations, banks, state owned entities, sovereign, state and local governments and international organizations). Sovereign green bonds are green bonds issued by central governments and central banks. Compilation of the indicator is based on the methodology used by London Stock Exchange Group, and divergences may be observed when compared to data from other providers. 
The source dataset is based on LSEG (formerly Refinitiv), which contain bond-by-bond issuances for Green Bonds, Social Bonds, Sustainability Bonds, and Sustainability-Linked Bonds starting from 2006 to 2024. Bonds by type encompass investment grade, high-yield, and not-rated bonds, commercial papers, certificates of deposit, and sukuks. By issuer type, bonds encompass government, corporate, agency, non-US munis, and other gov/supra bonds.","Public (Unrestricted)","","Public or Unrestricted","","LSEG. Accessed on 2025-02-24; IMF staff calculations.","© International Monetary Fund Copyright. All Rights Reserved. https://www.imf.org/external/terms.htm","International Monetary Fund. Green Bonds by Type of Currency,  https://data.imf.org/en/datasets/IMF.STA:ESG_FINANCE_CURRENCY. Accessed on [current date].","","","0.371900304"
"IMF.STA:ESG_FINANCE_CURRENCY(3.0.3)","G001.CSBI_PT.CP.A","OBS_VALUE","World","Cumulative Social Bond Issuances, Percent","Chilean Peso","Annual","Units","","","","","","","International Monetary Fund (IMF)","Statistics Department (STA)","datahelp@imf.org","","","","","Environment and climate; Climate finance","","","English","2026-01-08T16:17:00.239243200Z","2026-01-08T16:17:00.292229100Z","","The data are aggregated by country of incorporations, use of proceeds, type of currency and type of issuers (nonfinancial corporations, other financial corporations, banks, state owned entities, sovereign, state and local governments and international organizations). Sovereign green bonds are green bonds issued by central governments and central banks. Compilation of the indicator is based on the methodology used by London Stock Exchange Group, and divergences may be observed when compared to data from other providers. 
The source dataset is based on LSEG (formerly Refinitiv), which contain bond-by-bond issuances for Green Bonds, Social Bonds, Sustainability Bonds, and Sustainability-Linked Bonds starting from 2006 to 2024. Bonds by type encompass investment grade, high-yield, and not-rated bonds, commercial papers, certificates of deposit, and sukuks. By issuer type, bonds encompass government, corporate, agency, non-US munis, and other gov/supra bonds.","Public (Unrestricted)","","Public or Unrestricted","","LSEG. Accessed on 2025-02-24; IMF staff calculations.","© International Monetary Fund Copyright. All Rights Reserved. https://www.imf.org/external/terms.htm","International Monetary Fund. Green Bonds by Type of Currency,  https://data.imf.org/en/datasets/IMF.STA:ESG_FINANCE_CURRENCY. Accessed on [current date].","","","1.713416657"
"IMF.STA:ESG_FINANCE_CURRENCY(3.0.3)","G001.CGBI_PT.INDO17.A","OBS_VALUE","World","Cumulative Green Bond Issuances, Percent","Indonesian Rupiah","Annual","Units","","","","","","","International Monetary Fund (IMF)","Statistics Department (STA)","datahelp@imf.org","","","","","Environment and climate; Climate finance","","","English","2026-01-08T16:17:00.239243200Z","2026-01-08T16:17:00.292229100Z","","The data are aggregated by country of incorporations, use of proceeds, type of currency and type of issuers (nonfinancial corporations, other financial corporations, banks, state owned entities, sovereign, state and local governments and international organizations). Sovereign green bonds are green bonds issued by central governments and central banks. Compilation of the indicator is based on the methodology used by London Stock Exchange Group, and divergences may be observed when compared to data from other providers. 
The source dataset is based on LSEG (formerly Refinitiv), which contain bond-by-bond issuances for Green Bonds, Social Bonds, Sustainability Bonds, and Sustainability-Linked Bonds starting from 2006 to 2024. Bonds by type encompass investment grade, high-yield, and not-rated bonds, commercial papers, certificates of deposit, and sukuks. By issuer type, bonds encompass government, corporate, agency, non-US munis, and other gov/supra bonds.","Public (Unrestricted)","","Public or Unrestricted","","LSEG. Accessed on 2025-02-24; IMF staff calculations.","© International Monetary Fund Copyright. All Rights Reserved. https://www.imf.org/external/terms.htm","International Monetary Fund. Green Bonds by Type of Currency,  https://data.imf.org/en/datasets/IMF.STA:ESG_FINANCE_CURRENCY. Accessed on [current date].","","","0.172659338"
"IMF.STA:ESG_FINANCE_CURRENCY(3.0.3)","G001.CSSBI_USD.RWF.A","OBS_VALUE","World","Cumulative Sustainability Bond Issuances, US dollar","Rwandan Franc","Annual","Units","","","","","","","International Monetary Fund (IMF)","Statistics Department (STA)","datahelp@imf.org","","","","","Environment and climate; Climate finance","","","English","2026-01-08T16:17:00.239243200Z","2026-01-08T16:17:00.292229100Z","","The data are aggregated by country of incorporations, use of proceeds, type of currency and type of issuers (nonfinancial corporations, other financial corporations, banks, state owned entities, sovereign, state and local governments and international organizations). Sovereign green bonds are green bonds issued by central governments and central banks. Compilation of the indicator is based on the methodology used by London Stock Exchange Group, and divergences may be observed when compared to data from other providers. 
The source dataset is based on LSEG (formerly Refinitiv), which contain bond-by-bond issuances for Green Bonds, Social Bonds, Sustainability Bonds, and Sustainability-Linked Bonds starting from 2006 to 2024. Bonds by type encompass investment grade, high-yield, and not-rated bonds, commercial papers, certificates of deposit, and sukuks. By issuer type, bonds encompass government, corporate, agency, non-US munis, and other gov/supra bonds.","Public (Unrestricted)","","Public or Unrestricted","","LSEG. Accessed on 2025-02-24; IMF staff calculations.","© International Monetary Fund Copyright. All Rights Reserved. https://www.imf.org/external/terms.htm","International Monetary Fund. Green Bonds by Type of Currency,  https://data.imf.org/en/datasets/IMF.STA:ESG_FINANCE_CURRENCY. Accessed on [current date].","","","0.026975991"
"IMF.STA:ESG_FINANCE_CURRENCY(3.0.3)","G001.CGBI_USD.RL.A","OBS_VALUE","World","Cumulative Green Bond Issuances, US dollar","Romanian Leu","Annual","Units","","","","","","","International Monetary Fund (IMF)","Statistics Department (STA)","datahelp@imf.org","","","","","Environment and climate; Climate finance","","","English","2026-01-08T16:17:00.239243200Z","2026-01-08T16:17:00.292229100Z","","The data are aggregated by country of incorporations, use of proceeds, type of currency and type of issuers (nonfinancial corporations, other financial corporations, banks, state owned entities, sovereign, state and local governments and international organizations). Sovereign green bonds are green bonds issued by central governments and central banks. Compilation of the indicator is based on the methodology used by London Stock Exchange Group, and divergences may be observed when compared to data from other providers. 
The source dataset is based on LSEG (formerly Refinitiv), which contain bond-by-bond issuances for Green Bonds, Social Bonds, Sustainability Bonds, and Sustainability-Linked Bonds starting from 2006 to 2024. Bonds by type encompass investment grade, high-yield, and not-rated bonds, commercial papers, certificates of deposit, and sukuks. By issuer type, bonds encompass government, corporate, agency, non-US munis, and other gov/supra bonds.","Public (Unrestricted)","","Public or Unrestricted","","LSEG. Accessed on 2025-02-24; IMF staff calculations.","© International Monetary Fund Copyright. All Rights Reserved. https://www.imf.org/external/terms.htm","International Monetary Fund. Green Bonds by Type of Currency,  https://data.imf.org/en/datasets/IMF.STA:ESG_FINANCE_CURRENCY. Accessed on [current date].","","","0.736268876"
"IMF.STA:ESG_FINANCE_CURRENCY(3.0.3)","G001.CGBI_PT.KAZA17.A","OBS_VALUE","World","Cumulative Green Bond Issuances, Percent","Kazakhstani Tenge","Annual","Units","","","","","","","International Monetary Fund (IMF)","Statistics Department (STA)","datahelp@imf.org","","","","","Environment and climate; Climate finance","","","English","2026-01-08T16:17:00.239243200Z","2026-01-08T16:17:00.292229100Z","","The data are aggregated by country of incorporations, use of proceeds, type of currency and type of issuers (nonfinancial corporations, other financial corporations, banks, state owned entities, sovereign, state and local governments and international organizations). Sovereign green bonds are green bonds issued by central governments and central banks. Compilation of the indicator is based on the methodology used by London Stock Exchange Group, and divergences may be observed when compared to data from other providers. 
The source dataset is based on LSEG (formerly Refinitiv), which contain bond-by-bond issuances for Green Bonds, Social Bonds, Sustainability Bonds, and Sustainability-Linked Bonds starting from 2006 to 2024. Bonds by type encompass investment grade, high-yield, and not-rated bonds, commercial papers, certificates of deposit, and sukuks. By issuer type, bonds encompass government, corporate, agency, non-US munis, and other gov/supra bonds.","Public (Unrestricted)","","Public or Unrestricted","","LSEG. Accessed on 2025-02-24; IMF staff calculations.","© International Monetary Fund Copyright. All Rights Reserved. https://www.imf.org/external/terms.htm","International Monetary Fund. Green Bonds by Type of Currency,  https://data.imf.org/en/datasets/IMF.STA:ESG_FINANCE_CURRENCY. Accessed on [current date].","","","0.00641"
"IMF.STA:ESG_FINANCE_CURRENCY(3.0.3)","G001.CGBI_USD.NIGE14.A","OBS_VALUE","World","Cumulative Green Bond Issuances, US dollar","Nigerian Naira","Annual","Units","","","","","","","International Monetary Fund (IMF)","Statistics Department (STA)","datahelp@imf.org","","","","","Environment and climate; Climate finance","","","English","2026-01-08T16:17:00.239243200Z","2026-01-08T16:17:00.292229100Z","","The data are aggregated by country of incorporations, use of proceeds, type of currency and type of issuers (nonfinancial corporations, other financial corporations, banks, state owned entities, sovereign, state and local governments and international organizations). Sovereign green bonds are green bonds issued by central governments and central banks. Compilation of the indicator is based on the methodology used by London Stock Exchange Group, and divergences may be observed when compared to data from other providers. 
The source dataset is based on LSEG (formerly Refinitiv), which contain bond-by-bond issuances for Green Bonds, Social Bonds, Sustainability Bonds, and Sustainability-Linked Bonds starting from 2006 to 2024. Bonds by type encompass investment grade, high-yield, and not-rated bonds, commercial papers, certificates of deposit, and sukuks. By issuer type, bonds encompass government, corporate, agency, non-US munis, and other gov/supra bonds.","Public (Unrestricted)","","Public or Unrestricted","","LSEG. Accessed on 2025-02-24; IMF staff calculations.","© International Monetary Fund Copyright. All Rights Reserved. https://www.imf.org/external/terms.htm","International Monetary Fund. Green Bonds by Type of Currency,  https://data.imf.org/en/datasets/IMF.STA:ESG_FINANCE_CURRENCY. Accessed on [current date].","","","0.048016585"
"IMF.STA:ESG_FINANCE_CURRENCY(3.0.3)","G001.CSBI_PT.SWIS11.A","OBS_VALUE","World","Cumulative Social Bond Issuances, Percent","Swiss Franc","Annual","Units","","","","","","","International Monetary Fund (IMF)","Statistics Department (STA)","datahelp@imf.org","","","","","Environment and climate; Climate finance","","","English","2026-01-08T16:17:00.239243200Z","2026-01-08T16:17:00.292229100Z","","The data are aggregated by country of incorporations, use of proceeds, type of currency and type of issuers (nonfinancial corporations, other financial corporations, banks, state owned entities, sovereign, state and local governments and international organizations). Sovereign green bonds are green bonds issued by central governments and central banks. Compilation of the indicator is based on the methodology used by London Stock Exchange Group, and divergences may be observed when compared to data from other providers. 
The source dataset is based on LSEG (formerly Refinitiv), which contain bond-by-bond issuances for Green Bonds, Social Bonds, Sustainability Bonds, and Sustainability-Linked Bonds starting from 2006 to 2024. Bonds by type encompass investment grade, high-yield, and not-rated bonds, commercial papers, certificates of deposit, and sukuks. By issuer type, bonds encompass government, corporate, agency, non-US munis, and other gov/supra bonds.","Public (Unrestricted)","","Public or Unrestricted","","LSEG. Accessed on 2025-02-24; IMF staff calculations.","© International Monetary Fund Copyright. All Rights Reserved. https://www.imf.org/external/terms.htm","International Monetary Fund. Green Bonds by Type of Currency,  https://data.imf.org/en/datasets/IMF.STA:ESG_FINANCE_CURRENCY. Accessed on [current date].","","","0.23201622"
"IMF.STA:ESG_FINANCE_CURRENCY(3.0.3)","G001.CSSBI_PT.MALA17.A","OBS_VALUE","World","Cumulative Sustainability Bond Issuances, Percent","Malaysian Ringgit","Annual","Units","","","","","","","International Monetary Fund (IMF)","Statistics Department (STA)","datahelp@imf.org","","","","","Environment and climate; Climate finance","","","English","2026-01-08T16:17:00.239243200Z","2026-01-08T16:17:00.292229100Z","","The data are aggregated by country of incorporations, use of proceeds, type of currency and type of issuers (nonfinancial corporations, other financial corporations, banks, state owned entities, sovereign, state and local governments and international organizations). Sovereign green bonds are green bonds issued by central governments and central banks. Compilation of the indicator is based on the methodology used by London Stock Exchange Group, and divergences may be observed when compared to data from other providers. 
The source dataset is based on LSEG (formerly Refinitiv), which contain bond-by-bond issuances for Green Bonds, Social Bonds, Sustainability Bonds, and Sustainability-Linked Bonds starting from 2006 to 2024. Bonds by type encompass investment grade, high-yield, and not-rated bonds, commercial papers, certificates of deposit, and sukuks. By issuer type, bonds encompass government, corporate, agency, non-US munis, and other gov/supra bonds.","Public (Unrestricted)","","Public or Unrestricted","","LSEG. Accessed on 2025-02-24; IMF staff calculations.","© International Monetary Fund Copyright. All Rights Reserved. https://www.imf.org/external/terms.htm","International Monetary Fund. Green Bonds by Type of Currency,  https://data.imf.org/en/datasets/IMF.STA:ESG_FINANCE_CURRENCY. Accessed on [current date].","","","1.033957769"
"IMF.STA:ESG_FINANCE_CURRENCY(3.0.3)","G001.CSSBI_USD.SWED13.A","OBS_VALUE","World","Cumulative Sustainability Bond Issuances, US dollar","Swedish Krona","Annual","Units","","","","","","","International Monetary Fund (IMF)","Statistics Department (STA)","datahelp@imf.org","","","","","Environment and climate; Climate finance","","","English","2026-01-08T16:17:00.239243200Z","2026-01-08T16:17:00.292229100Z","","The data are aggregated by country of incorporations, use of proceeds, type of currency and type of issuers (nonfinancial corporations, other financial corporations, banks, state owned entities, sovereign, state and local governments and international organizations). Sovereign green bonds are green bonds issued by central governments and central banks. Compilation of the indicator is based on the methodology used by London Stock Exchange Group, and divergences may be observed when compared to data from other providers. 
The source dataset is based on LSEG (formerly Refinitiv), which contain bond-by-bond issuances for Green Bonds, Social Bonds, Sustainability Bonds, and Sustainability-Linked Bonds starting from 2006 to 2024. Bonds by type encompass investment grade, high-yield, and not-rated bonds, commercial papers, certificates of deposit, and sukuks. By issuer type, bonds encompass government, corporate, agency, non-US munis, and other gov/supra bonds.","Public (Unrestricted)","","Public or Unrestricted","","LSEG. Accessed on 2025-02-24; IMF staff calculations.","© International Monetary Fund Copyright. All Rights Reserved. https://www.imf.org/external/terms.htm","International Monetary Fund. Green Bonds by Type of Currency,  https://data.imf.org/en/datasets/IMF.STA:ESG_FINANCE_CURRENCY. Accessed on [current date].","","","5.925818003"
"IMF.STA:ESG_FINANCE_CURRENCY(3.0.3)","G001.CGBI_USD.POLI12.A","OBS_VALUE","World","Cumulative Green Bond Issuances, US dollar","Polish Zloty","Annual","Units","","","","","","","International Monetary Fund (IMF)","Statistics Department (STA)","datahelp@imf.org","","","","","Environment and climate; Climate finance","","","English","2026-01-08T16:17:00.239243200Z","2026-01-08T16:17:00.292229100Z","","The data are aggregated by country of incorporations, use of proceeds, type of currency and type of issuers (nonfinancial corporations, other financial corporations, banks, state owned entities, sovereign, state and local governments and international organizations). Sovereign green bonds are green bonds issued by central governments and central banks. Compilation of the indicator is based on the methodology used by London Stock Exchange Group, and divergences may be observed when compared to data from other providers. 
The source dataset is based on LSEG (formerly Refinitiv), which contain bond-by-bond issuances for Green Bonds, Social Bonds, Sustainability Bonds, and Sustainability-Linked Bonds starting from 2006 to 2024. Bonds by type encompass investment grade, high-yield, and not-rated bonds, commercial papers, certificates of deposit, and sukuks. By issuer type, bonds encompass government, corporate, agency, non-US munis, and other gov/supra bonds.","Public (Unrestricted)","","Public or Unrestricted","","LSEG. Accessed on 2025-02-24; IMF staff calculations.","© International Monetary Fund Copyright. All Rights Reserved. https://www.imf.org/external/terms.htm","International Monetary Fund. Green Bonds by Type of Currency,  https://data.imf.org/en/datasets/IMF.STA:ESG_FINANCE_CURRENCY. Accessed on [current date].","","","3.049430844"
"IMF.STA:ESG_FINANCE_CURRENCY(3.0.3)","G001.CSSBI_USD.PHIL15.A","OBS_VALUE","World","Cumulative Sustainability Bond Issuances, US dollar","Philippine Peso","Annual","Units","","","","","","","International Monetary Fund (IMF)","Statistics Department (STA)","datahelp@imf.org","","","","","Environment and climate; Climate finance","","","English","2026-01-08T16:17:00.239243200Z","2026-01-08T16:17:00.292229100Z","","The data are aggregated by country of incorporations, use of proceeds, type of currency and type of issuers (nonfinancial corporations, other financial corporations, banks, state owned entities, sovereign, state and local governments and international organizations). Sovereign green bonds are green bonds issued by central governments and central banks. Compilation of the indicator is based on the methodology used by London Stock Exchange Group, and divergences may be observed when compared to data from other providers. 
The source dataset is based on LSEG (formerly Refinitiv), which contain bond-by-bond issuances for Green Bonds, Social Bonds, Sustainability Bonds, and Sustainability-Linked Bonds starting from 2006 to 2024. Bonds by type encompass investment grade, high-yield, and not-rated bonds, commercial papers, certificates of deposit, and sukuks. By issuer type, bonds encompass government, corporate, agency, non-US munis, and other gov/supra bonds.","Public (Unrestricted)","","Public or Unrestricted","","LSEG. Accessed on 2025-02-24; IMF staff calculations.","© International Monetary Fund Copyright. All Rights Reserved. https://www.imf.org/external/terms.htm","International Monetary Fund. Green Bonds by Type of Currency,  https://data.imf.org/en/datasets/IMF.STA:ESG_FINANCE_CURRENCY. Accessed on [current date].","","","4.447971321"
"IMF.STA:ESG_FINANCE_CURRENCY(3.0.3)","G001.CGBI_PT.NEW18.A","OBS_VALUE","World","Cumulative Green Bond Issuances, Percent","New Zealand Dollar","Annual","Units","","","","","","","International Monetary Fund (IMF)","Statistics Department (STA)","datahelp@imf.org","","","","","Environment and climate; Climate finance","","","English","2026-01-08T16:17:00.239243200Z","2026-01-08T16:17:00.292229100Z","","The data are aggregated by country of incorporations, use of proceeds, type of currency and type of issuers (nonfinancial corporations, other financial corporations, banks, state owned entities, sovereign, state and local governments and international organizations). Sovereign green bonds are green bonds issued by central governments and central banks. Compilation of the indicator is based on the methodology used by London Stock Exchange Group, and divergences may be observed when compared to data from other providers. 
The source dataset is based on LSEG (formerly Refinitiv), which contain bond-by-bond issuances for Green Bonds, Social Bonds, Sustainability Bonds, and Sustainability-Linked Bonds starting from 2006 to 2024. Bonds by type encompass investment grade, high-yield, and not-rated bonds, commercial papers, certificates of deposit, and sukuks. By issuer type, bonds encompass government, corporate, agency, non-US munis, and other gov/supra bonds.","Public (Unrestricted)","","Public or Unrestricted","","LSEG. Accessed on 2025-02-24; IMF staff calculations.","© International Monetary Fund Copyright. All Rights Reserved. https://www.imf.org/external/terms.htm","International Monetary Fund. Green Bonds by Type of Currency,  https://data.imf.org/en/datasets/IMF.STA:ESG_FINANCE_CURRENCY. Accessed on [current date].","","","0.328517931"
"IMF.STA:ESG_FINANCE_CURRENCY(3.0.3)","G001.CSBI_PT.ARGE16.A","OBS_VALUE","World","Cumulative Social Bond Issuances, Percent","Argentinian Peso","Annual","Units","","","","","","","International Monetary Fund (IMF)","Statistics Department (STA)","datahelp@imf.org","","","","","Environment and climate; Climate finance","","","English","2026-01-08T16:17:00.239243200Z","2026-01-08T16:17:00.292229100Z","","The data are aggregated by country of incorporations, use of proceeds, type of currency and type of issuers (nonfinancial corporations, other financial corporations, banks, state owned entities, sovereign, state and local governments and international organizations). Sovereign green bonds are green bonds issued by central governments and central banks. Compilation of the indicator is based on the methodology used by London Stock Exchange Group, and divergences may be observed when compared to data from other providers. 
The source dataset is based on LSEG (formerly Refinitiv), which contain bond-by-bond issuances for Green Bonds, Social Bonds, Sustainability Bonds, and Sustainability-Linked Bonds starting from 2006 to 2024. Bonds by type encompass investment grade, high-yield, and not-rated bonds, commercial papers, certificates of deposit, and sukuks. By issuer type, bonds encompass government, corporate, agency, non-US munis, and other gov/supra bonds.","Public (Unrestricted)","","Public or Unrestricted","","LSEG. Accessed on 2025-02-24; IMF staff calculations.","© International Monetary Fund Copyright. All Rights Reserved. https://www.imf.org/external/terms.htm","International Monetary Fund. Green Bonds by Type of Currency,  https://data.imf.org/en/datasets/IMF.STA:ESG_FINANCE_CURRENCY. Accessed on [current date].","","","0.00921"
"IMF.STA:ESG_FINANCE_CURRENCY(3.0.3)","G001.CSBI_PT.WAF.A","OBS_VALUE","World","Cumulative Social Bond Issuances, Percent","West African CFA Franc","Annual","Units","","","","","","","International Monetary Fund (IMF)","Statistics Department (STA)","datahelp@imf.org","","","","","Environment and climate; Climate finance","","","English","2026-01-08T16:17:00.239243200Z","2026-01-08T16:17:00.292229100Z","","The data are aggregated by country of incorporations, use of proceeds, type of currency and type of issuers (nonfinancial corporations, other financial corporations, banks, state owned entities, sovereign, state and local governments and international organizations). Sovereign green bonds are green bonds issued by central governments and central banks. Compilation of the indicator is based on the methodology used by London Stock Exchange Group, and divergences may be observed when compared to data from other providers. 
The source dataset is based on LSEG (formerly Refinitiv), which contain bond-by-bond issuances for Green Bonds, Social Bonds, Sustainability Bonds, and Sustainability-Linked Bonds starting from 2006 to 2024. Bonds by type encompass investment grade, high-yield, and not-rated bonds, commercial papers, certificates of deposit, and sukuks. By issuer type, bonds encompass government, corporate, agency, non-US munis, and other gov/supra bonds.","Public (Unrestricted)","","Public or Unrestricted","","LSEG. Accessed on 2025-02-24; IMF staff calculations.","© International Monetary Fund Copyright. All Rights Reserved. https://www.imf.org/external/terms.htm","International Monetary Fund. Green Bonds by Type of Currency,  https://data.imf.org/en/datasets/IMF.STA:ESG_FINANCE_CURRENCY. Accessed on [current date].","","","1.152442509"
"IMF.STA:ESG_FINANCE_CURRENCY(3.0.3)","G001.CGBI_PT.HONG16.A","OBS_VALUE","World","Cumulative Green Bond Issuances, Percent","Hong Kong Dollar","Annual","Units","","","","","","","International Monetary Fund (IMF)","Statistics Department (STA)","datahelp@imf.org","","","","","Environment and climate; Climate finance","","","English","2026-01-08T16:17:00.239243200Z","2026-01-08T16:17:00.292229100Z","","The data are aggregated by country of incorporations, use of proceeds, type of currency and type of issuers (nonfinancial corporations, other financial corporations, banks, state owned entities, sovereign, state and local governments and international organizations). Sovereign green bonds are green bonds issued by central governments and central banks. Compilation of the indicator is based on the methodology used by London Stock Exchange Group, and divergences may be observed when compared to data from other providers. 
The source dataset is based on LSEG (formerly Refinitiv), which contain bond-by-bond issuances for Green Bonds, Social Bonds, Sustainability Bonds, and Sustainability-Linked Bonds starting from 2006 to 2024. Bonds by type encompass investment grade, high-yield, and not-rated bonds, commercial papers, certificates of deposit, and sukuks. By issuer type, bonds encompass government, corporate, agency, non-US munis, and other gov/supra bonds.","Public (Unrestricted)","","Public or Unrestricted","","LSEG. Accessed on 2025-02-24; IMF staff calculations.","© International Monetary Fund Copyright. All Rights Reserved. https://www.imf.org/external/terms.htm","International Monetary Fund. Green Bonds by Type of Currency,  https://data.imf.org/en/datasets/IMF.STA:ESG_FINANCE_CURRENCY. Accessed on [current date].","","","0.35540984"
"IMF.STA:ESG_FINANCE_CURRENCY(3.0.3)","G001.CGBI_PT.NORW15.A","OBS_VALUE","World","Cumulative Green Bond Issuances, Percent","Norwegian Krone","Annual","Units","","","","","","","International Monetary Fund (IMF)","Statistics Department (STA)","datahelp@imf.org","","","","","Environment and climate; Climate finance","","","English","2026-01-08T16:17:00.239243200Z","2026-01-08T16:17:00.292229100Z","","The data are aggregated by country of incorporations, use of proceeds, type of currency and type of issuers (nonfinancial corporations, other financial corporations, banks, state owned entities, sovereign, state and local governments and international organizations). Sovereign green bonds are green bonds issued by central governments and central banks. Compilation of the indicator is based on the methodology used by London Stock Exchange Group, and divergences may be observed when compared to data from other providers. 
The source dataset is based on LSEG (formerly Refinitiv), which contain bond-by-bond issuances for Green Bonds, Social Bonds, Sustainability Bonds, and Sustainability-Linked Bonds starting from 2006 to 2024. Bonds by type encompass investment grade, high-yield, and not-rated bonds, commercial papers, certificates of deposit, and sukuks. By issuer type, bonds encompass government, corporate, agency, non-US munis, and other gov/supra bonds.","Public (Unrestricted)","","Public or Unrestricted","","LSEG. Accessed on 2025-02-24; IMF staff calculations.","© International Monetary Fund Copyright. All Rights Reserved. https://www.imf.org/external/terms.htm","International Monetary Fund. Green Bonds by Type of Currency,  https://data.imf.org/en/datasets/IMF.STA:ESG_FINANCE_CURRENCY. Accessed on [current date].","","","1.004534412"
"IMF.STA:ESG_FINANCE_CURRENCY(3.0.3)","G001.CGBI_USD.NEW18.A","OBS_VALUE","World","Cumulative Green Bond Issuances, US dollar","New Zealand Dollar","Annual","Units","","","","","","","International Monetary Fund (IMF)","Statistics Department (STA)","datahelp@imf.org","","","","","Environment and climate; Climate finance","","","English","2026-01-08T16:17:00.239243200Z","2026-01-08T16:17:00.292229100Z","","The data are aggregated by country of incorporations, use of proceeds, type of currency and type of issuers (nonfinancial corporations, other financial corporations, banks, state owned entities, sovereign, state and local governments and international organizations). Sovereign green bonds are green bonds issued by central governments and central banks. Compilation of the indicator is based on the methodology used by London Stock Exchange Group, and divergences may be observed when compared to data from other providers. 
The source dataset is based on LSEG (formerly Refinitiv), which contain bond-by-bond issuances for Green Bonds, Social Bonds, Sustainability Bonds, and Sustainability-Linked Bonds starting from 2006 to 2024. Bonds by type encompass investment grade, high-yield, and not-rated bonds, commercial papers, certificates of deposit, and sukuks. By issuer type, bonds encompass government, corporate, agency, non-US munis, and other gov/supra bonds.","Public (Unrestricted)","","Public or Unrestricted","","LSEG. Accessed on 2025-02-24; IMF staff calculations.","© International Monetary Fund Copyright. All Rights Reserved. https://www.imf.org/external/terms.htm","International Monetary Fund. Green Bonds by Type of Currency,  https://data.imf.org/en/datasets/IMF.STA:ESG_FINANCE_CURRENCY. Accessed on [current date].","","","11.63988585"
"IMF.STA:ESG_FINANCE_CURRENCY(3.0.3)","G001.CSBI_PT.URP.A","OBS_VALUE","World","Cumulative Social Bond Issuances, Percent","Uruguayan Peso","Annual","Units","","","","","","","International Monetary Fund (IMF)","Statistics Department (STA)","datahelp@imf.org","","","","","Environment and climate; Climate finance","","","English","2026-01-08T16:17:00.239243200Z","2026-01-08T16:17:00.292229100Z","","The data are aggregated by country of incorporations, use of proceeds, type of currency and type of issuers (nonfinancial corporations, other financial corporations, banks, state owned entities, sovereign, state and local governments and international organizations). Sovereign green bonds are green bonds issued by central governments and central banks. Compilation of the indicator is based on the methodology used by London Stock Exchange Group, and divergences may be observed when compared to data from other providers. 
The source dataset is based on LSEG (formerly Refinitiv), which contain bond-by-bond issuances for Green Bonds, Social Bonds, Sustainability Bonds, and Sustainability-Linked Bonds starting from 2006 to 2024. Bonds by type encompass investment grade, high-yield, and not-rated bonds, commercial papers, certificates of deposit, and sukuks. By issuer type, bonds encompass government, corporate, agency, non-US munis, and other gov/supra bonds.","Public (Unrestricted)","","Public or Unrestricted","","LSEG. Accessed on 2025-02-24; IMF staff calculations.","© International Monetary Fund Copyright. All Rights Reserved. https://www.imf.org/external/terms.htm","International Monetary Fund. Green Bonds by Type of Currency,  https://data.imf.org/en/datasets/IMF.STA:ESG_FINANCE_CURRENCY. Accessed on [current date].","","","0.000712"
"IMF.STA:ESG_FINANCE_CURRENCY(3.0.3)","G001.CGBI_PT.POLI12.A","OBS_VALUE","World","Cumulative Green Bond Issuances, Percent","Polish Zloty","Annual","Units","","","","","","","International Monetary Fund (IMF)","Statistics Department (STA)","datahelp@imf.org","","","","","Environment and climate; Climate finance","","","English","2026-01-08T16:17:00.239243200Z","2026-01-08T16:17:00.292229100Z","","The data are aggregated by country of incorporations, use of proceeds, type of currency and type of issuers (nonfinancial corporations, other financial corporations, banks, state owned entities, sovereign, state and local governments and international organizations). Sovereign green bonds are green bonds issued by central governments and central banks. Compilation of the indicator is based on the methodology used by London Stock Exchange Group, and divergences may be observed when compared to data from other providers. 
The source dataset is based on LSEG (formerly Refinitiv), which contain bond-by-bond issuances for Green Bonds, Social Bonds, Sustainability Bonds, and Sustainability-Linked Bonds starting from 2006 to 2024. Bonds by type encompass investment grade, high-yield, and not-rated bonds, commercial papers, certificates of deposit, and sukuks. By issuer type, bonds encompass government, corporate, agency, non-US munis, and other gov/supra bonds.","Public (Unrestricted)","","Public or Unrestricted","","LSEG. Accessed on 2025-02-24; IMF staff calculations.","© International Monetary Fund Copyright. All Rights Reserved. https://www.imf.org/external/terms.htm","International Monetary Fund. Green Bonds by Type of Currency,  https://data.imf.org/en/datasets/IMF.STA:ESG_FINANCE_CURRENCY. Accessed on [current date].","","","0.0861"
"IMF.STA:ESG_FINANCE_CURRENCY(3.0.3)","G001.CSBI_PT.AUST17.A","OBS_VALUE","World","Cumulative Social Bond Issuances, Percent","Australian Dollar","Annual","Units","","","","","","","International Monetary Fund (IMF)","Statistics Department (STA)","datahelp@imf.org","","","","","Environment and climate; Climate finance","","","English","2026-01-08T16:17:00.239243200Z","2026-01-08T16:17:00.292229100Z","","The data are aggregated by country of incorporations, use of proceeds, type of currency and type of issuers (nonfinancial corporations, other financial corporations, banks, state owned entities, sovereign, state and local governments and international organizations). Sovereign green bonds are green bonds issued by central governments and central banks. Compilation of the indicator is based on the methodology used by London Stock Exchange Group, and divergences may be observed when compared to data from other providers. 
The source dataset is based on LSEG (formerly Refinitiv), which contain bond-by-bond issuances for Green Bonds, Social Bonds, Sustainability Bonds, and Sustainability-Linked Bonds starting from 2006 to 2024. Bonds by type encompass investment grade, high-yield, and not-rated bonds, commercial papers, certificates of deposit, and sukuks. By issuer type, bonds encompass government, corporate, agency, non-US munis, and other gov/supra bonds.","Public (Unrestricted)","","Public or Unrestricted","","LSEG. Accessed on 2025-02-24; IMF staff calculations.","© International Monetary Fund Copyright. All Rights Reserved. https://www.imf.org/external/terms.htm","International Monetary Fund. Green Bonds by Type of Currency,  https://data.imf.org/en/datasets/IMF.STA:ESG_FINANCE_CURRENCY. Accessed on [current date].","","","1.47403988"
"IMF.STA:ESG_FINANCE_CURRENCY(3.0.3)","G001.CGBI_USD.MORO15.A","OBS_VALUE","World","Cumulative Green Bond Issuances, US dollar","Moroccan Dirham","Annual","Units","","","","","","","International Monetary Fund (IMF)","Statistics Department (STA)","datahelp@imf.org","","","","","Environment and climate; Climate finance","","","English","2026-01-08T16:17:00.239243200Z","2026-01-08T16:17:00.292229100Z","","The data are aggregated by country of incorporations, use of proceeds, type of currency and type of issuers (nonfinancial corporations, other financial corporations, banks, state owned entities, sovereign, state and local governments and international organizations). Sovereign green bonds are green bonds issued by central governments and central banks. Compilation of the indicator is based on the methodology used by London Stock Exchange Group, and divergences may be observed when compared to data from other providers. 
The source dataset is based on LSEG (formerly Refinitiv), which contain bond-by-bond issuances for Green Bonds, Social Bonds, Sustainability Bonds, and Sustainability-Linked Bonds starting from 2006 to 2024. Bonds by type encompass investment grade, high-yield, and not-rated bonds, commercial papers, certificates of deposit, and sukuks. By issuer type, bonds encompass government, corporate, agency, non-US munis, and other gov/supra bonds.","Public (Unrestricted)","","Public or Unrestricted","","LSEG. Accessed on 2025-02-24; IMF staff calculations.","© International Monetary Fund Copyright. All Rights Reserved. https://www.imf.org/external/terms.htm","International Monetary Fund. Green Bonds by Type of Currency,  https://data.imf.org/en/datasets/IMF.STA:ESG_FINANCE_CURRENCY. Accessed on [current date].","","","0.117694313"
"IMF.STA:ESG_FINANCE_CURRENCY(3.0.3)","G001.CSBI_PT.BRAZ14.A","OBS_VALUE","World","Cumulative Social Bond Issuances, Percent","Brazilian Real","Annual","Units","","","","","","","International Monetary Fund (IMF)","Statistics Department (STA)","datahelp@imf.org","","","","","Environment and climate; Climate finance","","","English","2026-01-08T16:17:00.239243200Z","2026-01-08T16:17:00.292229100Z","","The data are aggregated by country of incorporations, use of proceeds, type of currency and type of issuers (nonfinancial corporations, other financial corporations, banks, state owned entities, sovereign, state and local governments and international organizations). Sovereign green bonds are green bonds issued by central governments and central banks. Compilation of the indicator is based on the methodology used by London Stock Exchange Group, and divergences may be observed when compared to data from other providers. 
The source dataset is based on LSEG (formerly Refinitiv), which contain bond-by-bond issuances for Green Bonds, Social Bonds, Sustainability Bonds, and Sustainability-Linked Bonds starting from 2006 to 2024. Bonds by type encompass investment grade, high-yield, and not-rated bonds, commercial papers, certificates of deposit, and sukuks. By issuer type, bonds encompass government, corporate, agency, non-US munis, and other gov/supra bonds.","Public (Unrestricted)","","Public or Unrestricted","","LSEG. Accessed on 2025-02-24; IMF staff calculations.","© International Monetary Fund Copyright. All Rights Reserved. https://www.imf.org/external/terms.htm","International Monetary Fund. Green Bonds by Type of Currency,  https://data.imf.org/en/datasets/IMF.STA:ESG_FINANCE_CURRENCY. Accessed on [current date].","","","0.059140151"
"IMF.STA:ESG_FINANCE_CURRENCY(3.0.3)","G001.CGBI_PT.VIET15.A","OBS_VALUE","World","Cumulative Green Bond Issuances, Percent","Vietnamese Dong","Annual","Units","","","","","","","International Monetary Fund (IMF)","Statistics Department (STA)","datahelp@imf.org","","","","","Environment and climate; Climate finance","","","English","2026-01-08T16:17:00.239243200Z","2026-01-08T16:17:00.292229100Z","","The data are aggregated by country of incorporations, use of proceeds, type of currency and type of issuers (nonfinancial corporations, other financial corporations, banks, state owned entities, sovereign, state and local governments and international organizations). Sovereign green bonds are green bonds issued by central governments and central banks. Compilation of the indicator is based on the methodology used by London Stock Exchange Group, and divergences may be observed when compared to data from other providers. 
The source dataset is based on LSEG (formerly Refinitiv), which contain bond-by-bond issuances for Green Bonds, Social Bonds, Sustainability Bonds, and Sustainability-Linked Bonds starting from 2006 to 2024. Bonds by type encompass investment grade, high-yield, and not-rated bonds, commercial papers, certificates of deposit, and sukuks. By issuer type, bonds encompass government, corporate, agency, non-US munis, and other gov/supra bonds.","Public (Unrestricted)","","Public or Unrestricted","","LSEG. Accessed on 2025-02-24; IMF staff calculations.","© International Monetary Fund Copyright. All Rights Reserved. https://www.imf.org/external/terms.htm","International Monetary Fund. Green Bonds by Type of Currency,  https://data.imf.org/en/datasets/IMF.STA:ESG_FINANCE_CURRENCY. Accessed on [current date].","","","0.00897"
"IMF.STA:ESG_FINANCE_CURRENCY(3.0.3)","G001.CSBI_PT.USD9.A","OBS_VALUE","World","Cumulative Social Bond Issuances, Percent","US Dollar","Annual","Units","","","","","","","International Monetary Fund (IMF)","Statistics Department (STA)","datahelp@imf.org","","","","","Environment and climate; Climate finance","","","English","2026-01-08T16:17:00.239243200Z","2026-01-08T16:17:00.292229100Z","","The data are aggregated by country of incorporations, use of proceeds, type of currency and type of issuers (nonfinancial corporations, other financial corporations, banks, state owned entities, sovereign, state and local governments and international organizations). Sovereign green bonds are green bonds issued by central governments and central banks. Compilation of the indicator is based on the methodology used by London Stock Exchange Group, and divergences may be observed when compared to data from other providers. 
The source dataset is based on LSEG (formerly Refinitiv), which contain bond-by-bond issuances for Green Bonds, Social Bonds, Sustainability Bonds, and Sustainability-Linked Bonds starting from 2006 to 2024. Bonds by type encompass investment grade, high-yield, and not-rated bonds, commercial papers, certificates of deposit, and sukuks. By issuer type, bonds encompass government, corporate, agency, non-US munis, and other gov/supra bonds.","Public (Unrestricted)","","Public or Unrestricted","","LSEG. Accessed on 2025-02-24; IMF staff calculations.","© International Monetary Fund Copyright. All Rights Reserved. https://www.imf.org/external/terms.htm","International Monetary Fund. Green Bonds by Type of Currency,  https://data.imf.org/en/datasets/IMF.STA:ESG_FINANCE_CURRENCY. Accessed on [current date].","","","26.69411728"
"IMF.STA:ESG_FINANCE_CURRENCY(3.0.3)","G001.CSBI_USD.GEL.A","OBS_VALUE","World","Cumulative Social Bond Issuances, US dollar","Georgian Lari","Annual","Units","","","","","","","International Monetary Fund (IMF)","Statistics Department (STA)","datahelp@imf.org","","","","","Environment and climate; Climate finance","","","English","2026-01-08T16:17:00.239243200Z","2026-01-08T16:17:00.292229100Z","","The data are aggregated by country of incorporations, use of proceeds, type of currency and type of issuers (nonfinancial corporations, other financial corporations, banks, state owned entities, sovereign, state and local governments and international organizations). Sovereign green bonds are green bonds issued by central governments and central banks. Compilation of the indicator is based on the methodology used by London Stock Exchange Group, and divergences may be observed when compared to data from other providers. 
The source dataset is based on LSEG (formerly Refinitiv), which contain bond-by-bond issuances for Green Bonds, Social Bonds, Sustainability Bonds, and Sustainability-Linked Bonds starting from 2006 to 2024. Bonds by type encompass investment grade, high-yield, and not-rated bonds, commercial papers, certificates of deposit, and sukuks. By issuer type, bonds encompass government, corporate, agency, non-US munis, and other gov/supra bonds.","Public (Unrestricted)","","Public or Unrestricted","","LSEG. Accessed on 2025-02-24; IMF staff calculations.","© International Monetary Fund Copyright. All Rights Reserved. https://www.imf.org/external/terms.htm","International Monetary Fund. Green Bonds by Type of Currency,  https://data.imf.org/en/datasets/IMF.STA:ESG_FINANCE_CURRENCY. Accessed on [current date].","","","0.015206039"
"IMF.STA:ESG_FINANCE_CURRENCY(3.0.3)","G001.CGBI_USD.NORW15.A","OBS_VALUE","World","Cumulative Green Bond Issuances, US dollar","Norwegian Krone","Annual","Units","","","","","","","International Monetary Fund (IMF)","Statistics Department (STA)","datahelp@imf.org","","","","","Environment and climate; Climate finance","","","English","2026-01-08T16:17:00.239243200Z","2026-01-08T16:17:00.292229100Z","","The data are aggregated by country of incorporations, use of proceeds, type of currency and type of issuers (nonfinancial corporations, other financial corporations, banks, state owned entities, sovereign, state and local governments and international organizations). Sovereign green bonds are green bonds issued by central governments and central banks. Compilation of the indicator is based on the methodology used by London Stock Exchange Group, and divergences may be observed when compared to data from other providers. 
The source dataset is based on LSEG (formerly Refinitiv), which contain bond-by-bond issuances for Green Bonds, Social Bonds, Sustainability Bonds, and Sustainability-Linked Bonds starting from 2006 to 2024. Bonds by type encompass investment grade, high-yield, and not-rated bonds, commercial papers, certificates of deposit, and sukuks. By issuer type, bonds encompass government, corporate, agency, non-US munis, and other gov/supra bonds.","Public (Unrestricted)","","Public or Unrestricted","","LSEG. Accessed on 2025-02-24; IMF staff calculations.","© International Monetary Fund Copyright. All Rights Reserved. https://www.imf.org/external/terms.htm","International Monetary Fund. Green Bonds by Type of Currency,  https://data.imf.org/en/datasets/IMF.STA:ESG_FINANCE_CURRENCY. Accessed on [current date].","","","35.59216957"
"IMF.STA:ESG_FINANCE_CURRENCY(3.0.3)","G001.CSBI_USD.INDI12.A","OBS_VALUE","World","Cumulative Social Bond Issuances, US dollar","Indian Rupee","Annual","Units","","","","","","","International Monetary Fund (IMF)","Statistics Department (STA)","datahelp@imf.org","","","","","Environment and climate; Climate finance","","","English","2026-01-08T16:17:00.239243200Z","2026-01-08T16:17:00.292229100Z","","The data are aggregated by country of incorporations, use of proceeds, type of currency and type of issuers (nonfinancial corporations, other financial corporations, banks, state owned entities, sovereign, state and local governments and international organizations). Sovereign green bonds are green bonds issued by central governments and central banks. Compilation of the indicator is based on the methodology used by London Stock Exchange Group, and divergences may be observed when compared to data from other providers. 
The source dataset is based on LSEG (formerly Refinitiv), which contain bond-by-bond issuances for Green Bonds, Social Bonds, Sustainability Bonds, and Sustainability-Linked Bonds starting from 2006 to 2024. Bonds by type encompass investment grade, high-yield, and not-rated bonds, commercial papers, certificates of deposit, and sukuks. By issuer type, bonds encompass government, corporate, agency, non-US munis, and other gov/supra bonds.","Public (Unrestricted)","","Public or Unrestricted","","LSEG. Accessed on 2025-02-24; IMF staff calculations.","© International Monetary Fund Copyright. All Rights Reserved. https://www.imf.org/external/terms.htm","International Monetary Fund. Green Bonds by Type of Currency,  https://data.imf.org/en/datasets/IMF.STA:ESG_FINANCE_CURRENCY. Accessed on [current date].","","","0.19917523"
"IMF.STA:ESG_FINANCE_CURRENCY(3.0.3)","G001.CGBI_PT.NIGE14.A","OBS_VALUE","World","Cumulative Green Bond Issuances, Percent","Nigerian Naira","Annual","Units","","","","","","","International Monetary Fund (IMF)","Statistics Department (STA)","datahelp@imf.org","","","","","Environment and climate; Climate finance","","","English","2026-01-08T16:17:00.239243200Z","2026-01-08T16:17:00.292229100Z","","The data are aggregated by country of incorporations, use of proceeds, type of currency and type of issuers (nonfinancial corporations, other financial corporations, banks, state owned entities, sovereign, state and local governments and international organizations). Sovereign green bonds are green bonds issued by central governments and central banks. Compilation of the indicator is based on the methodology used by London Stock Exchange Group, and divergences may be observed when compared to data from other providers. 
The source dataset is based on LSEG (formerly Refinitiv), which contain bond-by-bond issuances for Green Bonds, Social Bonds, Sustainability Bonds, and Sustainability-Linked Bonds starting from 2006 to 2024. Bonds by type encompass investment grade, high-yield, and not-rated bonds, commercial papers, certificates of deposit, and sukuks. By issuer type, bonds encompass government, corporate, agency, non-US munis, and other gov/supra bonds.","Public (Unrestricted)","","Public or Unrestricted","","LSEG. Accessed on 2025-02-24; IMF staff calculations.","© International Monetary Fund Copyright. All Rights Reserved. https://www.imf.org/external/terms.htm","International Monetary Fund. Green Bonds by Type of Currency,  https://data.imf.org/en/datasets/IMF.STA:ESG_FINANCE_CURRENCY. Accessed on [current date].","","","0.00136"
"IMF.STA:ESG_FINANCE_CURRENCY(3.0.3)","G001.CGBI_PT.HUNG16.A","OBS_VALUE","World","Cumulative Green Bond Issuances, Percent","Hungarian Forint","Annual","Units","","","","","","","International Monetary Fund (IMF)","Statistics Department (STA)","datahelp@imf.org","","","","","Environment and climate; Climate finance","","","English","2026-01-08T16:17:00.239243200Z","2026-01-08T16:17:00.292229100Z","","The data are aggregated by country of incorporations, use of proceeds, type of currency and type of issuers (nonfinancial corporations, other financial corporations, banks, state owned entities, sovereign, state and local governments and international organizations). Sovereign green bonds are green bonds issued by central governments and central banks. Compilation of the indicator is based on the methodology used by London Stock Exchange Group, and divergences may be observed when compared to data from other providers. 
The source dataset is based on LSEG (formerly Refinitiv), which contain bond-by-bond issuances for Green Bonds, Social Bonds, Sustainability Bonds, and Sustainability-Linked Bonds starting from 2006 to 2024. Bonds by type encompass investment grade, high-yield, and not-rated bonds, commercial papers, certificates of deposit, and sukuks. By issuer type, bonds encompass government, corporate, agency, non-US munis, and other gov/supra bonds.","Public (Unrestricted)","","Public or Unrestricted","","LSEG. Accessed on 2025-02-24; IMF staff calculations.","© International Monetary Fund Copyright. All Rights Reserved. https://www.imf.org/external/terms.htm","International Monetary Fund. Green Bonds by Type of Currency,  https://data.imf.org/en/datasets/IMF.STA:ESG_FINANCE_CURRENCY. Accessed on [current date].","","","0.0979"
"IMF.STA:ESG_FINANCE_CURRENCY(3.0.3)","G001.CSBI_PT.SWED13.A","OBS_VALUE","World","Cumulative Social Bond Issuances, Percent","Swedish Krona","Annual","Units","","","","","","","International Monetary Fund (IMF)","Statistics Department (STA)","datahelp@imf.org","","","","","Environment and climate; Climate finance","","","English","2026-01-08T16:17:00.239243200Z","2026-01-08T16:17:00.292229100Z","","The data are aggregated by country of incorporations, use of proceeds, type of currency and type of issuers (nonfinancial corporations, other financial corporations, banks, state owned entities, sovereign, state and local governments and international organizations). Sovereign green bonds are green bonds issued by central governments and central banks. Compilation of the indicator is based on the methodology used by London Stock Exchange Group, and divergences may be observed when compared to data from other providers. 
The source dataset is based on LSEG (formerly Refinitiv), which contain bond-by-bond issuances for Green Bonds, Social Bonds, Sustainability Bonds, and Sustainability-Linked Bonds starting from 2006 to 2024. Bonds by type encompass investment grade, high-yield, and not-rated bonds, commercial papers, certificates of deposit, and sukuks. By issuer type, bonds encompass government, corporate, agency, non-US munis, and other gov/supra bonds.","Public (Unrestricted)","","Public or Unrestricted","","LSEG. Accessed on 2025-02-24; IMF staff calculations.","© International Monetary Fund Copyright. All Rights Reserved. https://www.imf.org/external/terms.htm","International Monetary Fund. Green Bonds by Type of Currency,  https://data.imf.org/en/datasets/IMF.STA:ESG_FINANCE_CURRENCY. Accessed on [current date].","","","0.308887808"
"IMF.STA:ESG_FINANCE_CURRENCY(3.0.3)","G001.CSBI_PT.THAI9.A","OBS_VALUE","World","Cumulative Social Bond Issuances, Percent","Thai Baht","Annual","Units","","","","","","","International Monetary Fund (IMF)","Statistics Department (STA)","datahelp@imf.org","","","","","Environment and climate; Climate finance","","","English","2026-01-08T16:17:00.239243200Z","2026-01-08T16:17:00.292229100Z","","The data are aggregated by country of incorporations, use of proceeds, type of currency and type of issuers (nonfinancial corporations, other financial corporations, banks, state owned entities, sovereign, state and local governments and international organizations). Sovereign green bonds are green bonds issued by central governments and central banks. Compilation of the indicator is based on the methodology used by London Stock Exchange Group, and divergences may be observed when compared to data from other providers. 
The source dataset is based on LSEG (formerly Refinitiv), which contain bond-by-bond issuances for Green Bonds, Social Bonds, Sustainability Bonds, and Sustainability-Linked Bonds starting from 2006 to 2024. Bonds by type encompass investment grade, high-yield, and not-rated bonds, commercial papers, certificates of deposit, and sukuks. By issuer type, bonds encompass government, corporate, agency, non-US munis, and other gov/supra bonds.","Public (Unrestricted)","","Public or Unrestricted","","LSEG. Accessed on 2025-02-24; IMF staff calculations.","© International Monetary Fund Copyright. All Rights Reserved. https://www.imf.org/external/terms.htm","International Monetary Fund. Green Bonds by Type of Currency,  https://data.imf.org/en/datasets/IMF.STA:ESG_FINANCE_CURRENCY. Accessed on [current date].","","","0.096"
"IMF.STA:ESG_FINANCE_CURRENCY(3.0.3)","G001.CGBI_USD.PHIL15.A","OBS_VALUE","World","Cumulative Green Bond Issuances, US dollar","Philippine Peso","Annual","Units","","","","","","","International Monetary Fund (IMF)","Statistics Department (STA)","datahelp@imf.org","","","","","Environment and climate; Climate finance","","","English","2026-01-08T16:17:00.239243200Z","2026-01-08T16:17:00.292229100Z","","The data are aggregated by country of incorporations, use of proceeds, type of currency and type of issuers (nonfinancial corporations, other financial corporations, banks, state owned entities, sovereign, state and local governments and international organizations). Sovereign green bonds are green bonds issued by central governments and central banks. Compilation of the indicator is based on the methodology used by London Stock Exchange Group, and divergences may be observed when compared to data from other providers. 
The source dataset is based on LSEG (formerly Refinitiv), which contain bond-by-bond issuances for Green Bonds, Social Bonds, Sustainability Bonds, and Sustainability-Linked Bonds starting from 2006 to 2024. Bonds by type encompass investment grade, high-yield, and not-rated bonds, commercial papers, certificates of deposit, and sukuks. By issuer type, bonds encompass government, corporate, agency, non-US munis, and other gov/supra bonds.","Public (Unrestricted)","","Public or Unrestricted","","LSEG. Accessed on 2025-02-24; IMF staff calculations.","© International Monetary Fund Copyright. All Rights Reserved. https://www.imf.org/external/terms.htm","International Monetary Fund. Green Bonds by Type of Currency,  https://data.imf.org/en/datasets/IMF.STA:ESG_FINANCE_CURRENCY. Accessed on [current date].","","","1.090153621"
"IMF.STA:ESG_FINANCE_CURRENCY(3.0.3)","G001.CSSBI_PT.ARGE16.A","OBS_VALUE","World","Cumulative Sustainability Bond Issuances, Percent","Argentinian Peso","Annual","Units","","","","","","","International Monetary Fund (IMF)","Statistics Department (STA)","datahelp@imf.org","","","","","Environment and climate; Climate finance","","","English","2026-01-08T16:17:00.239243200Z","2026-01-08T16:17:00.292229100Z","","The data are aggregated by country of incorporations, use of proceeds, type of currency and type of issuers (nonfinancial corporations, other financial corporations, banks, state owned entities, sovereign, state and local governments and international organizations). Sovereign green bonds are green bonds issued by central governments and central banks. Compilation of the indicator is based on the methodology used by London Stock Exchange Group, and divergences may be observed when compared to data from other providers. 
The source dataset is based on LSEG (formerly Refinitiv), which contain bond-by-bond issuances for Green Bonds, Social Bonds, Sustainability Bonds, and Sustainability-Linked Bonds starting from 2006 to 2024. Bonds by type encompass investment grade, high-yield, and not-rated bonds, commercial papers, certificates of deposit, and sukuks. By issuer type, bonds encompass government, corporate, agency, non-US munis, and other gov/supra bonds.","Public (Unrestricted)","","Public or Unrestricted","","LSEG. Accessed on 2025-02-24; IMF staff calculations.","© International Monetary Fund Copyright. All Rights Reserved. https://www.imf.org/external/terms.htm","International Monetary Fund. Green Bonds by Type of Currency,  https://data.imf.org/en/datasets/IMF.STA:ESG_FINANCE_CURRENCY. Accessed on [current date].","","","0.0142"
"IMF.STA:ESG_FINANCE_CURRENCY(3.0.3)","G001.CSBI_USD.HONG16.A","OBS_VALUE","World","Cumulative Social Bond Issuances, US dollar","Hong Kong Dollar","Annual","Units","","","","","","","International Monetary Fund (IMF)","Statistics Department (STA)","datahelp@imf.org","","","","","Environment and climate; Climate finance","","","English","2026-01-08T16:17:00.239243200Z","2026-01-08T16:17:00.292229100Z","","The data are aggregated by country of incorporations, use of proceeds, type of currency and type of issuers (nonfinancial corporations, other financial corporations, banks, state owned entities, sovereign, state and local governments and international organizations). Sovereign green bonds are green bonds issued by central governments and central banks. Compilation of the indicator is based on the methodology used by London Stock Exchange Group, and divergences may be observed when compared to data from other providers. 
The source dataset is based on LSEG (formerly Refinitiv), which contain bond-by-bond issuances for Green Bonds, Social Bonds, Sustainability Bonds, and Sustainability-Linked Bonds starting from 2006 to 2024. Bonds by type encompass investment grade, high-yield, and not-rated bonds, commercial papers, certificates of deposit, and sukuks. By issuer type, bonds encompass government, corporate, agency, non-US munis, and other gov/supra bonds.","Public (Unrestricted)","","Public or Unrestricted","","LSEG. Accessed on 2025-02-24; IMF staff calculations.","© International Monetary Fund Copyright. All Rights Reserved. https://www.imf.org/external/terms.htm","International Monetary Fund. Green Bonds by Type of Currency,  https://data.imf.org/en/datasets/IMF.STA:ESG_FINANCE_CURRENCY. Accessed on [current date].","","","5.622608899"
"IMF.STA:ESG_FINANCE_CURRENCY(3.0.3)","G001.CSSBI_USD.PERU12.A","OBS_VALUE","World","Cumulative Sustainability Bond Issuances, US dollar","Peruvian Sol","Annual","Units","","","","","","","International Monetary Fund (IMF)","Statistics Department (STA)","datahelp@imf.org","","","","","Environment and climate; Climate finance","","","English","2026-01-08T16:17:00.239243200Z","2026-01-08T16:17:00.292229100Z","","The data are aggregated by country of incorporations, use of proceeds, type of currency and type of issuers (nonfinancial corporations, other financial corporations, banks, state owned entities, sovereign, state and local governments and international organizations). Sovereign green bonds are green bonds issued by central governments and central banks. Compilation of the indicator is based on the methodology used by London Stock Exchange Group, and divergences may be observed when compared to data from other providers. 
The source dataset is based on LSEG (formerly Refinitiv), which contain bond-by-bond issuances for Green Bonds, Social Bonds, Sustainability Bonds, and Sustainability-Linked Bonds starting from 2006 to 2024. Bonds by type encompass investment grade, high-yield, and not-rated bonds, commercial papers, certificates of deposit, and sukuks. By issuer type, bonds encompass government, corporate, agency, non-US munis, and other gov/supra bonds.","Public (Unrestricted)","","Public or Unrestricted","","LSEG. Accessed on 2025-02-24; IMF staff calculations.","© International Monetary Fund Copyright. All Rights Reserved. https://www.imf.org/external/terms.htm","International Monetary Fund. Green Bonds by Type of Currency,  https://data.imf.org/en/datasets/IMF.STA:ESG_FINANCE_CURRENCY. Accessed on [current date].","","","11.04371923"
"IMF.STA:ESG_FINANCE_CURRENCY(3.0.3)","G001.CSSBI_PT.JAPA12.A","OBS_VALUE","World","Cumulative Sustainability Bond Issuances, Percent","Japanese Yen","Annual","Units","","","","","","","International Monetary Fund (IMF)","Statistics Department (STA)","datahelp@imf.org","","","","","Environment and climate; Climate finance","","","English","2026-01-08T16:17:00.239243200Z","2026-01-08T16:17:00.292229100Z","","The data are aggregated by country of incorporations, use of proceeds, type of currency and type of issuers (nonfinancial corporations, other financial corporations, banks, state owned entities, sovereign, state and local governments and international organizations). Sovereign green bonds are green bonds issued by central governments and central banks. Compilation of the indicator is based on the methodology used by London Stock Exchange Group, and divergences may be observed when compared to data from other providers. 
The source dataset is based on LSEG (formerly Refinitiv), which contain bond-by-bond issuances for Green Bonds, Social Bonds, Sustainability Bonds, and Sustainability-Linked Bonds starting from 2006 to 2024. Bonds by type encompass investment grade, high-yield, and not-rated bonds, commercial papers, certificates of deposit, and sukuks. By issuer type, bonds encompass government, corporate, agency, non-US munis, and other gov/supra bonds.","Public (Unrestricted)","","Public or Unrestricted","","LSEG. Accessed on 2025-02-24; IMF staff calculations.","© International Monetary Fund Copyright. All Rights Reserved. https://www.imf.org/external/terms.htm","International Monetary Fund. Green Bonds by Type of Currency,  https://data.imf.org/en/datasets/IMF.STA:ESG_FINANCE_CURRENCY. Accessed on [current date].","","","2.001105331"
"IMF.STA:ESG_FINANCE_CURRENCY(3.0.3)","G001.CSBI_USD.INDO17.A","OBS_VALUE","World","Cumulative Social Bond Issuances, US dollar","Indonesian Rupiah","Annual","Units","","","","","","","International Monetary Fund (IMF)","Statistics Department (STA)","datahelp@imf.org","","","","","Environment and climate; Climate finance","","","English","2026-01-08T16:17:00.239243200Z","2026-01-08T16:17:00.292229100Z","","The data are aggregated by country of incorporations, use of proceeds, type of currency and type of issuers (nonfinancial corporations, other financial corporations, banks, state owned entities, sovereign, state and local governments and international organizations). Sovereign green bonds are green bonds issued by central governments and central banks. Compilation of the indicator is based on the methodology used by London Stock Exchange Group, and divergences may be observed when compared to data from other providers. 
The source dataset is based on LSEG (formerly Refinitiv), which contain bond-by-bond issuances for Green Bonds, Social Bonds, Sustainability Bonds, and Sustainability-Linked Bonds starting from 2006 to 2024. Bonds by type encompass investment grade, high-yield, and not-rated bonds, commercial papers, certificates of deposit, and sukuks. By issuer type, bonds encompass government, corporate, agency, non-US munis, and other gov/supra bonds.","Public (Unrestricted)","","Public or Unrestricted","","LSEG. Accessed on 2025-02-24; IMF staff calculations.","© International Monetary Fund Copyright. All Rights Reserved. https://www.imf.org/external/terms.htm","International Monetary Fund. Green Bonds by Type of Currency,  https://data.imf.org/en/datasets/IMF.STA:ESG_FINANCE_CURRENCY. Accessed on [current date].","","","0.728026055"
"IMF.STA:ESG_FINANCE_CURRENCY(3.0.3)","G001.CSBI_PT.CHIL25.A","OBS_VALUE","World","Cumulative Social Bond Issuances, Percent","Chilean Unidad de Fomento","Annual","Units","","","","","","","International Monetary Fund (IMF)","Statistics Department (STA)","datahelp@imf.org","","","","","Environment and climate; Climate finance","","","English","2026-01-08T16:17:00.239243200Z","2026-01-08T16:17:00.292229100Z","","The data are aggregated by country of incorporations, use of proceeds, type of currency and type of issuers (nonfinancial corporations, other financial corporations, banks, state owned entities, sovereign, state and local governments and international organizations). Sovereign green bonds are green bonds issued by central governments and central banks. Compilation of the indicator is based on the methodology used by London Stock Exchange Group, and divergences may be observed when compared to data from other providers. 
The source dataset is based on LSEG (formerly Refinitiv), which contain bond-by-bond issuances for Green Bonds, Social Bonds, Sustainability Bonds, and Sustainability-Linked Bonds starting from 2006 to 2024. Bonds by type encompass investment grade, high-yield, and not-rated bonds, commercial papers, certificates of deposit, and sukuks. By issuer type, bonds encompass government, corporate, agency, non-US munis, and other gov/supra bonds.","Public (Unrestricted)","","Public or Unrestricted","","LSEG. Accessed on 2025-02-24; IMF staff calculations.","© International Monetary Fund Copyright. All Rights Reserved. https://www.imf.org/external/terms.htm","International Monetary Fund. Green Bonds by Type of Currency,  https://data.imf.org/en/datasets/IMF.STA:ESG_FINANCE_CURRENCY. Accessed on [current date].","","","0.0236"
"IMF.STA:ESG_FINANCE_CURRENCY(3.0.3)","G001.CSBI_PT.TURK12.A","OBS_VALUE","World","Cumulative Social Bond Issuances, Percent","Turkish Lira","Annual","Units","","","","","","","International Monetary Fund (IMF)","Statistics Department (STA)","datahelp@imf.org","","","","","Environment and climate; Climate finance","","","English","2026-01-08T16:17:00.239243200Z","2026-01-08T16:17:00.292229100Z","","The data are aggregated by country of incorporations, use of proceeds, type of currency and type of issuers (nonfinancial corporations, other financial corporations, banks, state owned entities, sovereign, state and local governments and international organizations). Sovereign green bonds are green bonds issued by central governments and central banks. Compilation of the indicator is based on the methodology used by London Stock Exchange Group, and divergences may be observed when compared to data from other providers. 
The source dataset is based on LSEG (formerly Refinitiv), which contain bond-by-bond issuances for Green Bonds, Social Bonds, Sustainability Bonds, and Sustainability-Linked Bonds starting from 2006 to 2024. Bonds by type encompass investment grade, high-yield, and not-rated bonds, commercial papers, certificates of deposit, and sukuks. By issuer type, bonds encompass government, corporate, agency, non-US munis, and other gov/supra bonds.","Public (Unrestricted)","","Public or Unrestricted","","LSEG. Accessed on 2025-02-24; IMF staff calculations.","© International Monetary Fund Copyright. All Rights Reserved. https://www.imf.org/external/terms.htm","International Monetary Fund. Green Bonds by Type of Currency,  https://data.imf.org/en/datasets/IMF.STA:ESG_FINANCE_CURRENCY. Accessed on [current date].","","","0.00129"
"IMF.STA:ESG_FINANCE_CURRENCY(3.0.3)","G001.CGBI_USD.NAMI15.A","OBS_VALUE","World","Cumulative Green Bond Issuances, US dollar","Namibian Dollar","Annual","Units","","","","","","","International Monetary Fund (IMF)","Statistics Department (STA)","datahelp@imf.org","","","","","Environment and climate; Climate finance","","","English","2026-01-08T16:17:00.239243200Z","2026-01-08T16:17:00.292229100Z","","The data are aggregated by country of incorporations, use of proceeds, type of currency and type of issuers (nonfinancial corporations, other financial corporations, banks, state owned entities, sovereign, state and local governments and international organizations). Sovereign green bonds are green bonds issued by central governments and central banks. Compilation of the indicator is based on the methodology used by London Stock Exchange Group, and divergences may be observed when compared to data from other providers. 
The source dataset is based on LSEG (formerly Refinitiv), which contain bond-by-bond issuances for Green Bonds, Social Bonds, Sustainability Bonds, and Sustainability-Linked Bonds starting from 2006 to 2024. Bonds by type encompass investment grade, high-yield, and not-rated bonds, commercial papers, certificates of deposit, and sukuks. By issuer type, bonds encompass government, corporate, agency, non-US munis, and other gov/supra bonds.","Public (Unrestricted)","","Public or Unrestricted","","LSEG. Accessed on 2025-02-24; IMF staff calculations.","© International Monetary Fund Copyright. All Rights Reserved. https://www.imf.org/external/terms.htm","International Monetary Fund. Green Bonds by Type of Currency,  https://data.imf.org/en/datasets/IMF.STA:ESG_FINANCE_CURRENCY. Accessed on [current date].","","","0.003583548"
"IMF.STA:ESG_FINANCE_CURRENCY(3.0.3)","G001.CSBI_PT.CHIN12.A","OBS_VALUE","World","Cumulative Social Bond Issuances, Percent","Chinese Yuan","Annual","Units","","","","","","","International Monetary Fund (IMF)","Statistics Department (STA)","datahelp@imf.org","","","","","Environment and climate; Climate finance","","","English","2026-01-08T16:17:00.239243200Z","2026-01-08T16:17:00.292229100Z","","The data are aggregated by country of incorporations, use of proceeds, type of currency and type of issuers (nonfinancial corporations, other financial corporations, banks, state owned entities, sovereign, state and local governments and international organizations). Sovereign green bonds are green bonds issued by central governments and central banks. Compilation of the indicator is based on the methodology used by London Stock Exchange Group, and divergences may be observed when compared to data from other providers. 
The source dataset is based on LSEG (formerly Refinitiv), which contain bond-by-bond issuances for Green Bonds, Social Bonds, Sustainability Bonds, and Sustainability-Linked Bonds starting from 2006 to 2024. Bonds by type encompass investment grade, high-yield, and not-rated bonds, commercial papers, certificates of deposit, and sukuks. By issuer type, bonds encompass government, corporate, agency, non-US munis, and other gov/supra bonds.","Public (Unrestricted)","","Public or Unrestricted","","LSEG. Accessed on 2025-02-24; IMF staff calculations.","© International Monetary Fund Copyright. All Rights Reserved. https://www.imf.org/external/terms.htm","International Monetary Fund. Green Bonds by Type of Currency,  https://data.imf.org/en/datasets/IMF.STA:ESG_FINANCE_CURRENCY. Accessed on [current date].","","","0.689126148"
"IMF.STA:ESG_FINANCE_CURRENCY(3.0.3)","G001.CSSBI_USD.RL.A","OBS_VALUE","World","Cumulative Sustainability Bond Issuances, US dollar","Romanian Leu","Annual","Units","","","","","","","International Monetary Fund (IMF)","Statistics Department (STA)","datahelp@imf.org","","","","","Environment and climate; Climate finance","","","English","2026-01-08T16:17:00.239243200Z","2026-01-08T16:17:00.292229100Z","","The data are aggregated by country of incorporations, use of proceeds, type of currency and type of issuers (nonfinancial corporations, other financial corporations, banks, state owned entities, sovereign, state and local governments and international organizations). Sovereign green bonds are green bonds issued by central governments and central banks. Compilation of the indicator is based on the methodology used by London Stock Exchange Group, and divergences may be observed when compared to data from other providers. 
The source dataset is based on LSEG (formerly Refinitiv), which contain bond-by-bond issuances for Green Bonds, Social Bonds, Sustainability Bonds, and Sustainability-Linked Bonds starting from 2006 to 2024. Bonds by type encompass investment grade, high-yield, and not-rated bonds, commercial papers, certificates of deposit, and sukuks. By issuer type, bonds encompass government, corporate, agency, non-US munis, and other gov/supra bonds.","Public (Unrestricted)","","Public or Unrestricted","","LSEG. Accessed on 2025-02-24; IMF staff calculations.","© International Monetary Fund Copyright. All Rights Reserved. https://www.imf.org/external/terms.htm","International Monetary Fund. Green Bonds by Type of Currency,  https://data.imf.org/en/datasets/IMF.STA:ESG_FINANCE_CURRENCY. Accessed on [current date].","","","0.317498597"
"IMF.STA:ESG_FINANCE_CURRENCY(3.0.3)","G001.CGBI_PT.PHIL15.A","OBS_VALUE","World","Cumulative Green Bond Issuances, Percent","Philippine Peso","Annual","Units","","","","","","","International Monetary Fund (IMF)","Statistics Department (STA)","datahelp@imf.org","","","","","Environment and climate; Climate finance","","","English","2026-01-08T16:17:00.239243200Z","2026-01-08T16:17:00.292229100Z","","The data are aggregated by country of incorporations, use of proceeds, type of currency and type of issuers (nonfinancial corporations, other financial corporations, banks, state owned entities, sovereign, state and local governments and international organizations). Sovereign green bonds are green bonds issued by central governments and central banks. Compilation of the indicator is based on the methodology used by London Stock Exchange Group, and divergences may be observed when compared to data from other providers. 
The source dataset is based on LSEG (formerly Refinitiv), which contain bond-by-bond issuances for Green Bonds, Social Bonds, Sustainability Bonds, and Sustainability-Linked Bonds starting from 2006 to 2024. Bonds by type encompass investment grade, high-yield, and not-rated bonds, commercial papers, certificates of deposit, and sukuks. By issuer type, bonds encompass government, corporate, agency, non-US munis, and other gov/supra bonds.","Public (Unrestricted)","","Public or Unrestricted","","LSEG. Accessed on 2025-02-24; IMF staff calculations.","© International Monetary Fund Copyright. All Rights Reserved. https://www.imf.org/external/terms.htm","International Monetary Fund. Green Bonds by Type of Currency,  https://data.imf.org/en/datasets/IMF.STA:ESG_FINANCE_CURRENCY. Accessed on [current date].","","","0.0308"
"IMF.STA:ESG_FINANCE_CURRENCY(3.0.3)","G001.CSBI_USD.JD.A","OBS_VALUE","World","Cumulative Social Bond Issuances, US dollar","Jamaican Dollar","Annual","Units","","","","","","","International Monetary Fund (IMF)","Statistics Department (STA)","datahelp@imf.org","","","","","Environment and climate; Climate finance","","","English","2026-01-08T16:17:00.239243200Z","2026-01-08T16:17:00.292229100Z","","The data are aggregated by country of incorporations, use of proceeds, type of currency and type of issuers (nonfinancial corporations, other financial corporations, banks, state owned entities, sovereign, state and local governments and international organizations). Sovereign green bonds are green bonds issued by central governments and central banks. Compilation of the indicator is based on the methodology used by London Stock Exchange Group, and divergences may be observed when compared to data from other providers. 
The source dataset is based on LSEG (formerly Refinitiv), which contain bond-by-bond issuances for Green Bonds, Social Bonds, Sustainability Bonds, and Sustainability-Linked Bonds starting from 2006 to 2024. Bonds by type encompass investment grade, high-yield, and not-rated bonds, commercial papers, certificates of deposit, and sukuks. By issuer type, bonds encompass government, corporate, agency, non-US munis, and other gov/supra bonds.","Public (Unrestricted)","","Public or Unrestricted","","LSEG. Accessed on 2025-02-24; IMF staff calculations.","© International Monetary Fund Copyright. All Rights Reserved. https://www.imf.org/external/terms.htm","International Monetary Fund. Green Bonds by Type of Currency,  https://data.imf.org/en/datasets/IMF.STA:ESG_FINANCE_CURRENCY. Accessed on [current date].","","","0.005101715"
"IMF.STA:ESG_FINANCE_CURRENCY(3.0.3)","G001.CGBI_PT.RL.A","OBS_VALUE","World","Cumulative Green Bond Issuances, Percent","Romanian Leu","Annual","Units","","","","","","","International Monetary Fund (IMF)","Statistics Department (STA)","datahelp@imf.org","","","","","Environment and climate; Climate finance","","","English","2026-01-08T16:17:00.239243200Z","2026-01-08T16:17:00.292229100Z","","The data are aggregated by country of incorporations, use of proceeds, type of currency and type of issuers (nonfinancial corporations, other financial corporations, banks, state owned entities, sovereign, state and local governments and international organizations). Sovereign green bonds are green bonds issued by central governments and central banks. Compilation of the indicator is based on the methodology used by London Stock Exchange Group, and divergences may be observed when compared to data from other providers. 
The source dataset is based on LSEG (formerly Refinitiv), which contain bond-by-bond issuances for Green Bonds, Social Bonds, Sustainability Bonds, and Sustainability-Linked Bonds starting from 2006 to 2024. Bonds by type encompass investment grade, high-yield, and not-rated bonds, commercial papers, certificates of deposit, and sukuks. By issuer type, bonds encompass government, corporate, agency, non-US munis, and other gov/supra bonds.","Public (Unrestricted)","","Public or Unrestricted","","LSEG. Accessed on 2025-02-24; IMF staff calculations.","© International Monetary Fund Copyright. All Rights Reserved. https://www.imf.org/external/terms.htm","International Monetary Fund. Green Bonds by Type of Currency,  https://data.imf.org/en/datasets/IMF.STA:ESG_FINANCE_CURRENCY. Accessed on [current date].","","","0.0208"
"IMF.STA:ESG_FINANCE_CURRENCY(3.0.3)","G001.CSBI_PT.CANA15.A","OBS_VALUE","World","Cumulative Social Bond Issuances, Percent","Canadian Dollar","Annual","Units","","","","","","","International Monetary Fund (IMF)","Statistics Department (STA)","datahelp@imf.org","","","","","Environment and climate; Climate finance","","","English","2026-01-08T16:17:00.239243200Z","2026-01-08T16:17:00.292229100Z","","The data are aggregated by country of incorporations, use of proceeds, type of currency and type of issuers (nonfinancial corporations, other financial corporations, banks, state owned entities, sovereign, state and local governments and international organizations). Sovereign green bonds are green bonds issued by central governments and central banks. Compilation of the indicator is based on the methodology used by London Stock Exchange Group, and divergences may be observed when compared to data from other providers. 
The source dataset is based on LSEG (formerly Refinitiv), which contain bond-by-bond issuances for Green Bonds, Social Bonds, Sustainability Bonds, and Sustainability-Linked Bonds starting from 2006 to 2024. Bonds by type encompass investment grade, high-yield, and not-rated bonds, commercial papers, certificates of deposit, and sukuks. By issuer type, bonds encompass government, corporate, agency, non-US munis, and other gov/supra bonds.","Public (Unrestricted)","","Public or Unrestricted","","LSEG. Accessed on 2025-02-24; IMF staff calculations.","© International Monetary Fund Copyright. All Rights Reserved. https://www.imf.org/external/terms.htm","International Monetary Fund. Green Bonds by Type of Currency,  https://data.imf.org/en/datasets/IMF.STA:ESG_FINANCE_CURRENCY. Accessed on [current date].","","","0.74994018"
"IMF.STA:ESG_FINANCE_CURRENCY(3.0.3)","G001.CGBI_PT.SOUT18.A","OBS_VALUE","World","Cumulative Green Bond Issuances, Percent","South African Rand","Annual","Units","","","","","","","International Monetary Fund (IMF)","Statistics Department (STA)","datahelp@imf.org","","","","","Environment and climate; Climate finance","","","English","2026-01-08T16:17:00.239243200Z","2026-01-08T16:17:00.292229100Z","","The data are aggregated by country of incorporations, use of proceeds, type of currency and type of issuers (nonfinancial corporations, other financial corporations, banks, state owned entities, sovereign, state and local governments and international organizations). Sovereign green bonds are green bonds issued by central governments and central banks. Compilation of the indicator is based on the methodology used by London Stock Exchange Group, and divergences may be observed when compared to data from other providers. 
The source dataset is based on LSEG (formerly Refinitiv), which contain bond-by-bond issuances for Green Bonds, Social Bonds, Sustainability Bonds, and Sustainability-Linked Bonds starting from 2006 to 2024. Bonds by type encompass investment grade, high-yield, and not-rated bonds, commercial papers, certificates of deposit, and sukuks. By issuer type, bonds encompass government, corporate, agency, non-US munis, and other gov/supra bonds.","Public (Unrestricted)","","Public or Unrestricted","","LSEG. Accessed on 2025-02-24; IMF staff calculations.","© International Monetary Fund Copyright. All Rights Reserved. https://www.imf.org/external/terms.htm","International Monetary Fund. Green Bonds by Type of Currency,  https://data.imf.org/en/datasets/IMF.STA:ESG_FINANCE_CURRENCY. Accessed on [current date].","","","0.0902"
"IMF.STA:ESG_FINANCE_CURRENCY(3.0.3)","G001.CGBI_PT.FJD3.A","OBS_VALUE","World","Cumulative Green Bond Issuances, Percent","Fijian Dollar","Annual","Units","","","","","","","International Monetary Fund (IMF)","Statistics Department (STA)","datahelp@imf.org","","","","","Environment and climate; Climate finance","","","English","2026-01-08T16:17:00.239243200Z","2026-01-08T16:17:00.292229100Z","","The data are aggregated by country of incorporations, use of proceeds, type of currency and type of issuers (nonfinancial corporations, other financial corporations, banks, state owned entities, sovereign, state and local governments and international organizations). Sovereign green bonds are green bonds issued by central governments and central banks. Compilation of the indicator is based on the methodology used by London Stock Exchange Group, and divergences may be observed when compared to data from other providers. 
The source dataset is based on LSEG (formerly Refinitiv), which contain bond-by-bond issuances for Green Bonds, Social Bonds, Sustainability Bonds, and Sustainability-Linked Bonds starting from 2006 to 2024. Bonds by type encompass investment grade, high-yield, and not-rated bonds, commercial papers, certificates of deposit, and sukuks. By issuer type, bonds encompass government, corporate, agency, non-US munis, and other gov/supra bonds.","Public (Unrestricted)","","Public or Unrestricted","","LSEG. Accessed on 2025-02-24; IMF staff calculations.","© International Monetary Fund Copyright. All Rights Reserved. https://www.imf.org/external/terms.htm","International Monetary Fund. Green Bonds by Type of Currency,  https://data.imf.org/en/datasets/IMF.STA:ESG_FINANCE_CURRENCY. Accessed on [current date].","","","0.00145"
